i,j,image_i,image_j,label_i,label_j,cosine_similarity,content_group_i,content_group_j,mutual_nn,exact,phash_hamming,thumbnail_rmse,log_aspect_ratio,perceptual_pass,perceptual_error,nd_level
1502,61129,train/0007/46dd3c94ae004c7f87672133853fba56.jpg,train/0303/bb5832dc03b547e28c45c5450a434d94.jpg,7,303,0.9963563084602356,935df0c1e22bfe8d2b855ff011691a5152be3c2a0646cad45764cbf72e4c2399,5df1894c73bd976da1afdbc221fc747910088b3e345a2823e39a2670c8c15629,True,False,0,0.0011320593766868114,0.0,True,,strong
1681,49012,train/0007/fd9846e8db194586bb63537fdee0845a.jpg,train/0243/60e71b9be1244bedbc8f8f7c90f854b1.jpg,7,243,0.9955679178237915,787bdda5e4974fcb596bd6ba3449d14db23b7146b2b797af0c61faaac2a86ad3,5b58a94662c7b3ecd92921ab2261706f0de185be769ea395172eef59dbfbb190,True,False,0,0.0014150741044431925,0.0006251953939183611,True,,strong
1984,80477,train/0009/3fee9dd183f44aa980d70e00bfc42dbb.jpg,train/0403/8d7672f17f2b4d10be816a28dbddc10b.jpg,9,403,0.9976304173469543,07910553d2412733dcf64822b451e873cd3d568c1d4334b83c47035d7c8b5c0f,50df4698e36a59f043ea10e828c56a2ee5d87a299a2e3bcbb4c99cb73096f149,True,False,0,0.0010589446173980832,0.0005331911616587351,True,,strong
3009,72419,train/0014/da7aae01d83140c7801b2add36570c13.jpg,train/0363/08d8fe92378a48d6999d98b87cf6eed1.jpg,14,363,0.9955625534057617,8063b051505e224a495bf25aba21b4489b25bacc92c27a12c63192f152f5db67,17fa1037dda40b10baa4d835363e07eb3db992ba72f3d6e983b95ca8f9f7cf03,True,False,0,0.004149812273681164,0.0,True,,strong
4676,11802,train/0023/a6a0c8267f774e71a32ab684803977e9.jpg,train/0059/aa8ab571437645b09bc6959e9d36ec19.jpg,23,59,0.9989098906517029,b09b2bdd714dbd21689f55e31f83af145df30cccb22adb99b99b8ecc6b7bd2e6,5d90711ba86b21c910ac6484a355d6ec94962569a519fec966ce5fbba45af4b9,True,False,0,0.0016134328907355666,0.0,True,,strong
4690,11851,train/0023/bda9f255d4964a3986ff3542660b04b0.jpg,train/0059/d7f025651cf24b5fac545a69c200f418.jpg,23,59,0.9989098906517029,5d90711ba86b21c910ac6484a355d6ec94962569a519fec966ce5fbba45af4b9,b09b2bdd714dbd21689f55e31f83af145df30cccb22adb99b99b8ecc6b7bd2e6,True,False,0,0.0016134328907355666,0.0,True,,strong
4866,133076,train/0024/8827537673aa4719979f10e1ae9860a2.jpg,train/0667/fbe090be149749e28226de36f5679d42.jpg,24,667,0.9909756779670715,ead06b28ed86891fe93b1c73834a6d72d30c85c1b3af6d4cd867fb42baeb9673,5a891704c2852208a86b8b10ae89c3f1052882601d86bc4d056070d48bfc2afa,True,False,4,0.015595375560224056,0.0,True,,medium
4866,95424,train/0024/8827537673aa4719979f10e1ae9860a2.jpg,train/0478/9119e6ff634a487aab82760e96bfdfcb.jpg,24,478,0.9904637336730957,ead06b28ed86891fe93b1c73834a6d72d30c85c1b3af6d4cd867fb42baeb9673,e835996f126da76fca1ffcb07feac17a50a8ffd8adf431d037ee1a0637a64dbd,True,False,6,0.023783350363373756,0.0,True,,medium
5657,110003,train/0028/3b88c3cef0bf4b92b7c664ff6a974d93.jpg,train/0550/9ad973aee5ac4770a2b77ee86fb61faa.jpg,28,550,0.9916146993637085,9898934cd4dc6ae187ae09a480b2a410803a397e2a848adfa2bebd1decbb9e72,08df183da46f690b2068afea526b850dd30023dded0635e737ede19a039657c9,True,False,8,0.05891893431544304,0.0,False,,medium
5688,53352,train/0028/63aa535f0905412a9f65d4078ae13c84.jpg,train/0264/a0bbe3f42fb449f9a33aba32ab2a160d.jpg,28,264,0.9935379028320312,0caf21f4b4beefa3fba80d63130ff64c14ae4fd1ece27e79c4858bae5fa9b21a,d8b36846418b8cdaf1ad3f5bcbb4cff6c220c71fca7aa5bb434e98d71caba85d,True,False,0,0.002523438772186637,0.0,True,,medium
5766,109989,train/0028/b60ab93c95a749edad5609e0dc1209b6.jpg,train/0550/8538ae17a51447dc97dcef79fa9adc26.jpg,28,550,0.993175745010376,6d4f46a2948b1f92fe3229dcdc00d8a44dbf11fea9f265185c0da67f891af93e,025453b3b69d82156fe83ff9aa81d95fc47ded1cfa9aa5a93b749caa466f0720,True,False,4,0.04129156470298767,0.0,True,,medium
6356,66199,train/0031/c94f7d10f51d4653801a1c8efbfd6d0d.jpg,train/0331/61e1ee79346740f59d6fca3544c970b4.jpg,31,331,0.9918748140335083,c681f22d97466fbe1f51da2c91c407a1b266fd89075c083e9ada54a9c0f8082a,fd45194f65b90a5cca109e47d902fcaa2ada57ab7c37f9ddac343e3ad31697d9,True,False,24,0.18502061069011688,0.0,False,,medium
6356,146925,train/0031/c94f7d10f51d4653801a1c8efbfd6d0d.jpg,train/0740/f3f62449a3574231bb81ae1ceedebcc7.jpg,31,740,0.9901651740074158,c681f22d97466fbe1f51da2c91c407a1b266fd89075c083e9ada54a9c0f8082a,6433099e17de048ad3defe1e02dd854efbacb96331fc9417e29830cb1ad8b5c7,True,False,8,0.10536212474107742,0.0,False,,medium
7859,88654,train/0039/4d713018612840efbba79b4edc82e9fa.jpg,train/0446/5d7a9a78d4144730b6843b5f05bafb6e.jpg,39,446,0.9986306428909302,84d707fb9c9a8e2f0738b9f589f634072eeacdb18780efbcdae928719fc087dc,a86c92b7bcea1778eda9b3d6cf712fc31808540a9c46d1b8725082d26787d44b,True,False,0,0.0028407415375113487,0.0001108456650269299,True,,strong
7871,88698,train/0039/6079d32e5ba7488a95231b2c4289fcc2.jpg,train/0446/8b61e5d42f454411b953cae61d7ddfc4.jpg,39,446,0.9909487366676331,a00a4ecf08d7f04731006abf0ed6813dd85f366da621c6bacb4cf06b103e5556,93a0f2f11eaa1a580860c33655a33cdb321763cf8627404b283be2cdb2ac0a43,True,False,2,0.006303040310740471,0.0030370501574968787,True,,medium
8430,109908,train/0042/41d7e2db17e848978410d859b2b1edb6.jpg,train/0550/09a2c31694204324808e13e014c4ebf3.jpg,42,550,0.9946149587631226,b35ab44e602a25ad5aad9ac06573a220821a5f08575e87b01fa9e6470d859f3a,747d2fa451c12a4f9a13f012e2daac3763a356b37f5e07a94bebc668ca28212c,True,False,0,0.0017331051640212536,0.002002002670672968,True,,medium
10353,82727,train/0052/5316548c622e4866bd5891365a7eadca.jpg,train/0416/ce936f83c2d34b8ea9031bad60405150.jpg,52,416,0.9957090616226196,9f438f496aa4a2e3a4d4c5488cb3a0d8fb3949cbeb3d6f0799a033c7a4b6ad80,112c55c3e60d2d2fc9c83b43218ff58e1343476725ed26883314d958d3573b28,True,False,0,0.0010776885319501162,0.0,True,,strong
10646,14486,train/0053/b24ef15c9a444d5290adb0a8f16679b0.jpg,train/0072/69c29e1a41784273a67dc1866a7e2079.jpg,53,72,1.0000001192092896,a2807889ddf162620aafe4ef244dc0da1a43e107f6f113576ba6e7dd4acc4740,74ec9ba3f42cf5bdd3097b5024a29e14def97f90ac930bc03fd10840143e78ef,True,False,0,0.0,0.20479441264601306,False,,medium
10646,25378,train/0053/b24ef15c9a444d5290adb0a8f16679b0.jpg,train/0126/f988963a67564f5aa103d546a10f33a0.jpg,53,126,1.0000001192092896,a2807889ddf162620aafe4ef244dc0da1a43e107f6f113576ba6e7dd4acc4740,0de10ae135ff89debbd09dc0829746a23060c28688dedbc2227f0d9db528cffc,True,False,0,0.0,1.0986122886681098,False,,medium
10646,28659,train/0053/b24ef15c9a444d5290adb0a8f16679b0.jpg,train/0142/e01db92babc84eff9256f95ee822b52d.jpg,53,142,1.0000001192092896,a2807889ddf162620aafe4ef244dc0da1a43e107f6f113576ba6e7dd4acc4740,ca040ae885227cebdf697c5ae2c16452275b399859ad080800f3a8504bd6bf54,True,False,0,0.0,1.3049487216659381,False,,medium
10646,50444,train/0053/b24ef15c9a444d5290adb0a8f16679b0.jpg,train/0250/2217f2cb6b83448fb266234dfcb29378.jpg,53,250,1.0000001192092896,a2807889ddf162620aafe4ef244dc0da1a43e107f6f113576ba6e7dd4acc4740,700f2b9db55bb87c452e3e4a749d45fe9b4ccdd25d92d6d268b7dd7be41cef4f,True,False,0,0.0,0.8297502755430988,False,,medium
10646,50481,train/0053/b24ef15c9a444d5290adb0a8f16679b0.jpg,train/0250/5852a39d55584c29906b5c1e324156f9.jpg,53,250,1.0000001192092896,a2807889ddf162620aafe4ef244dc0da1a43e107f6f113576ba6e7dd4acc4740,700f2b9db55bb87c452e3e4a749d45fe9b4ccdd25d92d6d268b7dd7be41cef4f,True,False,0,0.0,0.8297502755430988,False,,medium
10646,50506,train/0053/b24ef15c9a444d5290adb0a8f16679b0.jpg,train/0250/7ae40aac6f6045548f29d8b2a25573bf.jpg,53,250,1.0000001192092896,a2807889ddf162620aafe4ef244dc0da1a43e107f6f113576ba6e7dd4acc4740,e4b33521b2b121b11fa01291b9d67dc9286df5751d31d4842f89ea4fc215a643,True,False,0,0.0,0.7343901390939943,False,,medium
10646,50581,train/0053/b24ef15c9a444d5290adb0a8f16679b0.jpg,train/0250/e196c4361342418c88724d9ce86b3d6a.jpg,53,250,1.0000001192092896,a2807889ddf162620aafe4ef244dc0da1a43e107f6f113576ba6e7dd4acc4740,1b022f9d16874a57dcb2313b41addd885182abefb15d7c3b698d4cbeb81c9e65,True,False,0,0.0,0.850285166566939,False,,medium
10646,94310,train/0053/b24ef15c9a444d5290adb0a8f16679b0.jpg,train/0473/0c78aaab588747b2b0b54be348ab6f70.jpg,53,473,1.0000001192092896,a2807889ddf162620aafe4ef244dc0da1a43e107f6f113576ba6e7dd4acc4740,6db0a543aa0b02d9f7f191893febeba1b6283de618e3396cdc4adb24c8b6c4a0,True,False,0,0.0,1.3776512649638706,False,,medium
10646,94486,train/0053/b24ef15c9a444d5290adb0a8f16679b0.jpg,train/0473/cd86d697d50142a49bd7a1d95559dbd4.jpg,53,473,1.0000001192092896,a2807889ddf162620aafe4ef244dc0da1a43e107f6f113576ba6e7dd4acc4740,b17b5092f3aaf9267e9152c07a800ba62530c3f164674313f028fdc589dee370,True,False,0,0.0,1.377444745842908,False,,medium
10646,94497,train/0053/b24ef15c9a444d5290adb0a8f16679b0.jpg,train/0473/dd7534f9a86440f19b823166abd301ba.jpg,53,473,1.0000001192092896,a2807889ddf162620aafe4ef244dc0da1a43e107f6f113576ba6e7dd4acc4740,e8ca4f39cacc41f86631b3f597944f3b5ec2b12b8c90101b012e60b9721a27e6,True,False,0,0.0,1.3777972308659443,False,,medium
11414,103593,train/0057/7aaab71166f14759aad6a8ec43456ed3.jpg,train/0519/896fa576802747dc85810cd4ea1602cb.jpg,57,519,0.9947898983955383,90ef706a092bc12f3745b5f210e223f4c62912d29364c3d4f3ce03d20c05f09a,7d672c43e764ee5b07be467ed9f2424bbd014284aec3cce24712a51b9547d0a1,True,False,0,0.0023847254924476147,0.0,True,,medium
11484,103605,train/0057/cb94ddbc7b9b47248ea1df75a143b304.jpg,train/0519/945737216f7143ab8308d7575cc2421c.jpg,57,519,0.9989570379257202,e480980c66ca31718e2b0a3b5541550df4a0c5b24479e0b0cb546d88623a70b6,ff6be603a9b67fd2b5a5850febc615e3125744ac8e48f7498b8498cefc8047aa,True,False,0,0.0013646482257172465,0.0,True,,strong
12558,48100,train/0063/663aee21521545a08a50f6922d4430ba.jpg,train/0238/ff3fbfbf82fe44bb833d6c567cdffc3f.jpg,63,238,0.9976035356521606,2554688c55655937756c9c00a7beb98b8953f324c03bfc3366373833c61579ae,469ba190ec66c3ab568c1c95d29b0e0f19b813dc91be546e56f93d28f81bcc78,True,False,2,0.0029275284614413977,0.0,True,,strong
13277,142622,train/0066/ef4dc695e4dc462a9c1dbd20bc5246e3.jpg,train/0718/f562dbede98043a28d732a6a6732afef.jpg,66,718,0.9916820526123047,a52c38b83a81b2e4ddf08082b680c07f759b86a5a6f84123de428a94c2624b30,76126f0bf750d026b9096cb138e8647f7347c18c7a48ae62d9e53300d6601b62,True,False,2,0.10794864594936371,0.0,False,,medium
13813,46777,train/0069/344f874188af406ea4fd13018dc5ca15.jpg,train/0232/84c83657a5984591a7effa668784698a.jpg,69,232,0.9900559186935425,92a576b9de4674149557f4336bd5d48aab74a5e117b86275ca3dea25393d06b2,184faaf021381d4047bd2e50df1b88f4a3d5b369824b12b1b2b334ec86393ec6,True,False,8,0.06729254871606827,0.0,False,,medium
14005,36429,train/0070/2134dce9b9e54580b1599cc65281b710.jpg,train/0181/05f5ef1e60fb42058350d1bb1724030d.jpg,70,181,0.9969558715820312,1d6573cdbc32002336f7b803655c10ef365e90f425493985c028b20d52cdc63b,86f63449c4320136f015e94ba5d07eeef65b2ef0f4d55dfea953bfb3d7770084,True,False,14,0.13086912035942078,0.0,False,,medium
14005,98146,train/0070/2134dce9b9e54580b1599cc65281b710.jpg,train/0492/3c0e412e10c2491e869291add1e6b267.jpg,70,492,0.9967883825302124,1d6573cdbc32002336f7b803655c10ef365e90f425493985c028b20d52cdc63b,c73bdf16958e7053a8aa429f5a620e6e480bc94c93200cbb3e1fed19d7b04c7f,True,False,22,0.1356438547372818,0.0,False,,medium
14005,140460,train/0070/2134dce9b9e54580b1599cc65281b710.jpg,train/0708/05476ebb2a0e43e6b8623ebeba422022.jpg,70,708,0.9948750734329224,1d6573cdbc32002336f7b803655c10ef365e90f425493985c028b20d52cdc63b,7869b59985920947714a3be54b173b669764e99b5bcd260dbaf90e7842d47d73,True,False,22,0.1629989743232727,0.0,False,,medium
14005,97329,train/0070/2134dce9b9e54580b1599cc65281b710.jpg,train/0488/1ec5d9b56c3847beb93c94d3d88efe8d.jpg,70,488,0.9947488307952881,1d6573cdbc32002336f7b803655c10ef365e90f425493985c028b20d52cdc63b,8af7c2bbfeec9531edbad35e6251cb2b0c6f610e51d36aa25eaa65dca0e0572c,True,False,28,0.1626826971769333,0.0,False,,medium
14005,66255,train/0070/2134dce9b9e54580b1599cc65281b710.jpg,train/0331/a654f4672f404c0c912d637bd56b601f.jpg,70,331,0.9945467710494995,1d6573cdbc32002336f7b803655c10ef365e90f425493985c028b20d52cdc63b,5e54a37076063f482840c5e8167a026fc3b2351968ff7515fda4d13329e58a2b,True,False,24,0.13939142227172852,0.0,False,,medium
14005,93091,train/0070/2134dce9b9e54580b1599cc65281b710.jpg,train/0467/81f0d7c78dd04e88a971b87a40d5b5cb.jpg,70,467,0.9941812753677368,1d6573cdbc32002336f7b803655c10ef365e90f425493985c028b20d52cdc63b,5a165bd7c1f2b6c66e27f107ab0a969e399afd9a264688ef0e89a3613bd2a687,True,False,24,0.1626884788274765,0.0,False,,medium
14005,104822,train/0070/2134dce9b9e54580b1599cc65281b710.jpg,train/0525/4cf34b2b71f14744a8a3c20befa28835.jpg,70,525,0.9932575225830078,1d6573cdbc32002336f7b803655c10ef365e90f425493985c028b20d52cdc63b,da7ad6d12579103552d30f093b260f06933f3f2066e92e5bfa243e2902c0e27a,True,False,14,0.13629545271396637,0.0,False,,medium
14486,25378,train/0072/69c29e1a41784273a67dc1866a7e2079.jpg,train/0126/f988963a67564f5aa103d546a10f33a0.jpg,72,126,1.0000001192092896,74ec9ba3f42cf5bdd3097b5024a29e14def97f90ac930bc03fd10840143e78ef,0de10ae135ff89debbd09dc0829746a23060c28688dedbc2227f0d9db528cffc,True,False,0,0.0,0.8938178760220965,False,,medium
14486,28659,train/0072/69c29e1a41784273a67dc1866a7e2079.jpg,train/0142/e01db92babc84eff9256f95ee822b52d.jpg,72,142,1.0000001192092896,74ec9ba3f42cf5bdd3097b5024a29e14def97f90ac930bc03fd10840143e78ef,ca040ae885227cebdf697c5ae2c16452275b399859ad080800f3a8504bd6bf54,True,False,0,0.0,1.100154309019925,False,,medium
14486,50444,train/0072/69c29e1a41784273a67dc1866a7e2079.jpg,train/0250/2217f2cb6b83448fb266234dfcb29378.jpg,72,250,1.0000001192092896,74ec9ba3f42cf5bdd3097b5024a29e14def97f90ac930bc03fd10840143e78ef,700f2b9db55bb87c452e3e4a749d45fe9b4ccdd25d92d6d268b7dd7be41cef4f,True,False,0,0.0,0.6249558628970855,False,,medium
14486,50481,train/0072/69c29e1a41784273a67dc1866a7e2079.jpg,train/0250/5852a39d55584c29906b5c1e324156f9.jpg,72,250,1.0000001192092896,74ec9ba3f42cf5bdd3097b5024a29e14def97f90ac930bc03fd10840143e78ef,700f2b9db55bb87c452e3e4a749d45fe9b4ccdd25d92d6d268b7dd7be41cef4f,True,False,0,0.0,0.6249558628970855,False,,medium
14486,50506,train/0072/69c29e1a41784273a67dc1866a7e2079.jpg,train/0250/7ae40aac6f6045548f29d8b2a25573bf.jpg,72,250,1.0000001192092896,74ec9ba3f42cf5bdd3097b5024a29e14def97f90ac930bc03fd10840143e78ef,e4b33521b2b121b11fa01291b9d67dc9286df5751d31d4842f89ea4fc215a643,True,False,0,0.0,0.5295957264479813,False,,medium
14486,50581,train/0072/69c29e1a41784273a67dc1866a7e2079.jpg,train/0250/e196c4361342418c88724d9ce86b3d6a.jpg,72,250,1.0000001192092896,74ec9ba3f42cf5bdd3097b5024a29e14def97f90ac930bc03fd10840143e78ef,1b022f9d16874a57dcb2313b41addd885182abefb15d7c3b698d4cbeb81c9e65,True,False,0,0.0,0.6454907539209257,False,,medium
14486,94310,train/0072/69c29e1a41784273a67dc1866a7e2079.jpg,train/0473/0c78aaab588747b2b0b54be348ab6f70.jpg,72,473,1.0000001192092896,74ec9ba3f42cf5bdd3097b5024a29e14def97f90ac930bc03fd10840143e78ef,6db0a543aa0b02d9f7f191893febeba1b6283de618e3396cdc4adb24c8b6c4a0,True,False,0,0.0,1.1728568523178575,False,,medium
14486,94486,train/0072/69c29e1a41784273a67dc1866a7e2079.jpg,train/0473/cd86d697d50142a49bd7a1d95559dbd4.jpg,72,473,1.0000001192092896,74ec9ba3f42cf5bdd3097b5024a29e14def97f90ac930bc03fd10840143e78ef,b17b5092f3aaf9267e9152c07a800ba62530c3f164674313f028fdc589dee370,True,False,0,0.0,1.172650333196895,False,,medium
14486,94497,train/0072/69c29e1a41784273a67dc1866a7e2079.jpg,train/0473/dd7534f9a86440f19b823166abd301ba.jpg,72,473,1.0000001192092896,74ec9ba3f42cf5bdd3097b5024a29e14def97f90ac930bc03fd10840143e78ef,e8ca4f39cacc41f86631b3f597944f3b5ec2b12b8c90101b012e60b9721a27e6,True,False,0,0.0,1.1730028182199312,False,,medium
16179,112094,train/0080/4157efb19d674364be8baaee07adf598.jpg,train/0561/f6163bb4faa1429ca4871e4c4306d535.jpg,80,561,0.993719756603241,cb5f0fe24d6ecf7cce7edca6ba47ea844825231e7eb26c5503e0c07496560315,e771dfe7f8f4b09c11de59de8ab1ef0f8649fc24dc8716343b32ab0fd487d8f8,True,False,16,0.24538256227970123,0.0,False,,medium
16430,63728,train/0081/53f0e3ea4c9e4c29a81649899127144c.jpg,train/0318/6842509b0f364277bc0a168f1c7e0dce.jpg,81,318,0.993196964263916,fba0f5507bee1cf723a78a385b449113592c03133637f529b60007832e87bbd8,d10cd5012d4fd0ea727e9fb68ed7c48249b1f6665aaa464ce238f1b95b987e9e,True,False,0,0.00173887237906456,0.0,True,,medium
16795,120285,train/0083/6407d06f4cf6403f901f0dbac7b39fa8.jpg,train/0603/6cc764b26aaa4ad8917f5702837076ce.jpg,83,603,0.9934804439544678,42efd4655b706fefef5861acf541ec5b2de80ea52a4717e7c2e150fc9fbd4a5d,d8736f96c4d5d91e6469c585ef8d44a7b243ddbaf6bbffe8b7dd736c9521cb71,True,False,0,0.001761753112077713,0.0,True,,medium
18400,96205,train/0091/b6de96b8f4af4d90bf84adfbd26b531b.jpg,train/0482/bd6b866e83dd440b86b7eac9b5d26b2b.jpg,91,482,0.992732584476471,fc85696ebaf83111b05d3a6a03f5c42e90eb3c14ee2ca69aba1130297cad39cd,578c0adbe10efeb175a23428b413afb931f90afc0ee63e32772f3f446e35d7bf,True,False,18,0.21859653294086456,0.0,False,,medium
18400,80197,train/0091/b6de96b8f4af4d90bf84adfbd26b531b.jpg,train/0402/4f727711d5a04b68bf01f4c2d96a029d.jpg,91,402,0.9904251098632812,fc85696ebaf83111b05d3a6a03f5c42e90eb3c14ee2ca69aba1130297cad39cd,562271a6268cc5f3a4fce0f84e14c90e550ee1f4f81f768b17341e1c2fc93b13,True,False,22,0.24597233533859253,0.0,False,,medium
20425,118697,train/0102/3ca2ff7e1a414b25a2fed0d74af1dac2.jpg,train/0595/d7835a39b2844b15a37c8e346cebf62c.jpg,102,595,0.9923912286758423,123886adacefc67b723a53e138ce9f302e47dd5c2062b3606ffa2c194b093c63,6715f068e9248e7cac0cc3b35c13eb32ea502afaa5ab17c15db061c547ed4814,True,False,32,0.025569414719939232,0.00020831466247202743,False,,medium
21287,53503,train/0106/5e754dc31b664e6db65d40c52582ab25.jpg,train/0265/6e3b9d3b94064842a85bd0abc6ff950f.jpg,106,265,0.9954808354377747,5f262aded33d83f6562287535e9ea1dbc0f9763aa43ec7c72696c41eb5384ca7,572f29db26d35431c16c50984460dad965e6cfd4ac82170aa1a3beceba37dd00,True,False,0,0.002060379134491086,0.0023121397583795024,True,,strong
21301,28280,train/0106/6a993cb91f834982805424425205324d.jpg,train/0141/191d189645ff43e0b4444ef836e35743.jpg,106,141,0.9957876205444336,8e03ec3b60a0f3b773f1f352408183d585a7d7a6274f2a139f502a45c8bff12d,675d4b4fb01bd0073395a3a78be62b90172d78275120ddc5494a2237592bca4c,True,False,0,0.0018286791164427996,0.0,True,,strong
21364,95424,train/0106/ae48f600b5824546b5ce3dc0beb029ef.jpg,train/0478/9119e6ff634a487aab82760e96bfdfcb.jpg,106,478,0.9906535148620605,0fc616c8d8c4bf800b72448a66e30a85eb47b608734801b0ec2235e496213f26,e835996f126da76fca1ffcb07feac17a50a8ffd8adf431d037ee1a0637a64dbd,True,False,4,0.029851693660020828,0.0,True,,medium
21390,134322,train/0106/d56da5858c364a4e9a953dccc3799989.jpg,train/0675/09dcc61faa34481382d5c4c0b4eee4a4.jpg,106,675,0.9989096522331238,16ff773530d62414ac46136f276dbd0d547cdacf9c7be007e52b771054a422c5,7c987e1a590cb17ca73dc5dd084f9867fee0ba05463345db850c8ba5eeb1d6d3,True,False,0,0.0010494469897821546,0.0,True,,strong
22255,106196,train/0111/02a2ae5d98434879aa2d51d3753714ae.jpg,train/0532/03b7b22abe7b4f4f8739964df1932949.jpg,111,532,0.9904924035072327,9ade9247855ae5a4d286c49ff05d026957fa88328ff16f6b09a4ff045368e2b5,9c1b1fde04122801309a1a8dfe531deb34c68a8a3334ec85a2346e2de33047b4,True,False,0,0.0013792436802759767,0.0012430082395968008,True,,medium
22702,63896,train/0112/f7dfca28aa474297b1cdcdbc0b7bceb6.jpg,train/0319/6cda5b46559246e6b7c511988f82eac0.jpg,112,319,0.996526300907135,e958555cdbe0c60b48fd957b780731d141c10d273e96ad128cb326c19169c09b,069e98f2fc1cce0270d277b181cf588bf684d8bae777a80f4da9b60b2af21ae5,True,False,0,0.016042223200201988,0.0012492194004319278,True,,strong
23649,49798,train/0118/6da339c5070d468fbee98b72b8f43ccf.jpg,train/0247/2ad504d70bb2485188a8332c713545fe.jpg,118,247,0.9991052746772766,e6c6f898cd077d00fe9ab53edf1ffff86aacf251b2a55c3a7245fc1befc5f0da,1ea2df6204a9549961b0e00b718ceae456122d5587ecf764458416e3e440b9d0,True,False,0,0.0010589446173980832,0.0,True,,strong
25076,145197,train/0125/bd87cf35b0c74a38913ce219034712b2.jpg,train/0731/f5f295777e6e4a41b9b660605a0ae791.jpg,125,731,0.9999679327011108,150948f3eb3014ca5840388379ad13ee4e92381104f7b3afdecccab6e105b31c,8e16cecb23c2a1d70507a4e7e911ab1dc5da30802dd3ec556e076a42fff49e75,True,False,0,0.0010301894508302212,0.0,True,,strong
25258,46820,train/0126/70e1c6fa421e43b0a04f026e6cca4437.jpg,train/0232/c35bc0891c184070bd03240fb3a6c856.jpg,126,232,0.9932860136032104,729a1bc5563c5994111f42b407a24e016ce165c775f89d297e349e276fc76d89,92196ff23f8c15d77d3bd0cb4eb847343eaa83a9c29795966b80eec895665a95,True,False,0,0.0012891938677057624,0.0,True,,medium
25258,144424,train/0126/70e1c6fa421e43b0a04f026e6cca4437.jpg,train/0728/5c727ac3151b446ebc257798f0826f23.jpg,126,728,0.9932860136032104,729a1bc5563c5994111f42b407a24e016ce165c775f89d297e349e276fc76d89,92196ff23f8c15d77d3bd0cb4eb847343eaa83a9c29795966b80eec895665a95,True,False,0,0.0012891938677057624,0.0,True,,medium
25378,28659,train/0126/f988963a67564f5aa103d546a10f33a0.jpg,train/0142/e01db92babc84eff9256f95ee822b52d.jpg,126,142,1.0000001192092896,0de10ae135ff89debbd09dc0829746a23060c28688dedbc2227f0d9db528cffc,ca040ae885227cebdf697c5ae2c16452275b399859ad080800f3a8504bd6bf54,True,False,0,0.0,0.2063364329978284,False,,medium
25378,50444,train/0126/f988963a67564f5aa103d546a10f33a0.jpg,train/0250/2217f2cb6b83448fb266234dfcb29378.jpg,126,250,1.0000001192092896,0de10ae135ff89debbd09dc0829746a23060c28688dedbc2227f0d9db528cffc,700f2b9db55bb87c452e3e4a749d45fe9b4ccdd25d92d6d268b7dd7be41cef4f,True,False,0,0.0,0.2688620131250111,False,,medium
25378,50481,train/0126/f988963a67564f5aa103d546a10f33a0.jpg,train/0250/5852a39d55584c29906b5c1e324156f9.jpg,126,250,1.0000001192092896,0de10ae135ff89debbd09dc0829746a23060c28688dedbc2227f0d9db528cffc,700f2b9db55bb87c452e3e4a749d45fe9b4ccdd25d92d6d268b7dd7be41cef4f,True,False,0,0.0,0.2688620131250111,False,,medium
25378,50506,train/0126/f988963a67564f5aa103d546a10f33a0.jpg,train/0250/7ae40aac6f6045548f29d8b2a25573bf.jpg,126,250,1.0000001192092896,0de10ae135ff89debbd09dc0829746a23060c28688dedbc2227f0d9db528cffc,e4b33521b2b121b11fa01291b9d67dc9286df5751d31d4842f89ea4fc215a643,True,False,0,0.0,0.36422214957411536,False,,medium
25378,50581,train/0126/f988963a67564f5aa103d546a10f33a0.jpg,train/0250/e196c4361342418c88724d9ce86b3d6a.jpg,126,250,1.0000001192092896,0de10ae135ff89debbd09dc0829746a23060c28688dedbc2227f0d9db528cffc,1b022f9d16874a57dcb2313b41addd885182abefb15d7c3b698d4cbeb81c9e65,True,False,0,0.0,0.24832712210117075,False,,medium
25378,94310,train/0126/f988963a67564f5aa103d546a10f33a0.jpg,train/0473/0c78aaab588747b2b0b54be348ab6f70.jpg,126,473,1.0000001192092896,0de10ae135ff89debbd09dc0829746a23060c28688dedbc2227f0d9db528cffc,6db0a543aa0b02d9f7f191893febeba1b6283de618e3396cdc4adb24c8b6c4a0,True,False,0,0.0,0.279038976295761,False,,medium
25378,94486,train/0126/f988963a67564f5aa103d546a10f33a0.jpg,train/0473/cd86d697d50142a49bd7a1d95559dbd4.jpg,126,473,1.0000001192092896,0de10ae135ff89debbd09dc0829746a23060c28688dedbc2227f0d9db528cffc,b17b5092f3aaf9267e9152c07a800ba62530c3f164674313f028fdc589dee370,True,False,0,0.0,0.27883245717479826,False,,medium
25378,94497,train/0126/f988963a67564f5aa103d546a10f33a0.jpg,train/0473/dd7534f9a86440f19b823166abd301ba.jpg,126,473,1.0000001192092896,0de10ae135ff89debbd09dc0829746a23060c28688dedbc2227f0d9db528cffc,e8ca4f39cacc41f86631b3f597944f3b5ec2b12b8c90101b012e60b9721a27e6,True,False,0,0.0,0.2791849421978347,False,,medium
25539,140316,train/0127/a63c8e6a96ed4892a3e4a97a37d22e5c.jpg,train/0707/682ee5c39067409c999829bced366b3b.jpg,127,707,0.9911567568778992,b3ea25de7a9b3f620af7908258efbf40ad44e18ec654b5e2ba7915312c9ca584,3dd9d7c766280cb6f97b7c47aa3eee4a930c46ff61305f90ba74f55ff4476bd8,True,False,12,0.09946008026599884,0.0,False,,medium
25539,79754,train/0127/a63c8e6a96ed4892a3e4a97a37d22e5c.jpg,train/0400/1debe0e17f0b45749668fcabcbbd1c0c.jpg,127,400,0.9908760786056519,b3ea25de7a9b3f620af7908258efbf40ad44e18ec654b5e2ba7915312c9ca584,2317d70529c642f25fdc4dae36d952b591df1fe32d5d24ae691cefe765cb9d56,True,False,12,0.12783336639404297,0.0,False,,medium
26160,43867,train/0130/dce8415115234d72b81591748ffbf410.jpg,train/0218/0332e001aa654e4694022c4d975d6812.jpg,130,218,0.9994587302207947,23f52acac1f6f862532f335c57015fda540570605764c58d3dac8258c62c2d76,6947181387e2a45722d5089083bffb75fa2f4ca471cab3cdf51d25bdce532f3f,True,False,0,0.0007750681252218783,0.0,True,,strong
26914,109278,train/0134/54a774b86db143ac9dd2e59ad9bf6b79.jpg,train/0546/d2cd3d116e0a4fdebf1eb2c5122a3d6d.jpg,134,546,0.9901630282402039,3851cbff38406ea46d18d76af9c6615c19c360d1d607609d048385e9b3544b5d,2164d6130c981092009a0c2cbbfb77633faa80772b6cfc44bbfcae05699c36e3,True,False,0,0.0016743384767323732,0.0,True,,medium
28328,146030,train/0141/65980f8240f04a759aaef259e764df5d.jpg,train/0735/fb24b483bedb4054b886a45bce707a47.jpg,141,735,0.9938113689422607,faabf8559e7fc5781366ac6e0536f6f0b3039b03b9fceb85612f8327feab56da,3ab92c8c96227d5024087e775c6ec7a8a487060e724bb342e5ec3f29d108cb02,True,False,4,0.017354140058159828,0.0,True,,medium
28402,104991,train/0141/d13412eefe7b4998aecfc8ef93b9d838.jpg,train/0525/f52e64b6ab12460888ca3ffbbbec337b.jpg,141,525,0.9916462898254395,11dbbbcc506b2a3fcfdae24dd7742be2111571f7bee76e128777068bb29ceed1,5ae00b4931d039ab140ea2a000d8354a7308ceb3959c1c90033cbc20cc43e1d8,True,False,2,0.023344865068793297,0.0,True,,medium
28402,146798,train/0141/d13412eefe7b4998aecfc8ef93b9d838.jpg,train/0740/39ccce38ca014e89910fc4472dbfa11b.jpg,141,740,0.9909554719924927,11dbbbcc506b2a3fcfdae24dd7742be2111571f7bee76e128777068bb29ceed1,47532c1152356d5fe489afaa520db7d8a3637672cd261f84d1f019b3c8ec15aa,True,False,2,0.029635250568389893,0.0,True,,medium
28659,50444,train/0142/e01db92babc84eff9256f95ee822b52d.jpg,train/0250/2217f2cb6b83448fb266234dfcb29378.jpg,142,250,1.0000001192092896,ca040ae885227cebdf697c5ae2c16452275b399859ad080800f3a8504bd6bf54,700f2b9db55bb87c452e3e4a749d45fe9b4ccdd25d92d6d268b7dd7be41cef4f,True,False,0,0.0,0.47519844612283957,False,,medium
28659,50481,train/0142/e01db92babc84eff9256f95ee822b52d.jpg,train/0250/5852a39d55584c29906b5c1e324156f9.jpg,142,250,1.0000001192092896,ca040ae885227cebdf697c5ae2c16452275b399859ad080800f3a8504bd6bf54,700f2b9db55bb87c452e3e4a749d45fe9b4ccdd25d92d6d268b7dd7be41cef4f,True,False,0,0.0,0.47519844612283957,False,,medium
28659,50506,train/0142/e01db92babc84eff9256f95ee822b52d.jpg,train/0250/7ae40aac6f6045548f29d8b2a25573bf.jpg,142,250,1.0000001192092896,ca040ae885227cebdf697c5ae2c16452275b399859ad080800f3a8504bd6bf54,e4b33521b2b121b11fa01291b9d67dc9286df5751d31d4842f89ea4fc215a643,True,False,0,0.0,0.5705585825719438,False,,medium
28659,50581,train/0142/e01db92babc84eff9256f95ee822b52d.jpg,train/0250/e196c4361342418c88724d9ce86b3d6a.jpg,142,250,1.0000001192092896,ca040ae885227cebdf697c5ae2c16452275b399859ad080800f3a8504bd6bf54,1b022f9d16874a57dcb2313b41addd885182abefb15d7c3b698d4cbeb81c9e65,True,False,0,0.0,0.45466355509899914,False,,medium
28659,94310,train/0142/e01db92babc84eff9256f95ee822b52d.jpg,train/0473/0c78aaab588747b2b0b54be348ab6f70.jpg,142,473,1.0000001192092896,ca040ae885227cebdf697c5ae2c16452275b399859ad080800f3a8504bd6bf54,6db0a543aa0b02d9f7f191893febeba1b6283de618e3396cdc4adb24c8b6c4a0,True,False,0,0.0,0.0727025432979326,False,,medium
28659,94486,train/0142/e01db92babc84eff9256f95ee822b52d.jpg,train/0473/cd86d697d50142a49bd7a1d95559dbd4.jpg,142,473,1.0000001192092896,ca040ae885227cebdf697c5ae2c16452275b399859ad080800f3a8504bd6bf54,b17b5092f3aaf9267e9152c07a800ba62530c3f164674313f028fdc589dee370,True,False,0,0.0,0.0724960241769699,False,,medium
28659,94497,train/0142/e01db92babc84eff9256f95ee822b52d.jpg,train/0473/dd7534f9a86440f19b823166abd301ba.jpg,142,473,1.0000001192092896,ca040ae885227cebdf697c5ae2c16452275b399859ad080800f3a8504bd6bf54,e8ca4f39cacc41f86631b3f597944f3b5ec2b12b8c90101b012e60b9721a27e6,True,False,0,0.0,0.07284850920000632,False,,medium
29001,96143,train/0144/b6b2a870d31f4a71bd6e0c2b425b3740.jpg,train/0482/7ca20ce016064d569bdaa44435ec1046.jpg,144,482,0.9954573512077332,4a9e476642029cb2c1e6d1afa4a6d9cad5bb0bcda41632821da73f40d37d54ad,9910b601df6f039ad1a854e45e584d5a737838926da0e33c4b02d660d684ed20,True,False,18,0.17170338332653046,0.0,False,,medium
31427,93014,train/0157/7b403fb414d04b9fa088c7e493b3fbd7.jpg,train/0467/1a0e7cbe8a964535b9db3d286cd3070d.jpg,157,467,0.9915731549263,cee1988fd15f2b4ea7570b9e7dcdb3a9300cb15c95801d5ebf17d57c8dea7056,59381e63717428b796e2453d1e32e569d85aa65b655f6b2bfc6b3478f59c8e7d,True,False,18,0.11679822951555252,0.0,False,,medium
31427,98116,train/0157/7b403fb414d04b9fa088c7e493b3fbd7.jpg,train/0492/1d5640eee4d14675a3e98985df4819f3.jpg,157,492,0.9915731549263,cee1988fd15f2b4ea7570b9e7dcdb3a9300cb15c95801d5ebf17d57c8dea7056,59381e63717428b796e2453d1e32e569d85aa65b655f6b2bfc6b3478f59c8e7d,True,False,18,0.11679822951555252,0.0,False,,medium
31427,126087,train/0157/7b403fb414d04b9fa088c7e493b3fbd7.jpg,train/0632/1d0d91aa398f4327a85fdd859e245ee1.jpg,157,632,0.9910199642181396,cee1988fd15f2b4ea7570b9e7dcdb3a9300cb15c95801d5ebf17d57c8dea7056,3811b597fca2e8423b2ad752baa897a07fa65d30d26c2c8b58319fc20d9f0e3d,True,False,22,0.10412724316120148,0.0,False,,medium
32637,63539,train/0163/2e1bec18466b4a6da42135119c29a401.jpg,train/0317/0bfbc6bb334d442fb408c9279827ecba.jpg,163,317,0.9939471483230591,d8552fbec6bed2019da046d49207b5f3266937cfe76593d0bb08050763fb3df8,583b1af92ac52a8fb58cded885ba8852798ceaa3b6573fa53a77d3e50a97bac6,True,False,12,0.07388733327388763,0.08452866601407345,False,,medium
34657,77028,train/0172/6b413135cf704ce0bdaac64e30475ef7.jpg,train/0386/33bcd9ac53b94b9d95c2c6137ba13ba4.jpg,172,386,0.9994568228721619,b93a6ff57d2dcbc4a796142166c477e18defac4eff557118005a261b7e471037,7e96879c0d887f88e9d32e3dbfc654bcc63e38e1495c4804e5e7ff81c53cb593,True,False,0,0.0011496116640046239,0.0,True,,strong
34822,118200,train/0173/25ea91506033416e980daae6df6e4363.jpg,train/0593/905d97d8af10408db090c5730c8cccb6.jpg,173,593,0.9944560527801514,f7fc0f13cec7479fa489b16cf6c1c0c6f47bf76f45c2727a4971a7b04fe17fbc,944917b0053caccc951e8976b58954b9178ba7edffbc7bfe6c717864d60222f5,True,False,0,0.009084071032702923,0.015113637810048106,True,,medium
35656,117232,train/0177/632441cd2aca4f69ab2b39d6665931f7.jpg,train/0587/b408272838544702ba97d84928eb02d6.jpg,177,587,0.9903480410575867,5df075b52337c9a74696ecee69be72b81ccfe677a121ddffd616d8526448d32f,8b00b621a58578cdd6cc21bd64696095ef428dc4655f2891716093fb4159f56f,True,False,4,0.06931480765342712,0.0,True,,medium
35730,117142,train/0177/ac3b4f94062946df9a8cfa3ab0e3112f.jpg,train/0587/4fa3e588ec8b4a7c8906fc993e011313.jpg,177,587,0.9940943717956543,13e5277038e1c177d9f0f9329a2eea80f47ec8d43c585660920f57a4cfd2dde7,df568e1c1d1bd57a6018c2d988a193a4f4f9460527c1d1bd09aa4a68f8c329f3,True,False,2,0.01087583601474762,0.0,True,,medium
36038,49877,train/0179/4dcfe1e1a7314f1eab6cef9af8da8160.jpg,train/0247/7dcb2d29263b416b9dc600ef12551a97.jpg,179,247,0.994750440120697,53263321bb5c3e2e20ff51be04b67e71f9a7c28e8b7870a3ecc2e868956e8f48,1995d060b57e87766aeb0e68267a4e2d90fca2c36d90c0b62ba0ecbd1589ef2f,True,False,0,0.002896584803238511,0.0009385265822642868,True,,medium
36076,49812,train/0179/7dc43c6c797043e68671f9833eea0946.jpg,train/0247/34d1735286e4489599ae3955aa917932.jpg,179,247,0.9955326914787292,020812d1c4746e6a1d5314aa07b190d5bcff62ff8e3aeaa3163b9a641009c967,1c36960975d21968856f0c1c75f0200168902ddd2a57ca2d7e2c8c1488689063,True,False,26,0.1508031040430069,0.0,False,,medium
36079,49979,train/0179/81ee5e5ac95b41bf88aac58d0bb3d1bb.jpg,train/0247/f7fdf4e7db95456ba0c1514556f52c91.jpg,179,247,0.9948090314865112,c3eac4ca47a90489e46a9d5e0df2c083c03a492d926dcdc3f7461fa80331d2ad,d36226dacdd15952cfe4064e51ddf1fa328f922c04ecd078dd6cb1a4f3ec5e63,True,False,0,0.0010589445009827614,0.00020224491928587051,True,,medium
36110,49919,train/0179/a49f8bef20e44d0ca9a923f6ac114d78.jpg,train/0247/af894820cfd748748a2f13455372d2e9.jpg,179,247,0.9927322864532471,c185dee82fee003ef4b2091473080e41a9d60362de47e6f6d677d9852cfb3cd4,998db97373154247bed96b505ab36f491e1a323cef543b2f3b188446ab36f829,True,False,6,0.0592644140124321,0.0,True,,medium
36167,49890,train/0179/dee3cca7016243219a3a7aeafd1f662c.jpg,train/0247/8cf8dc2371f843079e38a25ece371bbb.jpg,179,247,0.9952232837677002,83a7ac00387d32b238ac1555cb10abf005f1e6b7e8013dfb2d40b86532032136,9f32729788b78d1fec183ca91df5e42ad88f9f5c1f9a356f0b116622ca652c62,True,False,0,0.002765737008303404,0.0009385265822642868,True,,strong
36429,98146,train/0181/05f5ef1e60fb42058350d1bb1724030d.jpg,train/0492/3c0e412e10c2491e869291add1e6b267.jpg,181,492,0.9978258609771729,86f63449c4320136f015e94ba5d07eeef65b2ef0f4d55dfea953bfb3d7770084,c73bdf16958e7053a8aa429f5a620e6e480bc94c93200cbb3e1fed19d7b04c7f,True,False,22,0.13093365728855133,0.0,False,,medium
36429,66255,train/0181/05f5ef1e60fb42058350d1bb1724030d.jpg,train/0331/a654f4672f404c0c912d637bd56b601f.jpg,181,331,0.9970676302909851,86f63449c4320136f015e94ba5d07eeef65b2ef0f4d55dfea953bfb3d7770084,5e54a37076063f482840c5e8167a026fc3b2351968ff7515fda4d13329e58a2b,True,False,14,0.11994120478630066,0.0,False,,medium
36429,140460,train/0181/05f5ef1e60fb42058350d1bb1724030d.jpg,train/0708/05476ebb2a0e43e6b8623ebeba422022.jpg,181,708,0.9958548545837402,86f63449c4320136f015e94ba5d07eeef65b2ef0f4d55dfea953bfb3d7770084,7869b59985920947714a3be54b173b669764e99b5bcd260dbaf90e7842d47d73,True,False,16,0.1710813045501709,0.0,False,,medium
36429,93091,train/0181/05f5ef1e60fb42058350d1bb1724030d.jpg,train/0467/81f0d7c78dd04e88a971b87a40d5b5cb.jpg,181,467,0.9956182241439819,86f63449c4320136f015e94ba5d07eeef65b2ef0f4d55dfea953bfb3d7770084,5a165bd7c1f2b6c66e27f107ab0a969e399afd9a264688ef0e89a3613bd2a687,True,False,18,0.14974674582481384,0.0,False,,medium
36429,104822,train/0181/05f5ef1e60fb42058350d1bb1724030d.jpg,train/0525/4cf34b2b71f14744a8a3c20befa28835.jpg,181,525,0.9954879283905029,86f63449c4320136f015e94ba5d07eeef65b2ef0f4d55dfea953bfb3d7770084,da7ad6d12579103552d30f093b260f06933f3f2066e92e5bfa243e2902c0e27a,True,False,10,0.12191502004861832,0.0,False,,medium
36429,97329,train/0181/05f5ef1e60fb42058350d1bb1724030d.jpg,train/0488/1ec5d9b56c3847beb93c94d3d88efe8d.jpg,181,488,0.9945127964019775,86f63449c4320136f015e94ba5d07eeef65b2ef0f4d55dfea953bfb3d7770084,8af7c2bbfeec9531edbad35e6251cb2b0c6f610e51d36aa25eaa65dca0e0572c,True,False,26,0.1841278076171875,0.0,False,,medium
36429,58629,train/0181/05f5ef1e60fb42058350d1bb1724030d.jpg,train/0291/9deabda9e20e4c26bfb42f14c391925c.jpg,181,291,0.994461178779602,86f63449c4320136f015e94ba5d07eeef65b2ef0f4d55dfea953bfb3d7770084,f412f85344fc6faef684ca26bd9905596eed433b83d88fb4255c7a8c3d2d62af,True,False,14,0.15599876642227173,0.0,False,,medium
36429,133452,train/0181/05f5ef1e60fb42058350d1bb1724030d.jpg,train/0669/ff5bad427c5d4172922511dc1f899bef.jpg,181,669,0.9940314292907715,86f63449c4320136f015e94ba5d07eeef65b2ef0f4d55dfea953bfb3d7770084,a71f6a7167aab67a060e864f273279dca839c80452ceea200a5779a1b3ec43e4,True,False,22,0.19688543677330017,0.0,False,,medium
36429,82792,train/0181/05f5ef1e60fb42058350d1bb1724030d.jpg,train/0417/10f34aacb08e4886b5e2c9265c4e8102.jpg,181,417,0.9930461645126343,86f63449c4320136f015e94ba5d07eeef65b2ef0f4d55dfea953bfb3d7770084,f49e6a8368373c2a7e2c1e5c45097992e2927f5e7de591f621705189064401e3,True,False,20,0.19602465629577637,0.0,False,,medium
37538,62366,train/0187/5cd5405707fa472889fe105866ddfc11.jpg,train/0310/fffa58e85fee41b7bf68ef318dbd4f71.jpg,187,310,0.9904256463050842,8f45a768fbe67c5b345d232189d8b144f8ae9f13a61b39e0e8c9f8ddbf7514bf,a2128cd3c8351d613559e3442818afd1490a69a9c5c249c83b8245ec9d383500,True,False,6,0.12913085520267487,0.0,False,,medium
39085,66514,train/0194/d87c638af2f141018ac8a487cc841583.jpg,train/0333/1741dd91c3e5452b84313e8c46a53ea0.jpg,194,333,0.9957728385925293,39a5018b5da43f5ef2c64e09d55d677e650f0338aeaec3aaac673010026d2597,81c40361c682a5fabcccf40a7a38f7b3eb8f1a03b1ca66448755456377b5e122,True,False,0,0.0023508977610617876,0.0012445552322047017,True,,strong
40650,106906,train/0202/0e0204ed610a45aeb28f23029b06ba91.jpg,train/0535/8cbb113a6f0644b0ade696a2fd4b8c6e.jpg,202,535,0.9904175996780396,9e0c4782fd891d8d77ee97680ffe1e193f217f9a139800cdf7b8cd0f5a1b54aa,d6edfbf1c3727bc1cdbdd136d912472f8ada26c3f151189062937267e70be672,True,False,0,0.0033814054913818836,0.0006898930939376467,True,,medium
40748,106916,train/0202/7e3590bd733e48c7bcb3d43aaf1e1283.jpg,train/0535/9db4c1d379f64d6293a546567bd8c28b.jpg,202,535,0.9983011484146118,a4ec19d64dc0b949e4d30fcea0f22ea397662a05a692f03677ace503cf88ccff,19b425b277fbdd953a610e42bfb77515d8fc040d91bd9a99517f75d89c8a8ccd,True,False,0,0.0013936867471784353,0.00044953922986764537,True,,strong
40766,106848,train/0202/8c6538e1e49c4520b4a3d91496541414.jpg,train/0535/26307faa4f3b4ee19cf6e84e0f907c22.jpg,202,535,0.9991171360015869,187811cd01f1048ad5154471e47c320b27095fa369d554815f21ea84d2fdbb15,5610fdca76e65d96874cf6dd4cfd6e9a341b9c878c6852c1f7733b19d1bcc92b,True,False,0,0.0029783868230879307,0.0,True,,strong
43757,96479,train/0217/88edc855d16043e4a2cd89eff2e8fe42.jpg,train/0483/d1058a758f6a43278577665d1090f6fd.jpg,217,483,0.9918367862701416,035b2aea08cf892d07746565f30046318f3b7ada2d1ff1f743fc55d68acf0983,6a49ff56002ae988a06df1bbb6447730568eaa5e6beeae97c48ef8cd7c637e69,True,False,6,0.04918822646141052,0.00027590012590534267,True,,medium
43815,96439,train/0217/d00104eab6a64857a6f4e019a0d257e2.jpg,train/0483/a663c09c98a54b339455afb2aad6d692.jpg,217,483,1.000000238418579,f8bc3435345d3e06f4a579240009048b6dc5433f49bda30cff4a8b0863e0ed80,35eda4d90951b62e31f313ace0061fd0518f30a43552fcadd6aea42d50751fbd,True,False,6,0.04866723343729973,0.0,True,,strong
46053,119143,train/0228/bedd25cd1f3f4b5497e0c9ba9bae2790.jpg,train/0598/222c4d2eede048549370e771ab1c5d44.jpg,228,598,0.9928871393203735,77da77e03a09f9fe2eeb2d693a877a85a10514772391250f9abf96c911968b7b,f3cb4b45a4577973973016fc6a419e09d7e8e74752fa1b89c98f2b79cd586fe5,True,False,12,0.07819344103336334,0.0,False,,medium
46786,126631,train/0232/8cfd38eb2ab843e4b7c7be57a34747fc.jpg,train/0635/111648fea7604f7b8dc0ed6887e7df9b.jpg,232,635,0.991754412651062,0f5a8c002deb2b44a83c2498f9710ac784fb0a520ac416f1c05f141591a98607,072defd084e89fc1bd0841a470f092fe701b3185c403ddb64bee3296b45de4bf,True,False,14,0.0921945571899414,0.0,False,,medium
47356,145212,train/0235/19a9cdf2c848423385a41c3ed5ced3d4.jpg,train/0732/05a99f4277bb454490004da3fb1b52f9.jpg,235,732,0.9950125813484192,a9fa17be10abf8bfeabaa6078ff4bdcf8e0533d77b674c4b608d27749a478dfb,3abbb7db39d8a84a49e483dc2d98abb351b6f1f5b07d1ba344f4ca6dd81c7ca1,True,False,2,0.003730539232492447,0.00046012510914668093,True,,strong
49798,53312,train/0247/2ad504d70bb2485188a8332c713545fe.jpg,train/0264/6a414df646004d4897342f5bfa1204d2.jpg,247,264,0.9991052746772766,1ea2df6204a9549961b0e00b718ceae456122d5587ecf764458416e3e440b9d0,e6c6f898cd077d00fe9ab53edf1ffff86aacf251b2a55c3a7245fc1befc5f0da,True,False,0,0.0010589446173980832,0.0,True,,strong
50444,94310,train/0250/2217f2cb6b83448fb266234dfcb29378.jpg,train/0473/0c78aaab588747b2b0b54be348ab6f70.jpg,250,473,1.0000001192092896,700f2b9db55bb87c452e3e4a749d45fe9b4ccdd25d92d6d268b7dd7be41cef4f,6db0a543aa0b02d9f7f191893febeba1b6283de618e3396cdc4adb24c8b6c4a0,True,False,0,0.0,0.5479009894207721,False,,medium
50444,94486,train/0250/2217f2cb6b83448fb266234dfcb29378.jpg,train/0473/cd86d697d50142a49bd7a1d95559dbd4.jpg,250,473,1.0000001192092896,700f2b9db55bb87c452e3e4a749d45fe9b4ccdd25d92d6d268b7dd7be41cef4f,b17b5092f3aaf9267e9152c07a800ba62530c3f164674313f028fdc589dee370,True,False,0,0.0,0.5476944702998094,False,,medium
50444,94497,train/0250/2217f2cb6b83448fb266234dfcb29378.jpg,train/0473/dd7534f9a86440f19b823166abd301ba.jpg,250,473,1.0000001192092896,700f2b9db55bb87c452e3e4a749d45fe9b4ccdd25d92d6d268b7dd7be41cef4f,e8ca4f39cacc41f86631b3f597944f3b5ec2b12b8c90101b012e60b9721a27e6,True,False,0,0.0,0.5480469553228458,False,,medium
50481,94310,train/0250/5852a39d55584c29906b5c1e324156f9.jpg,train/0473/0c78aaab588747b2b0b54be348ab6f70.jpg,250,473,1.0000001192092896,700f2b9db55bb87c452e3e4a749d45fe9b4ccdd25d92d6d268b7dd7be41cef4f,6db0a543aa0b02d9f7f191893febeba1b6283de618e3396cdc4adb24c8b6c4a0,True,False,0,0.0,0.5479009894207721,False,,medium
50481,94486,train/0250/5852a39d55584c29906b5c1e324156f9.jpg,train/0473/cd86d697d50142a49bd7a1d95559dbd4.jpg,250,473,1.0000001192092896,700f2b9db55bb87c452e3e4a749d45fe9b4ccdd25d92d6d268b7dd7be41cef4f,b17b5092f3aaf9267e9152c07a800ba62530c3f164674313f028fdc589dee370,True,False,0,0.0,0.5476944702998094,False,,medium
50481,94497,train/0250/5852a39d55584c29906b5c1e324156f9.jpg,train/0473/dd7534f9a86440f19b823166abd301ba.jpg,250,473,1.0000001192092896,700f2b9db55bb87c452e3e4a749d45fe9b4ccdd25d92d6d268b7dd7be41cef4f,e8ca4f39cacc41f86631b3f597944f3b5ec2b12b8c90101b012e60b9721a27e6,True,False,0,0.0,0.5480469553228458,False,,medium
50506,94310,train/0250/7ae40aac6f6045548f29d8b2a25573bf.jpg,train/0473/0c78aaab588747b2b0b54be348ab6f70.jpg,250,473,1.0000001192092896,e4b33521b2b121b11fa01291b9d67dc9286df5751d31d4842f89ea4fc215a643,6db0a543aa0b02d9f7f191893febeba1b6283de618e3396cdc4adb24c8b6c4a0,True,False,0,0.0,0.6432611258698763,False,,medium
50506,94486,train/0250/7ae40aac6f6045548f29d8b2a25573bf.jpg,train/0473/cd86d697d50142a49bd7a1d95559dbd4.jpg,250,473,1.0000001192092896,e4b33521b2b121b11fa01291b9d67dc9286df5751d31d4842f89ea4fc215a643,b17b5092f3aaf9267e9152c07a800ba62530c3f164674313f028fdc589dee370,True,False,0,0.0,0.6430546067489137,False,,medium
50506,94497,train/0250/7ae40aac6f6045548f29d8b2a25573bf.jpg,train/0473/dd7534f9a86440f19b823166abd301ba.jpg,250,473,1.0000001192092896,e4b33521b2b121b11fa01291b9d67dc9286df5751d31d4842f89ea4fc215a643,e8ca4f39cacc41f86631b3f597944f3b5ec2b12b8c90101b012e60b9721a27e6,True,False,0,0.0,0.64340709177195,False,,medium
50581,94310,train/0250/e196c4361342418c88724d9ce86b3d6a.jpg,train/0473/0c78aaab588747b2b0b54be348ab6f70.jpg,250,473,1.0000001192092896,1b022f9d16874a57dcb2313b41addd885182abefb15d7c3b698d4cbeb81c9e65,6db0a543aa0b02d9f7f191893febeba1b6283de618e3396cdc4adb24c8b6c4a0,True,False,0,0.0,0.5273660983969317,False,,medium
50581,94486,train/0250/e196c4361342418c88724d9ce86b3d6a.jpg,train/0473/cd86d697d50142a49bd7a1d95559dbd4.jpg,250,473,1.0000001192092896,1b022f9d16874a57dcb2313b41addd885182abefb15d7c3b698d4cbeb81c9e65,b17b5092f3aaf9267e9152c07a800ba62530c3f164674313f028fdc589dee370,True,False,0,0.0,0.527159579275969,False,,medium
50581,94497,train/0250/e196c4361342418c88724d9ce86b3d6a.jpg,train/0473/dd7534f9a86440f19b823166abd301ba.jpg,250,473,1.0000001192092896,1b022f9d16874a57dcb2313b41addd885182abefb15d7c3b698d4cbeb81c9e65,e8ca4f39cacc41f86631b3f597944f3b5ec2b12b8c90101b012e60b9721a27e6,True,False,0,0.0,0.5275120642990054,False,,medium
51311,83489,train/0254/6e6b2310968c47149c0e9d9a64573fa9.jpg,train/0420/db499f5626614cd48be840c2cbac7f8c.jpg,254,420,0.9956429600715637,5de2054acec8dff37e81863c370bfde934345c5b3548df358fe162066687101a,9639084cccc9da5d7591b4882aaac47ab92ace7f024c4a3eab68f6ee2aa80dea,True,False,14,0.10641292482614517,0.24003541898442793,False,,medium
53366,126403,train/0264/bdd1506b2ab1457eb4b40c4ba65231b9.jpg,train/0633/da8daf9e070c4b33ae34fac41d0ad870.jpg,264,633,0.9914239645004272,5e942939f990843081661aab72eac2ef45ea839a245593e5f62c67b32e7e8be5,043862506376e9ac0cd7d69fd320bcee8ad17f27cd8acdc3801cb4d286289779,True,False,30,0.17339782416820526,0.0,False,,medium
53552,104991,train/0265/a3b4322c974949ed8cdff42f6201e01f.jpg,train/0525/f52e64b6ab12460888ca3ffbbbec337b.jpg,265,525,0.9916462898254395,11dbbbcc506b2a3fcfdae24dd7742be2111571f7bee76e128777068bb29ceed1,5ae00b4931d039ab140ea2a000d8354a7308ceb3959c1c90033cbc20cc43e1d8,True,False,2,0.023344865068793297,0.0,True,,medium
53552,146798,train/0265/a3b4322c974949ed8cdff42f6201e01f.jpg,train/0740/39ccce38ca014e89910fc4472dbfa11b.jpg,265,740,0.9909554719924927,11dbbbcc506b2a3fcfdae24dd7742be2111571f7bee76e128777068bb29ceed1,47532c1152356d5fe489afaa520db7d8a3637672cd261f84d1f019b3c8ec15aa,True,False,2,0.029635250568389893,0.0,True,,medium
53618,140479,train/0265/ee91cf8e51e5400ab6cc78cb862d071c.jpg,train/0708/2463e345da574257af0e98a316be5977.jpg,265,708,0.9924355745315552,02c4294d9021f8f1cfb95395b2d7c2db78eb0e5f61383727ce17e813cecd7b19,695fac276e3e954831e89ac147d518e341847a4cbb558dca41ae0fa53db965dc,True,False,20,0.10984257608652115,0.0,False,,medium
54562,122152,train/0270/b0e2c827e8f348dc8f08f60f16e6bd56.jpg,train/0612/4e3a4bd303dc4e84adff03777c0c841a.jpg,270,612,0.9969884157180786,15803a7551136100c71799f4e786f919ea85480a682cda29e24e9045d4c8d9b5,fc8d16eda65352baf21ed98085af08d82ff2a6257fe9bd91c6508f805d4caf92,True,False,4,0.005399578716605902,0.0,True,,strong
54578,122131,train/0270/baa0ca2d8af44ab1bac4608cbee72a51.jpg,train/0612/3655c7525a9144eabadc73d1626332e0.jpg,270,612,0.9982537627220154,b56dc841178a22112bac81d3761f9e16a583b0f3bea51a4016896cd4899916db,08ba18eea93d2ed3eca1a029b2c0fd477cd6289bc851dfc6dde0194e87c17468,True,False,0,0.0027439312543720007,0.0,True,,strong
55002,142836,train/0273/386da7ed7e044196b630eef3b42fbf30.jpg,train/0720/0fc07bbcaec4444795114e2d88f77e09.jpg,273,720,0.9927135109901428,6cbfdf33ea894c8ccfc91f2cd9a01e5a3f79d4e77c0bbff0b1d8bdac26e13556,152427b8b39ac5e7e4fb7900ad61ca0aecbfb1245dd0a69eaea81186af57be17,True,False,14,0.09210523962974548,0.0,False,,medium
58569,104850,train/0291/3a569dda47ad44868c7839c57238319a.jpg,train/0525/6920ba189c80487e95b69737363837c5.jpg,291,525,0.9963988065719604,eebdc636094c9b27da5d5a4fbd19c0b8ad7a578018b8af28f7a49c65ce77dd2c,2b20e885d031fa1624816b4f5360c5b6dbe8a9f3a4ae82750d7837d6a95f921c,True,False,6,0.022197727113962173,0.0,True,,strong
58569,93054,train/0291/3a569dda47ad44868c7839c57238319a.jpg,train/0467/3b48f78de9e04c99af3ca4a65516a89b.jpg,291,467,0.992618203163147,eebdc636094c9b27da5d5a4fbd19c0b8ad7a578018b8af28f7a49c65ce77dd2c,dd78ac7e8513c79f51ee072d9fc9735ccafc07d5f9b86e6d9c65598976bb0bb2,True,False,8,0.02577727474272251,0.0,False,,medium
58629,104822,train/0291/9deabda9e20e4c26bfb42f14c391925c.jpg,train/0525/4cf34b2b71f14744a8a3c20befa28835.jpg,291,525,0.9954591989517212,f412f85344fc6faef684ca26bd9905596eed433b83d88fb4255c7a8c3d2d62af,da7ad6d12579103552d30f093b260f06933f3f2066e92e5bfa243e2902c0e27a,True,False,14,0.1385955810546875,0.0,False,,medium
58629,140460,train/0291/9deabda9e20e4c26bfb42f14c391925c.jpg,train/0708/05476ebb2a0e43e6b8623ebeba422022.jpg,291,708,0.9950019121170044,f412f85344fc6faef684ca26bd9905596eed433b83d88fb4255c7a8c3d2d62af,7869b59985920947714a3be54b173b669764e99b5bcd260dbaf90e7842d47d73,True,False,12,0.12949344515800476,0.0,False,,medium
58629,98146,train/0291/9deabda9e20e4c26bfb42f14c391925c.jpg,train/0492/3c0e412e10c2491e869291add1e6b267.jpg,291,492,0.9946686029434204,f412f85344fc6faef684ca26bd9905596eed433b83d88fb4255c7a8c3d2d62af,c73bdf16958e7053a8aa429f5a620e6e480bc94c93200cbb3e1fed19d7b04c7f,True,False,22,0.1449001431465149,0.0,False,,medium
58629,110467,train/0291/9deabda9e20e4c26bfb42f14c391925c.jpg,train/0552/fb1394ae047141b598d3dc25e077d104.jpg,291,552,0.9936929941177368,f412f85344fc6faef684ca26bd9905596eed433b83d88fb4255c7a8c3d2d62af,85379820ea8c23ec22ff9d1e03345e959244ac45bf4bd725886310e7835fd16a,True,False,26,0.16996395587921143,0.0,False,,medium
58629,82792,train/0291/9deabda9e20e4c26bfb42f14c391925c.jpg,train/0417/10f34aacb08e4886b5e2c9265c4e8102.jpg,291,417,0.9934626221656799,f412f85344fc6faef684ca26bd9905596eed433b83d88fb4255c7a8c3d2d62af,f49e6a8368373c2a7e2c1e5c45097992e2927f5e7de591f621705189064401e3,True,False,24,0.15256468951702118,0.0,False,,medium
58629,93091,train/0291/9deabda9e20e4c26bfb42f14c391925c.jpg,train/0467/81f0d7c78dd04e88a971b87a40d5b5cb.jpg,291,467,0.9934172630310059,f412f85344fc6faef684ca26bd9905596eed433b83d88fb4255c7a8c3d2d62af,5a165bd7c1f2b6c66e27f107ab0a969e399afd9a264688ef0e89a3613bd2a687,True,False,24,0.1897464096546173,0.0,False,,medium
58629,97329,train/0291/9deabda9e20e4c26bfb42f14c391925c.jpg,train/0488/1ec5d9b56c3847beb93c94d3d88efe8d.jpg,291,488,0.993283212184906,f412f85344fc6faef684ca26bd9905596eed433b83d88fb4255c7a8c3d2d62af,8af7c2bbfeec9531edbad35e6251cb2b0c6f610e51d36aa25eaa65dca0e0572c,True,False,22,0.16487866640090942,0.0,False,,medium
58629,146912,train/0291/9deabda9e20e4c26bfb42f14c391925c.jpg,train/0740/dc55db972fff45d8b4bd9e25cf898444.jpg,291,740,0.9931266903877258,f412f85344fc6faef684ca26bd9905596eed433b83d88fb4255c7a8c3d2d62af,0648ab73425ee329d5390f220c7c359c55bcf9375f60e055c1ff8dd62a83ce8e,True,False,14,0.12551437318325043,0.0,False,,medium
58629,66255,train/0291/9deabda9e20e4c26bfb42f14c391925c.jpg,train/0331/a654f4672f404c0c912d637bd56b601f.jpg,291,331,0.9926916360855103,f412f85344fc6faef684ca26bd9905596eed433b83d88fb4255c7a8c3d2d62af,5e54a37076063f482840c5e8167a026fc3b2351968ff7515fda4d13329e58a2b,True,False,22,0.16387690603733063,0.0,False,,medium
59755,94140,train/0296/de705e1d9732475f84ccab2ec540db29.jpg,train/0472/6dad01b85c1e4c2188af42c19d2623b3.jpg,296,472,0.9913772940635681,bcbe25b84b3f19120ac71ad51b729ccfd5a8de7dd8eae6dad3d9d4bb619d7fa8,5a0f2c850ff98d648e98f1fd4c5d5703b676efdd0c444d73ea523b4ff14c8d3a,True,False,16,0.07485487312078476,0.0,False,,medium
59755,94060,train/0296/de705e1d9732475f84ccab2ec540db29.jpg,train/0472/0a9d21f699ff479ebbd9ea7d331903eb.jpg,296,472,0.990376353263855,bcbe25b84b3f19120ac71ad51b729ccfd5a8de7dd8eae6dad3d9d4bb619d7fa8,a0c9566dbf95b48161225336270363993378e1606e4dbe0159bd99ae631c21aa,True,False,18,0.05586586520075798,0.0,False,,medium
60117,134910,train/0298/a95380bcc700445788c3504290beaaec.jpg,train/0678/4323ab144ac745b5934d828536a1a390.jpg,298,678,0.9955511689186096,fcec204b01c8ce8e43fd352d171969c307317a72a0cd5b313d3748b85c96943e,5cab9aa063d50d214c8f4e42d7de81da6bf95ef6c1e2803488e7fd66679f911c,True,False,0,0.0011923627462238073,0.0,True,,strong
61648,63802,train/0307/51dc6c5b044846d883e13a977fa04ea5.jpg,train/0318/f748744ee82340fa93058b1074f0f92d.jpg,307,318,0.9974134564399719,4ecf6407dcd3e259eb2991a3b26d4781c9173a5fe738a279cb31ee40352d3fd1,9fb9330371c70154708e9412a5b69ee7263fedcf2cbdaf0d185c052565fc5ef5,True,False,2,0.0017787207616493106,0.0,True,,strong
61766,63728,train/0307/fe067b4f112646e2984efe0ab2a6a05b.jpg,train/0318/6842509b0f364277bc0a168f1c7e0dce.jpg,307,318,0.993196964263916,fba0f5507bee1cf723a78a385b449113592c03133637f529b60007832e87bbd8,d10cd5012d4fd0ea727e9fb68ed7c48249b1f6665aaa464ce238f1b95b987e9e,True,False,0,0.00173887237906456,0.0,True,,medium
62311,105277,train/0310/c792b7c2915d4922a203132e60452477.jpg,train/0527/7d8d913fbcb548288a1023ec9631d790.jpg,310,527,0.9949436783790588,7f7e8c138271ce891024541ed6091d6a25786a629ea89c313e16c6ab8c790594,6fa9e529fdca457c243cce874b9092788d9fd43cc425904046de5c8e7e0628e6,True,False,0,0.0015821013366803527,2.5977657687677972e-05,True,,medium
63530,87779,train/0316/fbf95db50b004829b6778d91799de631.jpg,train/0441/c5d71448d755401c8b8ff2dcb99d6694.jpg,316,441,0.9948350191116333,d38c92ca21d2536bf3826afb1ed5a6fbdfc8c08606c4c64f01e580fc4cef1bd4,a17b4b3f1d463f1baea15d7daf9895a66c58364431ba9f75c961a464fa5f5677,True,False,0,0.002294864971190691,0.004773278752657548,True,,medium
63548,120813,train/0317/15bfe35b7c8c4d60b04933f0bae8319b.jpg,train/0605/cf1295e553514824917900d0a3f86f5d.jpg,317,605,0.9995059967041016,7d91febd181c50cdb65a43f29e8fbc23258e019c740c56798f7f79e90f86d8a3,77f0f2ea217c89b6fff337c0973ec1a7f6e280921a3799a5f4debe5440f13d5d,True,False,0,0.0009492606041021645,0.0005863383340071735,True,,strong
63548,120682,train/0317/15bfe35b7c8c4d60b04933f0bae8319b.jpg,train/0605/156d538fa44e423a83c503e5c9c271d5.jpg,317,605,0.9960977435112,7d91febd181c50cdb65a43f29e8fbc23258e019c740c56798f7f79e90f86d8a3,19a1c076418410e161043c090aad1969c04a9f5c4873ef46b0f7683d4cda87db,True,False,0,0.0012891942169517279,0.0009770396478266119,True,,strong
63751,97021,train/0318/90c1cbbfacde4a8b9a3af7f9bdd8ce43.jpg,train/0486/5ae69d76108b48ccaa86eecfeadc09a3.jpg,318,486,0.9962877035140991,bea136ca311527fcb9da6155a757d2b79b554d68a265eb18df6f182027540926,ff63a7e171a6df9c096146af0923f84c94dc582efb9b64646007d57a90651c4b,True,False,0,0.002632190240547061,0.0020020026706731903,True,,strong
65270,133438,train/0326/a0fc4ff202b540e1b26233da70291659.jpg,train/0669/f5e9dfaf194e48c5878df5bb559b67ed.jpg,326,669,0.9932209253311157,a5c8ae54e610c608d8985681183acf83d3dec539d22a006886b5d66a743c5385,e764e4b595819c8b7d74c3e5465055ab3da7e74a1c0a6bb22f6f730f7562bbaa,True,False,8,0.029253726825118065,0.0,False,,medium
65270,146808,train/0326/a0fc4ff202b540e1b26233da70291659.jpg,train/0740/46021898666b4d8b949c867ac7a10790.jpg,326,740,0.99148029088974,a5c8ae54e610c608d8985681183acf83d3dec539d22a006886b5d66a743c5385,44ed3b54db96140e5696b2d07ffcc093174514e0e7027c7dbd754a71e475a1eb,True,False,10,0.03159737214446068,0.0,False,,medium
65270,110304,train/0326/a0fc4ff202b540e1b26233da70291659.jpg,train/0552/0b87e7de4c8046319ef93dfd185f729e.jpg,326,552,0.9904955625534058,a5c8ae54e610c608d8985681183acf83d3dec539d22a006886b5d66a743c5385,57f97f9659a47db9ad813d8fa9b5138d1d346c140daf98f96c9c2c4d82cc5cb7,True,False,8,0.03815402835607529,0.0,False,,medium
65340,82792,train/0326/f668c784090e4e58895f735815aa733b.jpg,train/0417/10f34aacb08e4886b5e2c9265c4e8102.jpg,326,417,0.9965177774429321,08b7de34da1f129d5837b3a8161478f4711947fc76cd19cb6d46cbb79e0273ae,f49e6a8368373c2a7e2c1e5c45097992e2927f5e7de591f621705189064401e3,True,False,12,0.10278057307004929,0.0,False,,medium
65340,133452,train/0326/f668c784090e4e58895f735815aa733b.jpg,train/0669/ff5bad427c5d4172922511dc1f899bef.jpg,326,669,0.9956555366516113,08b7de34da1f129d5837b3a8161478f4711947fc76cd19cb6d46cbb79e0273ae,a71f6a7167aab67a060e864f273279dca839c80452ceea200a5779a1b3ec43e4,True,False,16,0.09927812218666077,0.0,False,,medium
65340,109313,train/0326/f668c784090e4e58895f735815aa733b.jpg,train/0546/faae1f6e9b244c0abd1359ca6fdd4c2b.jpg,326,546,0.9929664731025696,08b7de34da1f129d5837b3a8161478f4711947fc76cd19cb6d46cbb79e0273ae,b353d011011d5737c662aa9e39b8c5d5c3b3f4525d4425b4070c69787154050a,True,False,12,0.09128906577825546,0.0,False,,medium
65340,122322,train/0326/f668c784090e4e58895f735815aa733b.jpg,train/0613/0138928f44a14e7db878091188dcd5ae.jpg,326,613,0.9904637336730957,08b7de34da1f129d5837b3a8161478f4711947fc76cd19cb6d46cbb79e0273ae,4bdecf77ee5b5ad6f50c5a1524feb8faa01659907ae6bea3e87db8b274e85c75,True,False,10,0.10820738226175308,0.0,False,,medium
66255,98146,train/0331/a654f4672f404c0c912d637bd56b601f.jpg,train/0492/3c0e412e10c2491e869291add1e6b267.jpg,331,492,0.9968628883361816,5e54a37076063f482840c5e8167a026fc3b2351968ff7515fda4d13329e58a2b,c73bdf16958e7053a8aa429f5a620e6e480bc94c93200cbb3e1fed19d7b04c7f,True,False,12,0.12117621302604675,0.0,False,,medium
66255,140460,train/0331/a654f4672f404c0c912d637bd56b601f.jpg,train/0708/05476ebb2a0e43e6b8623ebeba422022.jpg,331,708,0.994806706905365,5e54a37076063f482840c5e8167a026fc3b2351968ff7515fda4d13329e58a2b,7869b59985920947714a3be54b173b669764e99b5bcd260dbaf90e7842d47d73,True,False,16,0.15259717404842377,0.0,False,,medium
66255,93091,train/0331/a654f4672f404c0c912d637bd56b601f.jpg,train/0467/81f0d7c78dd04e88a971b87a40d5b5cb.jpg,331,467,0.9935340285301208,5e54a37076063f482840c5e8167a026fc3b2351968ff7515fda4d13329e58a2b,5a165bd7c1f2b6c66e27f107ab0a969e399afd9a264688ef0e89a3613bd2a687,True,False,22,0.17222906649112701,0.0,False,,medium
66255,110467,train/0331/a654f4672f404c0c912d637bd56b601f.jpg,train/0552/fb1394ae047141b598d3dc25e077d104.jpg,331,552,0.9920487999916077,5e54a37076063f482840c5e8167a026fc3b2351968ff7515fda4d13329e58a2b,85379820ea8c23ec22ff9d1e03345e959244ac45bf4bd725886310e7835fd16a,True,False,20,0.14373154938220978,0.0,False,,medium
66255,126087,train/0331/a654f4672f404c0c912d637bd56b601f.jpg,train/0632/1d0d91aa398f4327a85fdd859e245ee1.jpg,331,632,0.9918004274368286,5e54a37076063f482840c5e8167a026fc3b2351968ff7515fda4d13329e58a2b,3811b597fca2e8423b2ad752baa897a07fa65d30d26c2c8b58319fc20d9f0e3d,True,False,18,0.15418627858161926,0.0,False,,medium
66987,135692,train/0335/950ac7ec4ee140a1807d48b325fe0bf7.jpg,train/0683/49acae77a9e24224ae8059f8628f9c75.jpg,335,683,0.9956284165382385,56c3c395bf5d72f3fa5f6648603860c8641cc4c8be6c7c314e1acee00b4eb9e2,0359a7130c5f9780a3816bdf77acc3abfcef1ac06312da5e038fe2da06f1a4c9,True,False,14,0.06523215025663376,0.0,False,,medium
66987,68109,train/0335/950ac7ec4ee140a1807d48b325fe0bf7.jpg,train/0341/a00e28f6c3b944bb8130c81e3f6d1483.jpg,335,341,0.9946745038032532,56c3c395bf5d72f3fa5f6648603860c8641cc4c8be6c7c314e1acee00b4eb9e2,25efe5a0937a00a8a1e25eb585c1c42c099f986d4e24057c46bd53b8e89f57fc,True,False,12,0.07710842043161392,0.0,False,,medium
66987,96826,train/0335/950ac7ec4ee140a1807d48b325fe0bf7.jpg,train/0485/549d08cd5d8545e5a7ca0297c6909d98.jpg,335,485,0.9921620488166809,56c3c395bf5d72f3fa5f6648603860c8641cc4c8be6c7c314e1acee00b4eb9e2,4c4995b70f86db7fdaa2c78e0867473388eda8d63240ccebcb969d90877d65ae,True,False,12,0.09171121567487717,0.0,False,,medium
68109,135692,train/0341/a00e28f6c3b944bb8130c81e3f6d1483.jpg,train/0683/49acae77a9e24224ae8059f8628f9c75.jpg,341,683,0.9965770244598389,25efe5a0937a00a8a1e25eb585c1c42c099f986d4e24057c46bd53b8e89f57fc,0359a7130c5f9780a3816bdf77acc3abfcef1ac06312da5e038fe2da06f1a4c9,True,False,10,0.05437881499528885,0.0,False,,medium
68109,96826,train/0341/a00e28f6c3b944bb8130c81e3f6d1483.jpg,train/0485/549d08cd5d8545e5a7ca0297c6909d98.jpg,341,485,0.9934576749801636,25efe5a0937a00a8a1e25eb585c1c42c099f986d4e24057c46bd53b8e89f57fc,4c4995b70f86db7fdaa2c78e0867473388eda8d63240ccebcb969d90877d65ae,True,False,10,0.08154535293579102,0.0,False,,medium
71635,147966,train/0359/300b25bcfdf84c56a86db7e59528275e.jpg,train/0746/6a0f33a3d9da4baebf8be792b3178a7e.jpg,359,746,0.9930883646011353,4934eee5eeece0faf64cb129c9da4d8a39c5273262673b77e1026130fa9e9667,344c7d9eee999927e9b0db28810f760d201ab742ae0358580e8ebfd0cfd9c97a,True,False,0,0.0018719671061262488,0.0025121132895204387,True,,medium
72155,81155,train/0361/ed9695dacf3b4d62aa83ad9d3ed41b1d.jpg,train/0407/cd58d8c207d041f1bb647ae2ebf71b98.jpg,361,407,0.9944082498550415,e52a9ffc8fc981cbee83a302b01fc4498de5e0225ace6da43305537e208c7dd7,5178a7f23c2c69b88acd91dadef24f7495c5e76ca6c02b12ef0bb783357ea1a9,True,False,0,0.002998488489538431,0.0,True,,medium
72232,83550,train/0362/3ede6ad0bf114d40b9cfa9f5a18bfbd6.jpg,train/0421/1b9832a41ca94e17854a7ab362bd6ac8.jpg,362,421,0.9999945163726807,1445b5d9f643629bacbaa29c7ce2befee989c8cdf5fd8c0ce5b05dd11b3212e2,58378acb4ec041ec6c303b18b763dc04846e38cfdc54b86270e1a02b0b731a21,True,False,0,0.0008004867704585195,0.0,False,,medium
72742,104573,train/0364/6b12400305444298a1c2e3dc971de21a.jpg,train/0524/06e019261be74894b1486fe26dd7ddc4.jpg,364,524,0.996665894985199,3eb78ba2ea491cd4ccf9f3c8febd0243f467704f88d187cb95ec46ef6579bcd1,cdacdda1d2bc625c7d8bf67fc89cf5164caa92986832450f54f5c438621f0379,True,False,0,0.0015565815847367048,0.0,True,,strong
72885,104748,train/0364/f1af1b68ef154f128cde6dc52289e445.jpg,train/0524/e843e2887df849eaa170ed6848fc44c0.jpg,364,524,0.9969072937965393,8ab9c6b9348a4a99234c7fc6fd2fb1a450d15c41804ae70d84d37bcc6de6e584,1b5ce996110caad84b8241595b77e7858814d51ede05a7d76f252afbd1ea6ef5,True,False,0,0.0013719652779400349,0.0,True,,strong
75748,134568,train/0379/8667de8656b34fdcb32cf9cef4a68b31.jpg,train/0676/314d3ec5967846d3914e372688861903.jpg,379,676,0.9907941222190857,60c71057d1104bc949a945b5187766a577b65fcf0795b48ff19015f4ea17ce79,27b2ee36003d0065858aebdd84a0588c80636dcf977b233db8c649eff93a57db,True,False,6,0.03175005316734314,0.0,True,,medium
76014,107765,train/0380/cd587718719b44f7bb0e166bad5d1c12.jpg,train/0539/9cdfe771938445e49453040767c620be.jpg,380,539,0.9985443949699402,e3d01c93bdba5ef21e49f43d5cccdd1a329f024ab4de10a3c23147151001b6bf,9ba3246a74f8eb6160468067ef68a673a6bb7b3c3bc55a75cfb415b9e6d24bbe,True,False,0,0.0015821009874343872,3.375175814981479e-05,True,,strong
80197,96205,train/0402/4f727711d5a04b68bf01f4c2d96a029d.jpg,train/0482/bd6b866e83dd440b86b7eac9b5d26b2b.jpg,402,482,0.9919176697731018,562271a6268cc5f3a4fce0f84e14c90e550ee1f4f81f768b17341e1c2fc93b13,578c0adbe10efeb175a23428b413afb931f90afc0ee63e32772f3f446e35d7bf,True,False,32,0.31195539236068726,0.0,False,,medium
80197,120468,train/0402/4f727711d5a04b68bf01f4c2d96a029d.jpg,train/0604/24d13c9d9bc04dd19bc76cc1a68ec228.jpg,402,604,0.9904251098632812,562271a6268cc5f3a4fce0f84e14c90e550ee1f4f81f768b17341e1c2fc93b13,fc85696ebaf83111b05d3a6a03f5c42e90eb3c14ee2ca69aba1130297cad39cd,True,False,22,0.24597233533859253,0.0,False,,medium
80278,112072,train/0402/a5d7294f8dd449e28707fce0e66326d4.jpg,train/0561/d5044f89579c422bb306b29026940dea.jpg,402,561,0.9940427541732788,cd3acbb1d1eb5b726ee8ce60031a89c97c86c1451a9c607738d6176bf5021206,fe0bcf3c2a8f82366ff24ed689355ce021f8f0e89cf0b7cea7a2b1d80b72c863,True,False,14,0.11384665220975876,0.0,False,,medium
82792,133452,train/0417/10f34aacb08e4886b5e2c9265c4e8102.jpg,train/0669/ff5bad427c5d4172922511dc1f899bef.jpg,417,669,0.9961733818054199,f49e6a8368373c2a7e2c1e5c45097992e2927f5e7de591f621705189064401e3,a71f6a7167aab67a060e864f273279dca839c80452ceea200a5779a1b3ec43e4,True,False,12,0.1280531883239746,0.0,False,,medium
82792,97329,train/0417/10f34aacb08e4886b5e2c9265c4e8102.jpg,train/0488/1ec5d9b56c3847beb93c94d3d88efe8d.jpg,417,488,0.9951613545417786,f49e6a8368373c2a7e2c1e5c45097992e2927f5e7de591f621705189064401e3,8af7c2bbfeec9531edbad35e6251cb2b0c6f610e51d36aa25eaa65dca0e0572c,True,False,30,0.1590701937675476,0.0,False,,medium
82792,97741,train/0417/10f34aacb08e4886b5e2c9265c4e8102.jpg,train/0490/4c704bb418064f7b8fbf7bf51ab2f124.jpg,417,490,0.9933215379714966,f49e6a8368373c2a7e2c1e5c45097992e2927f5e7de591f621705189064401e3,693dfc1f1990526e7f1f373c99fc41a3e250389823401284a713d179dc08b8ee,True,False,18,0.14947041869163513,0.0,False,,medium
82792,109313,train/0417/10f34aacb08e4886b5e2c9265c4e8102.jpg,train/0546/faae1f6e9b244c0abd1359ca6fdd4c2b.jpg,417,546,0.9933184385299683,f49e6a8368373c2a7e2c1e5c45097992e2927f5e7de591f621705189064401e3,b353d011011d5737c662aa9e39b8c5d5c3b3f4525d4425b4070c69787154050a,True,False,16,0.12932029366493225,0.0,False,,medium
82792,140460,train/0417/10f34aacb08e4886b5e2c9265c4e8102.jpg,train/0708/05476ebb2a0e43e6b8623ebeba422022.jpg,417,708,0.9933037161827087,f49e6a8368373c2a7e2c1e5c45097992e2927f5e7de591f621705189064401e3,7869b59985920947714a3be54b173b669764e99b5bcd260dbaf90e7842d47d73,True,False,18,0.15246489644050598,0.0,False,,medium
82792,104822,train/0417/10f34aacb08e4886b5e2c9265c4e8102.jpg,train/0525/4cf34b2b71f14744a8a3c20befa28835.jpg,417,525,0.9932650327682495,f49e6a8368373c2a7e2c1e5c45097992e2927f5e7de591f621705189064401e3,da7ad6d12579103552d30f093b260f06933f3f2066e92e5bfa243e2902c0e27a,True,False,20,0.18518683314323425,0.0,False,,medium
82824,146925,train/0417/4141f487968e4a9193e1f6c61de10110.jpg,train/0740/f3f62449a3574231bb81ae1ceedebcc7.jpg,417,740,0.9943022727966309,dc6703d8af2635b61d63b9e6167c3743141ac348e25160d713305986a782cda5,6433099e17de048ad3defe1e02dd854efbacb96331fc9417e29830cb1ad8b5c7,True,False,4,0.060438740998506546,0.0,True,,medium
82824,120140,train/0417/4141f487968e4a9193e1f6c61de10110.jpg,train/0602/bc2fe4d3d33442f5b10804abf9277446.jpg,417,602,0.9938626289367676,dc6703d8af2635b61d63b9e6167c3743141ac348e25160d713305986a782cda5,4b91400245f079a7f970e32d5684e430855fea2f34987605724a7212eda2957d,True,False,12,0.11763037741184235,0.0,False,,medium
83375,146277,train/0420/3a159c84f0674f5b8e10061107efc42f.jpg,train/0737/465a9238b127451b954edcf9f1ffec98.jpg,420,737,0.9929245710372925,2f69987730b9fcf1c489c3aca5d729346b1c7dd5c79ff3a5e178e9acc8af071e,dbd45df0e737f3f965acaad7371fd3def6c974489825ef825fc0d0b5e31fd0e7,True,False,36,0.18014706671237946,0.001048767794084488,False,,medium
83473,146306,train/0420/c172a213e6154ca2ab65fa3c0cd34907.jpg,train/0737/792ad247446e4e0e8556a50e3070d9ea.jpg,420,737,0.9929245710372925,dbd45df0e737f3f965acaad7371fd3def6c974489825ef825fc0d0b5e31fd0e7,2f69987730b9fcf1c489c3aca5d729346b1c7dd5c79ff3a5e178e9acc8af071e,True,False,36,0.18014706671237946,0.00104876779408443,False,,medium
83487,146277,train/0420/d51bd62a93224cedb681e6a34a06c2a3.jpg,train/0737/465a9238b127451b954edcf9f1ffec98.jpg,420,737,0.9958519339561462,48c0b3d1b44552781babf421c5e58c3bb7d4c901bc1449bef79a98b4bc7d1771,dbd45df0e737f3f965acaad7371fd3def6c974489825ef825fc0d0b5e31fd0e7,True,False,4,0.024196527898311615,0.0,True,,strong
83516,146320,train/0420/fd321b8a192e484e9a9ba1a68bcd2080.jpg,train/0737/88c9277df3944270be320be6cb012fdf.jpg,420,737,0.990565299987793,c43b0ed5352d21fab035c94edd988e6cb410ee07d9d3d3e5e1e59056f6c7c61f,ce3dfb2024e721046e340311638761a44f3b3f8960ac35636b3f8b30b11bafa6,True,False,0,0.00264357659034431,0.0011734139306332214,True,,medium
85368,146925,train/0429/bd361d491097482fbce528b1f78ae98c.jpg,train/0740/f3f62449a3574231bb81ae1ceedebcc7.jpg,429,740,0.9919523000717163,0357dab32a1b61bf1a362dda2f2466c5a37ed19f71278feae784686133ae3963,6433099e17de048ad3defe1e02dd854efbacb96331fc9417e29830cb1ad8b5c7,True,False,8,0.10548359900712967,0.0,False,,medium
85368,110313,train/0429/bd361d491097482fbce528b1f78ae98c.jpg,train/0552/187eaf970371410fab3cc801b11ae51a.jpg,429,552,0.9914251565933228,0357dab32a1b61bf1a362dda2f2466c5a37ed19f71278feae784686133ae3963,9ac41aecf25fdddae5342b269dca1e0b95ec32edf48f7f6900e629436b0947f2,True,False,8,0.07952176034450531,0.0,False,,medium
85368,100133,train/0429/bd361d491097482fbce528b1f78ae98c.jpg,train/0501/da6c92597f6d4f89ad9a25dd3f9d66cd.jpg,429,501,0.9901307821273804,0357dab32a1b61bf1a362dda2f2466c5a37ed19f71278feae784686133ae3963,a1d879410d227ddc375b34b67986ee1c90b8ea74028b1690d163e6dd4eaad756,True,False,8,0.0788324624300003,0.0,False,,medium
93054,104850,train/0467/3b48f78de9e04c99af3ca4a65516a89b.jpg,train/0525/6920ba189c80487e95b69737363837c5.jpg,467,525,0.9923698902130127,dd78ac7e8513c79f51ee072d9fc9735ccafc07d5f9b86e6d9c65598976bb0bb2,2b20e885d031fa1624816b4f5360c5b6dbe8a9f3a4ae82750d7837d6a95f921c,True,False,4,0.017828810960054398,0.0,True,,medium
93091,140460,train/0467/81f0d7c78dd04e88a971b87a40d5b5cb.jpg,train/0708/05476ebb2a0e43e6b8623ebeba422022.jpg,467,708,0.9948669075965881,5a165bd7c1f2b6c66e27f107ab0a969e399afd9a264688ef0e89a3613bd2a687,7869b59985920947714a3be54b173b669764e99b5bcd260dbaf90e7842d47d73,True,False,24,0.17632222175598145,0.0,False,,medium
93091,97329,train/0467/81f0d7c78dd04e88a971b87a40d5b5cb.jpg,train/0488/1ec5d9b56c3847beb93c94d3d88efe8d.jpg,467,488,0.9946230053901672,5a165bd7c1f2b6c66e27f107ab0a969e399afd9a264688ef0e89a3613bd2a687,8af7c2bbfeec9531edbad35e6251cb2b0c6f610e51d36aa25eaa65dca0e0572c,True,False,20,0.16472801566123962,0.0,False,,medium
93091,98146,train/0467/81f0d7c78dd04e88a971b87a40d5b5cb.jpg,train/0492/3c0e412e10c2491e869291add1e6b267.jpg,467,492,0.994420051574707,5a165bd7c1f2b6c66e27f107ab0a969e399afd9a264688ef0e89a3613bd2a687,c73bdf16958e7053a8aa429f5a620e6e480bc94c93200cbb3e1fed19d7b04c7f,True,False,20,0.15737074613571167,0.0,False,,medium
93091,104822,train/0467/81f0d7c78dd04e88a971b87a40d5b5cb.jpg,train/0525/4cf34b2b71f14744a8a3c20befa28835.jpg,467,525,0.9941259622573853,5a165bd7c1f2b6c66e27f107ab0a969e399afd9a264688ef0e89a3613bd2a687,da7ad6d12579103552d30f093b260f06933f3f2066e92e5bfa243e2902c0e27a,True,False,22,0.17941762506961823,0.0,False,,medium
93091,110467,train/0467/81f0d7c78dd04e88a971b87a40d5b5cb.jpg,train/0552/fb1394ae047141b598d3dc25e077d104.jpg,467,552,0.9935693144798279,5a165bd7c1f2b6c66e27f107ab0a969e399afd9a264688ef0e89a3613bd2a687,85379820ea8c23ec22ff9d1e03345e959244ac45bf4bd725886310e7835fd16a,True,False,22,0.1541224867105484,0.0,False,,medium
93091,97741,train/0467/81f0d7c78dd04e88a971b87a40d5b5cb.jpg,train/0490/4c704bb418064f7b8fbf7bf51ab2f124.jpg,467,490,0.9935445189476013,5a165bd7c1f2b6c66e27f107ab0a969e399afd9a264688ef0e89a3613bd2a687,693dfc1f1990526e7f1f373c99fc41a3e250389823401284a713d179dc08b8ee,True,False,18,0.13377054035663605,0.0,False,,medium
93141,140479,train/0467/c7e633858db646f0b785ac909e178c2c.jpg,train/0708/2463e345da574257af0e98a316be5977.jpg,467,708,0.9915242195129395,cd245ed4b3aeaedf10e6ff3e0b3e6bbb2763f55ee588e855cd1b1b244b73ffb7,695fac276e3e954831e89ac147d518e341847a4cbb558dca41ae0fa53db965dc,True,False,18,0.14342522621154785,0.0,False,,medium
95424,146030,train/0478/9119e6ff634a487aab82760e96bfdfcb.jpg,train/0735/fb24b483bedb4054b886a45bce707a47.jpg,478,735,0.9921751022338867,e835996f126da76fca1ffcb07feac17a50a8ffd8adf431d037ee1a0637a64dbd,3ab92c8c96227d5024087e775c6ec7a8a487060e724bb342e5ec3f29d108cb02,True,False,2,0.01693483628332615,0.0,True,,medium
96205,120468,train/0482/bd6b866e83dd440b86b7eac9b5d26b2b.jpg,train/0604/24d13c9d9bc04dd19bc76cc1a68ec228.jpg,482,604,0.992732584476471,578c0adbe10efeb175a23428b413afb931f90afc0ee63e32772f3f446e35d7bf,fc85696ebaf83111b05d3a6a03f5c42e90eb3c14ee2ca69aba1130297cad39cd,True,False,18,0.21859653294086456,0.0,False,,medium
96826,135692,train/0485/549d08cd5d8545e5a7ca0297c6909d98.jpg,train/0683/49acae77a9e24224ae8059f8628f9c75.jpg,485,683,0.9942498803138733,4c4995b70f86db7fdaa2c78e0867473388eda8d63240ccebcb969d90877d65ae,0359a7130c5f9780a3816bdf77acc3abfcef1ac06312da5e038fe2da06f1a4c9,True,False,8,0.08401286602020264,0.0,False,,medium
97329,104822,train/0488/1ec5d9b56c3847beb93c94d3d88efe8d.jpg,train/0525/4cf34b2b71f14744a8a3c20befa28835.jpg,488,525,0.9944730997085571,8af7c2bbfeec9531edbad35e6251cb2b0c6f610e51d36aa25eaa65dca0e0572c,da7ad6d12579103552d30f093b260f06933f3f2066e92e5bfa243e2902c0e27a,True,False,24,0.16753849387168884,0.0,False,,medium
97329,97741,train/0488/1ec5d9b56c3847beb93c94d3d88efe8d.jpg,train/0490/4c704bb418064f7b8fbf7bf51ab2f124.jpg,488,490,0.9943073391914368,8af7c2bbfeec9531edbad35e6251cb2b0c6f610e51d36aa25eaa65dca0e0572c,693dfc1f1990526e7f1f373c99fc41a3e250389823401284a713d179dc08b8ee,True,False,20,0.15549173951148987,0.0,False,,medium
97329,133452,train/0488/1ec5d9b56c3847beb93c94d3d88efe8d.jpg,train/0669/ff5bad427c5d4172922511dc1f899bef.jpg,488,669,0.994238018989563,8af7c2bbfeec9531edbad35e6251cb2b0c6f610e51d36aa25eaa65dca0e0572c,a71f6a7167aab67a060e864f273279dca839c80452ceea200a5779a1b3ec43e4,True,False,28,0.1701926589012146,0.0,False,,medium
97329,109313,train/0488/1ec5d9b56c3847beb93c94d3d88efe8d.jpg,train/0546/faae1f6e9b244c0abd1359ca6fdd4c2b.jpg,488,546,0.9937000870704651,8af7c2bbfeec9531edbad35e6251cb2b0c6f610e51d36aa25eaa65dca0e0572c,b353d011011d5737c662aa9e39b8c5d5c3b3f4525d4425b4070c69787154050a,True,False,28,0.16370579600334167,0.0,False,,medium
97329,140460,train/0488/1ec5d9b56c3847beb93c94d3d88efe8d.jpg,train/0708/05476ebb2a0e43e6b8623ebeba422022.jpg,488,708,0.9934202432632446,8af7c2bbfeec9531edbad35e6251cb2b0c6f610e51d36aa25eaa65dca0e0572c,7869b59985920947714a3be54b173b669764e99b5bcd260dbaf90e7842d47d73,True,False,22,0.17394237220287323,0.0,False,,medium
97741,110467,train/0490/4c704bb418064f7b8fbf7bf51ab2f124.jpg,train/0552/fb1394ae047141b598d3dc25e077d104.jpg,490,552,0.9945313930511475,693dfc1f1990526e7f1f373c99fc41a3e250389823401284a713d179dc08b8ee,85379820ea8c23ec22ff9d1e03345e959244ac45bf4bd725886310e7835fd16a,True,False,16,0.1451655775308609,0.0,False,,medium
97741,104822,train/0490/4c704bb418064f7b8fbf7bf51ab2f124.jpg,train/0525/4cf34b2b71f14744a8a3c20befa28835.jpg,490,525,0.9938292503356934,693dfc1f1990526e7f1f373c99fc41a3e250389823401284a713d179dc08b8ee,da7ad6d12579103552d30f093b260f06933f3f2066e92e5bfa243e2902c0e27a,True,False,22,0.18028539419174194,0.0,False,,medium
97741,140480,train/0490/4c704bb418064f7b8fbf7bf51ab2f124.jpg,train/0708/252432b7f44842d3bdb352d04ed22cb0.jpg,490,708,0.9936105012893677,693dfc1f1990526e7f1f373c99fc41a3e250389823401284a713d179dc08b8ee,aa7b4d8f783e4f37fb83a5b4224d548101ef0dd932d0b9d55ae9a977c2d1de97,True,False,24,0.15830399096012115,0.0,False,,medium
97741,133452,train/0490/4c704bb418064f7b8fbf7bf51ab2f124.jpg,train/0669/ff5bad427c5d4172922511dc1f899bef.jpg,490,669,0.9935251474380493,693dfc1f1990526e7f1f373c99fc41a3e250389823401284a713d179dc08b8ee,a71f6a7167aab67a060e864f273279dca839c80452ceea200a5779a1b3ec43e4,True,False,16,0.16684499382972717,0.0,False,,medium
97741,109313,train/0490/4c704bb418064f7b8fbf7bf51ab2f124.jpg,train/0546/faae1f6e9b244c0abd1359ca6fdd4c2b.jpg,490,546,0.993274450302124,693dfc1f1990526e7f1f373c99fc41a3e250389823401284a713d179dc08b8ee,b353d011011d5737c662aa9e39b8c5d5c3b3f4525d4425b4070c69787154050a,True,False,24,0.17024418711662292,0.0,False,,medium
97741,122322,train/0490/4c704bb418064f7b8fbf7bf51ab2f124.jpg,train/0613/0138928f44a14e7db878091188dcd5ae.jpg,490,613,0.9925504922866821,693dfc1f1990526e7f1f373c99fc41a3e250389823401284a713d179dc08b8ee,4bdecf77ee5b5ad6f50c5a1524feb8faa01659907ae6bea3e87db8b274e85c75,True,False,16,0.1596004217863083,0.0,False,,medium
98146,140460,train/0492/3c0e412e10c2491e869291add1e6b267.jpg,train/0708/05476ebb2a0e43e6b8623ebeba422022.jpg,492,708,0.9951826333999634,c73bdf16958e7053a8aa429f5a620e6e480bc94c93200cbb3e1fed19d7b04c7f,7869b59985920947714a3be54b173b669764e99b5bcd260dbaf90e7842d47d73,True,False,20,0.15382513403892517,0.0,False,,medium
98146,104822,train/0492/3c0e412e10c2491e869291add1e6b267.jpg,train/0525/4cf34b2b71f14744a8a3c20befa28835.jpg,492,525,0.9945589303970337,c73bdf16958e7053a8aa429f5a620e6e480bc94c93200cbb3e1fed19d7b04c7f,da7ad6d12579103552d30f093b260f06933f3f2066e92e5bfa243e2902c0e27a,True,False,18,0.14194251596927643,0.0,False,,medium
98307,104862,train/0492/e2bc087169004c3e8890fc3357ef32c3.jpg,train/0525/7aae4c8d8680462cb4a8b9b287ccedd9.jpg,492,525,0.9946247935295105,bb6e369e23c560c35e151e0165d5d2bdba414d33cd2822272f391ee420e7e541,fc09b69caa322af0cd278b8acc9699fa0c6234fbd6c2abb882b64144a4b4a96c,True,False,6,0.04471813142299652,0.0,True,,medium
100228,127771,train/0502/4d32ec8f962c443f884fdc0919b23a50.jpg,train/0640/c2537c2e5a37481989939bf46fea2c82.jpg,502,640,0.991158127784729,a36cb435ae9fb61d3a3edd48d66a315c4fd1f876b4eefafbb8e28250eba25a51,9483ff133e9a175cf42929253fab18debe84d2716a28a600214d98e48fb0ed65,True,False,0,0.0015821012202650309,0.0022231367553143693,True,,medium
100692,107765,train/0504/749410c5ea5f46afa52fff9208481094.jpg,train/0539/9cdfe771938445e49453040767c620be.jpg,504,539,0.9985443949699402,e3d01c93bdba5ef21e49f43d5cccdd1a329f024ab4de10a3c23147151001b6bf,9ba3246a74f8eb6160468067ef68a673a6bb7b3c3bc55a75cfb415b9e6d24bbe,True,False,0,0.0015821009874343872,3.375175814981479e-05,True,,strong
104822,110467,train/0525/4cf34b2b71f14744a8a3c20befa28835.jpg,train/0552/fb1394ae047141b598d3dc25e077d104.jpg,525,552,0.9967941641807556,da7ad6d12579103552d30f093b260f06933f3f2066e92e5bfa243e2902c0e27a,85379820ea8c23ec22ff9d1e03345e959244ac45bf4bd725886310e7835fd16a,True,False,20,0.1423785537481308,0.0,False,,medium
104822,133452,train/0525/4cf34b2b71f14744a8a3c20befa28835.jpg,train/0669/ff5bad427c5d4172922511dc1f899bef.jpg,525,669,0.9941014647483826,da7ad6d12579103552d30f093b260f06933f3f2066e92e5bfa243e2902c0e27a,a71f6a7167aab67a060e864f273279dca839c80452ceea200a5779a1b3ec43e4,True,False,16,0.17598704993724823,0.0,False,,medium
104991,146798,train/0525/f52e64b6ab12460888ca3ffbbbec337b.jpg,train/0740/39ccce38ca014e89910fc4472dbfa11b.jpg,525,740,0.9911450743675232,5ae00b4931d039ab140ea2a000d8354a7308ceb3959c1c90033cbc20cc43e1d8,47532c1152356d5fe489afaa520db7d8a3637672cd261f84d1f019b3c8ec15aa,True,False,4,0.03433151915669441,0.0,True,,medium
108148,113340,train/0541/597ced61c5304f71b1ebf085d76c9299.jpg,train/0568/3b4c1d6fa5914450b70224664aaad698.jpg,541,568,0.9919906258583069,5264b19c8ac73f9c55a9c585b992df47e464ff0dad0c4dc902d675df7f692323,6f0d8425f41a3df84c267ad4ae3bd7cdbaabf4b6568d1d4d055014612550721f,True,False,0,0.0017899430822581053,0.0,True,,medium
108195,113340,train/0541/8b05c3f440294cd7b3a0e453d95cfbaf.jpg,train/0568/3b4c1d6fa5914450b70224664aaad698.jpg,541,568,0.9906970262527466,0066f5300c51e5adb9edc8ce24e87875d634293b454c1eb2808fcf10460c2a9c,6f0d8425f41a3df84c267ad4ae3bd7cdbaabf4b6568d1d4d055014612550721f,True,False,0,0.0017955278744921088,0.0014825799602228961,True,,medium
109313,133452,train/0546/faae1f6e9b244c0abd1359ca6fdd4c2b.jpg,train/0669/ff5bad427c5d4172922511dc1f899bef.jpg,546,669,0.9970661401748657,b353d011011d5737c662aa9e39b8c5d5c3b3f4525d4425b4070c69787154050a,a71f6a7167aab67a060e864f273279dca839c80452ceea200a5779a1b3ec43e4,True,False,12,0.08295811712741852,0.0,False,,medium
109313,122322,train/0546/faae1f6e9b244c0abd1359ca6fdd4c2b.jpg,train/0613/0138928f44a14e7db878091188dcd5ae.jpg,546,613,0.9937597513198853,b353d011011d5737c662aa9e39b8c5d5c3b3f4525d4425b4070c69787154050a,4bdecf77ee5b5ad6f50c5a1524feb8faa01659907ae6bea3e87db8b274e85c75,True,False,14,0.10156585276126862,0.0,False,,medium
109313,110467,train/0546/faae1f6e9b244c0abd1359ca6fdd4c2b.jpg,train/0552/fb1394ae047141b598d3dc25e077d104.jpg,546,552,0.9923795461654663,b353d011011d5737c662aa9e39b8c5d5c3b3f4525d4425b4070c69787154050a,85379820ea8c23ec22ff9d1e03345e959244ac45bf4bd725886310e7835fd16a,True,False,24,0.19401171803474426,0.0,False,,medium
110304,133438,train/0552/0b87e7de4c8046319ef93dfd185f729e.jpg,train/0669/f5e9dfaf194e48c5878df5bb559b67ed.jpg,552,669,0.9967656135559082,57f97f9659a47db9ad813d8fa9b5138d1d346c140daf98f96c9c2c4d82cc5cb7,e764e4b595819c8b7d74c3e5465055ab3da7e74a1c0a6bb22f6f730f7562bbaa,True,False,10,0.03126097097992897,0.0,False,,medium
110313,146925,train/0552/187eaf970371410fab3cc801b11ae51a.jpg,train/0740/f3f62449a3574231bb81ae1ceedebcc7.jpg,552,740,0.9905602931976318,9ac41aecf25fdddae5342b269dca1e0b95ec32edf48f7f6900e629436b0947f2,6433099e17de048ad3defe1e02dd854efbacb96331fc9417e29830cb1ad8b5c7,True,False,10,0.11461105197668076,0.0,False,,medium
110467,133452,train/0552/fb1394ae047141b598d3dc25e077d104.jpg,train/0669/ff5bad427c5d4172922511dc1f899bef.jpg,552,669,0.9930468797683716,85379820ea8c23ec22ff9d1e03345e959244ac45bf4bd725886310e7835fd16a,a71f6a7167aab67a060e864f273279dca839c80452ceea200a5779a1b3ec43e4,True,False,16,0.18535079061985016,0.0,False,,medium
110467,140460,train/0552/fb1394ae047141b598d3dc25e077d104.jpg,train/0708/05476ebb2a0e43e6b8623ebeba422022.jpg,552,708,0.9921364784240723,85379820ea8c23ec22ff9d1e03345e959244ac45bf4bd725886310e7835fd16a,7869b59985920947714a3be54b173b669764e99b5bcd260dbaf90e7842d47d73,True,False,20,0.1541849821805954,0.0,False,,medium
114881,125063,train/0575/d1fa8ad68d2a4423904ebbee4917cc3f.jpg,train/0626/d7f925728c1f4bddbdf941d84b05a43b.jpg,575,626,0.9913432002067566,bff4daa087b11b7e28cd307a68288067233a326fd6cee58eb4e923581790e6df,e2b87546d3dbafd1ce62fc2388b25b89c751c337ef62c11833e0d933a5ea77cb,True,False,10,0.047215789556503296,0.0,False,,medium
122322,133452,train/0613/0138928f44a14e7db878091188dcd5ae.jpg,train/0669/ff5bad427c5d4172922511dc1f899bef.jpg,613,669,0.9921558499336243,4bdecf77ee5b5ad6f50c5a1524feb8faa01659907ae6bea3e87db8b274e85c75,a71f6a7167aab67a060e864f273279dca839c80452ceea200a5779a1b3ec43e4,True,False,10,0.12902511656284332,0.0,False,,medium
122322,140480,train/0613/0138928f44a14e7db878091188dcd5ae.jpg,train/0708/252432b7f44842d3bdb352d04ed22cb0.jpg,613,708,0.9914104342460632,4bdecf77ee5b5ad6f50c5a1524feb8faa01659907ae6bea3e87db8b274e85c75,aa7b4d8f783e4f37fb83a5b4224d548101ef0dd932d0b9d55ae9a977c2d1de97,True,False,12,0.15224672853946686,0.0,False,,medium
122322,126087,train/0613/0138928f44a14e7db878091188dcd5ae.jpg,train/0632/1d0d91aa398f4327a85fdd859e245ee1.jpg,613,632,0.9902833104133606,4bdecf77ee5b5ad6f50c5a1524feb8faa01659907ae6bea3e87db8b274e85c75,3811b597fca2e8423b2ad752baa897a07fa65d30d26c2c8b58319fc20d9f0e3d,True,False,18,0.20256349444389343,0.0,False,,medium
123228,127540,train/0617/50a19f342bad41a098e64daec1e3edaf.jpg,train/0639/a73588e4f0bf4784aba34c7a914e8f89.jpg,617,639,0.9990004301071167,707a2f791d1bbe609f5ca5bba7722d6368ed0b401c839e049756aa056ec60464,096bc3268d9e185f814ce2e73ec989cd61806b0ae058037a485dc5090b41ac05,True,False,0,0.0012417224934324622,0.0005724332658255119,True,,strong
123228,127486,train/0617/50a19f342bad41a098e64daec1e3edaf.jpg,train/0639/70e800cb8b564f1eb58db97d408a14ad.jpg,617,639,0.9969245791435242,707a2f791d1bbe609f5ca5bba7722d6368ed0b401c839e049756aa056ec60464,827151dd21f8462d6e8be74cbc45dfab193e25b56f9f2889a4480b34baff84e0,True,False,0,0.0017156862886622548,0.0007996801705642901,True,,strong
126087,127459,train/0632/1d0d91aa398f4327a85fdd859e245ee1.jpg,train/0639/4b8343ea9ec14345bb82675cc05091f5.jpg,632,639,0.9924454092979431,3811b597fca2e8423b2ad752baa897a07fa65d30d26c2c8b58319fc20d9f0e3d,fcb3593fa670a09ca848134eaf8f3f9bd00da067c098d3b19afe5cb051843070,True,False,18,0.12075002491474152,0.0,False,,medium
126087,140480,train/0632/1d0d91aa398f4327a85fdd859e245ee1.jpg,train/0708/252432b7f44842d3bdb352d04ed22cb0.jpg,632,708,0.9922595024108887,3811b597fca2e8423b2ad752baa897a07fa65d30d26c2c8b58319fc20d9f0e3d,aa7b4d8f783e4f37fb83a5b4224d548101ef0dd932d0b9d55ae9a977c2d1de97,True,False,22,0.12937910854816437,0.0,False,,medium
133438,146808,train/0669/f5e9dfaf194e48c5878df5bb559b67ed.jpg,train/0740/46021898666b4d8b949c867ac7a10790.jpg,669,740,0.9903895258903503,e764e4b595819c8b7d74c3e5465055ab3da7e74a1c0a6bb22f6f730f7562bbaa,44ed3b54db96140e5696b2d07ffcc093174514e0e7027c7dbd754a71e475a1eb,True,False,12,0.03873531147837639,0.0,False,,medium
142021,146586,train/0716/04e195e5e2484af996c4f42ed1b8ec1a.jpg,train/0739/164f76ca27b642c0b855d84f20f6ae07.jpg,716,739,0.9973278045654297,2f8b4c693544e9d1ee7301669e3cb1f34ad5cf67d637bc3192f7342b6f7ecf61,cec6d585ccc1e2ab5092da4fc190e51add9f02b6672f103f537aa5a04166b604,True,False,0,0.001582101103849709,0.0006189453743870362,True,,strong
142212,146606,train/0716/fce875d493c24a4e9705769b44de3808.jpg,train/0739/2827f12869db4e68aa2e814564fc8fde.jpg,716,739,1.0000001192092896,cab6be5c316c0c75b2e2e66981252ec2a13d0d7fa3d0480acb75c6ac65455436,aa7b5d965b8764f36fbfef7d7d0ef351a90d6388ed212dc6695c7489a9f26915,True,False,0,0.005649673752486706,0.0,True,,strong
