threshold,cross_label_pairs,perceptual_confirmed_pairs,perceptual_confirmed_images,cross_label_perceptual_ratio
0.94,25937,567,682,0.021860662374214444
0.945,16459,549,650,0.03335561091196306
0.95,10106,526,617,0.05204828814565605
0.955,6033,502,575,0.08320901707276646
0.96,3807,472,536,0.12398213816653533
0.965,2645,445,496,0.16824196597353497
0.97,2048,385,426,0.18798828125
0.975,1532,339,389,0.2212793733681462
0.98,994,249,323,0.2505030181086519
0.985,599,169,263,0.28213689482470783
0.99,334,84,150,0.25149700598802394
0.995,160,42,80,0.2625
