label,samples,raw_affected,affected,strong,medium,affected_rate,equivalent_supervision_loss,supervision_loss_rate,stratum
0,238,0,0,0,0,0.0,0.0,0.0,middle
1,219,0,0,0,0,0.0,0.0,0.0,middle
2,182,0,0,0,0,0.0,0.0,0.0,middle
3,239,0,0,0,0,0.0,0.0,0.0,middle
4,215,0,0,0,0,0.0,0.0,0.0,middle
5,160,0,0,0,0,0.0,0.0,0.0,middle
6,187,0,0,0,0,0.0,0.0,0.0,middle
7,246,2,2,2,0,0.008130081300813009,1.6,0.0065040650406504065,head
8,248,0,0,0,0,0.0,0.0,0.0,head
9,197,1,1,1,0,0.005076142131979695,0.8,0.0040609137055837565,middle
10,200,0,0,0,0,0.0,0.0,0.0,middle
11,178,0,0,0,0,0.0,0.0,0.0,middle
12,191,0,0,0,0,0.0,0.0,0.0,middle
13,167,0,0,0,0,0.0,0.0,0.0,middle
14,170,1,1,1,0,0.0058823529411764705,0.8,0.004705882352941177,middle
15,235,0,0,0,0,0.0,0.0,0.0,middle
16,222,0,0,0,0,0.0,0.0,0.0,middle
17,159,0,0,0,0,0.0,0.0,0.0,tail
18,244,0,0,0,0,0.0,0.0,0.0,head
19,28,0,0,0,0,0.0,0.0,0.0,tail
20,184,0,0,0,0,0.0,0.0,0.0,middle
21,220,0,0,0,0,0.0,0.0,0.0,middle
22,218,0,0,0,0,0.0,0.0,0.0,middle
23,194,2,2,2,0,0.010309278350515464,1.6,0.008247422680412371,middle
24,243,1,1,0,1,0.00411522633744856,0.5,0.00205761316872428,head
25,198,0,0,0,0,0.0,0.0,0.0,middle
26,200,0,0,0,0,0.0,0.0,0.0,middle
27,230,0,0,0,0,0.0,0.0,0.0,middle
28,224,3,3,0,3,0.013392857142857142,1.5,0.006696428571428571,middle
29,200,0,0,0,0,0.0,0.0,0.0,middle
30,178,0,0,0,0,0.0,0.0,0.0,middle
31,182,1,1,0,1,0.005494505494505495,0.5,0.0027472527472527475,middle
32,179,0,0,0,0,0.0,0.0,0.0,middle
33,216,0,0,0,0,0.0,0.0,0.0,middle
34,232,0,0,0,0,0.0,0.0,0.0,middle
35,229,0,0,0,0,0.0,0.0,0.0,middle
36,183,0,0,0,0,0.0,0.0,0.0,middle
37,181,0,0,0,0,0.0,0.0,0.0,middle
38,185,0,0,0,0,0.0,0.0,0.0,middle
39,184,2,2,1,1,0.010869565217391304,1.3,0.007065217391304348,middle
40,213,0,0,0,0,0.0,0.0,0.0,middle
41,189,0,0,0,0,0.0,0.0,0.0,middle
42,178,1,1,0,1,0.0056179775280898875,0.5,0.0028089887640449437,middle
43,229,0,0,0,0,0.0,0.0,0.0,middle
44,226,0,0,0,0,0.0,0.0,0.0,middle
45,248,0,0,0,0,0.0,0.0,0.0,head
46,13,0,0,0,0,0.0,0.0,0.0,tail
47,200,0,0,0,0,0.0,0.0,0.0,middle
48,219,0,0,0,0,0.0,0.0,0.0,middle
49,222,0,0,0,0,0.0,0.0,0.0,middle
50,163,0,0,0,0,0.0,0.0,0.0,middle
51,196,0,0,0,0,0.0,0.0,0.0,middle
52,229,1,1,1,0,0.004366812227074236,0.8,0.0034934497816593887,middle
53,213,1,1,0,1,0.004694835680751174,0.5,0.002347417840375587,middle
54,215,0,0,0,0,0.0,0.0,0.0,middle
55,160,0,0,0,0,0.0,0.0,0.0,middle
56,192,0,0,0,0,0.0,0.0,0.0,middle
57,236,2,2,1,1,0.00847457627118644,1.3,0.005508474576271186,middle
58,122,0,0,0,0,0.0,0.0,0.0,tail
59,244,2,2,2,0,0.00819672131147541,1.6,0.006557377049180328,head
60,185,0,0,0,0,0.0,0.0,0.0,middle
61,225,0,0,0,0,0.0,0.0,0.0,middle
62,163,0,0,0,0,0.0,0.0,0.0,middle
63,230,1,1,1,0,0.004347826086956522,0.8,0.0034782608695652175,middle
64,187,0,0,0,0,0.0,0.0,0.0,middle
65,218,0,0,0,0,0.0,0.0,0.0,middle
66,194,1,1,0,1,0.005154639175257732,0.5,0.002577319587628866,middle
67,223,0,0,0,0,0.0,0.0,0.0,middle
68,246,0,0,0,0,0.0,0.0,0.0,head
69,221,1,1,0,1,0.004524886877828055,0.5,0.0022624434389140274,middle
70,183,1,1,0,1,0.00546448087431694,0.5,0.00273224043715847,middle
71,244,0,0,0,0,0.0,0.0,0.0,head
72,168,1,1,0,1,0.005952380952380952,0.5,0.002976190476190476,middle
73,241,0,0,0,0,0.0,0.0,0.0,head
74,229,0,0,0,0,0.0,0.0,0.0,middle
75,171,0,0,0,0,0.0,0.0,0.0,middle
76,217,0,0,0,0,0.0,0.0,0.0,middle
77,226,0,0,0,0,0.0,0.0,0.0,middle
78,247,0,0,0,0,0.0,0.0,0.0,head
79,215,0,0,0,0,0.0,0.0,0.0,middle
80,248,1,1,0,1,0.004032258064516129,0.5,0.0020161290322580645,head
81,159,1,1,0,1,0.006289308176100629,0.5,0.0031446540880503146,tail
82,194,0,0,0,0,0.0,0.0,0.0,middle
83,194,1,1,0,1,0.005154639175257732,0.5,0.002577319587628866,middle
84,197,0,0,0,0,0.0,0.0,0.0,middle
85,220,0,0,0,0,0.0,0.0,0.0,middle
86,182,0,0,0,0,0.0,0.0,0.0,middle
87,195,0,0,0,0,0.0,0.0,0.0,middle
88,221,0,0,0,0,0.0,0.0,0.0,middle
89,166,0,0,0,0,0.0,0.0,0.0,middle
90,184,0,0,0,0,0.0,0.0,0.0,middle
91,168,1,1,0,1,0.005952380952380952,0.5,0.002976190476190476,middle
92,179,0,0,0,0,0.0,0.0,0.0,middle
93,178,0,0,0,0,0.0,0.0,0.0,middle
94,222,0,0,0,0,0.0,0.0,0.0,middle
95,248,0,0,0,0,0.0,0.0,0.0,head
96,199,0,0,0,0,0.0,0.0,0.0,middle
97,151,0,0,0,0,0.0,0.0,0.0,tail
98,167,0,0,0,0,0.0,0.0,0.0,middle
99,200,0,0,0,0,0.0,0.0,0.0,middle
100,191,0,0,0,0,0.0,0.0,0.0,middle
101,187,0,0,0,0,0.0,0.0,0.0,middle
102,167,1,1,0,1,0.005988023952095809,0.5,0.0029940119760479044,middle
103,232,0,0,0,0,0.0,0.0,0.0,middle
104,176,0,0,0,0,0.0,0.0,0.0,middle
105,240,0,0,0,0,0.0,0.0,0.0,head
106,240,4,4,3,1,0.016666666666666666,2.9000000000000004,0.012083333333333335,head
107,195,0,0,0,0,0.0,0.0,0.0,middle
108,170,0,0,0,0,0.0,0.0,0.0,middle
109,236,0,0,0,0,0.0,0.0,0.0,middle
110,221,0,0,0,0,0.0,0.0,0.0,middle
111,223,1,1,0,1,0.004484304932735426,0.5,0.002242152466367713,middle
112,235,1,1,1,0,0.00425531914893617,0.8,0.0034042553191489366,middle
113,181,0,0,0,0,0.0,0.0,0.0,middle
114,58,0,0,0,0,0.0,0.0,0.0,tail
115,196,0,0,0,0,0.0,0.0,0.0,middle
116,195,0,0,0,0,0.0,0.0,0.0,middle
117,227,0,0,0,0,0.0,0.0,0.0,middle
118,176,1,1,1,0,0.005681818181818182,0.8,0.004545454545454546,middle
119,173,0,0,0,0,0.0,0.0,0.0,middle
120,243,0,0,0,0,0.0,0.0,0.0,head
121,178,0,0,0,0,0.0,0.0,0.0,middle
122,168,0,0,0,0,0.0,0.0,0.0,middle
123,194,0,0,0,0,0.0,0.0,0.0,middle
124,234,0,0,0,0,0.0,0.0,0.0,middle
125,219,1,1,1,0,0.0045662100456621,0.8,0.0036529680365296807,middle
126,232,2,2,0,2,0.008620689655172414,1.0,0.004310344827586207,middle
127,234,1,1,0,1,0.004273504273504274,0.5,0.002136752136752137,middle
128,166,0,0,0,0,0.0,0.0,0.0,middle
129,173,0,0,0,0,0.0,0.0,0.0,middle
130,245,1,1,1,0,0.004081632653061225,0.8,0.0032653061224489797,head
131,244,0,0,0,0,0.0,0.0,0.0,head
132,173,0,0,0,0,0.0,0.0,0.0,middle
133,241,0,0,0,0,0.0,0.0,0.0,head
134,194,1,1,0,1,0.005154639175257732,0.5,0.002577319587628866,middle
135,199,0,0,0,0,0.0,0.0,0.0,middle
136,230,0,0,0,0,0.0,0.0,0.0,middle
137,161,0,0,0,0,0.0,0.0,0.0,middle
138,178,0,0,0,0,0.0,0.0,0.0,middle
139,218,0,0,0,0,0.0,0.0,0.0,middle
140,218,0,0,0,0,0.0,0.0,0.0,middle
141,189,3,3,1,2,0.015873015873015872,1.8,0.009523809523809525,middle
142,240,1,1,0,1,0.004166666666666667,0.5,0.0020833333333333333,head
143,196,0,0,0,0,0.0,0.0,0.0,middle
144,159,1,1,0,1,0.006289308176100629,0.5,0.0031446540880503146,tail
145,91,0,0,0,0,0.0,0.0,0.0,tail
146,221,0,0,0,0,0.0,0.0,0.0,middle
147,189,0,0,0,0,0.0,0.0,0.0,middle
148,171,0,0,0,0,0.0,0.0,0.0,middle
149,236,0,0,0,0,0.0,0.0,0.0,middle
150,221,0,0,0,0,0.0,0.0,0.0,middle
151,195,0,0,0,0,0.0,0.0,0.0,middle
152,156,0,0,0,0,0.0,0.0,0.0,tail
153,183,0,0,0,0,0.0,0.0,0.0,middle
154,160,0,0,0,0,0.0,0.0,0.0,middle
155,224,0,0,0,0,0.0,0.0,0.0,middle
156,224,0,0,0,0,0.0,0.0,0.0,middle
157,236,1,1,0,1,0.00423728813559322,0.5,0.00211864406779661,middle
158,221,0,0,0,0,0.0,0.0,0.0,middle
159,190,0,0,0,0,0.0,0.0,0.0,middle
160,238,0,0,0,0,0.0,0.0,0.0,middle
161,178,0,0,0,0,0.0,0.0,0.0,middle
162,233,0,0,0,0,0.0,0.0,0.0,middle
163,153,1,1,0,1,0.006535947712418301,0.5,0.0032679738562091504,tail
164,227,0,0,0,0,0.0,0.0,0.0,middle
165,224,0,0,0,0,0.0,0.0,0.0,middle
166,197,0,0,0,0,0.0,0.0,0.0,middle
167,227,0,0,0,0,0.0,0.0,0.0,middle
168,239,0,0,0,0,0.0,0.0,0.0,middle
169,234,0,0,0,0,0.0,0.0,0.0,middle
170,187,0,0,0,0,0.0,0.0,0.0,middle
171,247,0,0,0,0,0.0,0.0,0.0,head
172,246,1,1,1,0,0.0040650406504065045,0.8,0.0032520325203252032,head
173,213,1,1,0,1,0.004694835680751174,0.5,0.002347417840375587,middle
174,195,0,0,0,0,0.0,0.0,0.0,middle
175,213,0,0,0,0,0.0,0.0,0.0,middle
176,165,0,0,0,0,0.0,0.0,0.0,middle
177,221,2,2,0,2,0.00904977375565611,1.0,0.004524886877828055,middle
178,168,0,0,0,0,0.0,0.0,0.0,middle
179,224,5,5,1,4,0.022321428571428572,2.8,0.012499999999999999,middle
180,232,0,0,0,0,0.0,0.0,0.0,middle
181,228,1,1,0,1,0.0043859649122807015,0.5,0.0021929824561403508,middle
182,233,0,0,0,0,0.0,0.0,0.0,middle
183,5,0,0,0,0,0.0,0.0,0.0,tail
184,238,0,0,0,0,0.0,0.0,0.0,middle
185,167,0,0,0,0,0.0,0.0,0.0,middle
186,178,0,0,0,0,0.0,0.0,0.0,middle
187,189,1,1,0,1,0.005291005291005291,0.5,0.0026455026455026454,middle
188,182,0,0,0,0,0.0,0.0,0.0,middle
189,187,0,0,0,0,0.0,0.0,0.0,middle
190,237,0,0,0,0,0.0,0.0,0.0,middle
191,247,0,0,0,0,0.0,0.0,0.0,head
192,228,0,0,0,0,0.0,0.0,0.0,middle
193,167,0,0,0,0,0.0,0.0,0.0,middle
194,215,1,1,1,0,0.004651162790697674,0.8,0.0037209302325581397,middle
195,197,0,0,0,0,0.0,0.0,0.0,middle
196,245,0,0,0,0,0.0,0.0,0.0,head
197,167,0,0,0,0,0.0,0.0,0.0,middle
198,241,0,0,0,0,0.0,0.0,0.0,head
199,231,0,0,0,0,0.0,0.0,0.0,middle
200,186,0,0,0,0,0.0,0.0,0.0,middle
201,244,0,0,0,0,0.0,0.0,0.0,head
202,232,3,3,2,1,0.01293103448275862,2.1,0.009051724137931035,middle
203,242,0,0,0,0,0.0,0.0,0.0,head
204,216,0,0,0,0,0.0,0.0,0.0,middle
205,163,0,0,0,0,0.0,0.0,0.0,middle
206,247,0,0,0,0,0.0,0.0,0.0,head
207,237,0,0,0,0,0.0,0.0,0.0,middle
208,170,0,0,0,0,0.0,0.0,0.0,middle
209,178,0,0,0,0,0.0,0.0,0.0,middle
210,180,0,0,0,0,0.0,0.0,0.0,middle
211,185,0,0,0,0,0.0,0.0,0.0,middle
212,161,0,0,0,0,0.0,0.0,0.0,middle
213,180,0,0,0,0,0.0,0.0,0.0,middle
214,198,0,0,0,0,0.0,0.0,0.0,middle
215,224,0,0,0,0,0.0,0.0,0.0,middle
216,176,0,0,0,0,0.0,0.0,0.0,middle
217,244,2,2,1,1,0.00819672131147541,1.3,0.005327868852459017,head
218,222,1,1,1,0,0.0045045045045045045,0.8,0.0036036036036036037,middle
219,193,0,0,0,0,0.0,0.0,0.0,middle
220,214,0,0,0,0,0.0,0.0,0.0,middle
221,191,0,0,0,0,0.0,0.0,0.0,middle
222,164,0,0,0,0,0.0,0.0,0.0,middle
223,216,0,0,0,0,0.0,0.0,0.0,middle
224,220,0,0,0,0,0.0,0.0,0.0,middle
225,156,0,0,0,0,0.0,0.0,0.0,tail
226,224,0,0,0,0,0.0,0.0,0.0,middle
227,227,0,0,0,0,0.0,0.0,0.0,middle
228,227,1,1,0,1,0.004405286343612335,0.5,0.0022026431718061676,middle
229,163,0,0,0,0,0.0,0.0,0.0,middle
230,217,0,0,0,0,0.0,0.0,0.0,middle
231,166,0,0,0,0,0.0,0.0,0.0,middle
232,199,3,3,0,3,0.01507537688442211,1.5,0.007537688442211055,middle
233,230,0,0,0,0,0.0,0.0,0.0,middle
234,231,0,0,0,0,0.0,0.0,0.0,middle
235,225,1,1,1,0,0.0044444444444444444,0.8,0.0035555555555555557,middle
236,218,0,0,0,0,0.0,0.0,0.0,middle
237,151,0,0,0,0,0.0,0.0,0.0,tail
238,181,1,1,1,0,0.0055248618784530384,0.8,0.004419889502762431,middle
239,221,0,0,0,0,0.0,0.0,0.0,middle
240,237,0,0,0,0,0.0,0.0,0.0,middle
241,178,0,0,0,0,0.0,0.0,0.0,middle
242,186,0,0,0,0,0.0,0.0,0.0,middle
243,239,1,1,1,0,0.0041841004184100415,0.8,0.0033472803347280337,middle
244,173,0,0,0,0,0.0,0.0,0.0,middle
245,189,0,0,0,0,0.0,0.0,0.0,middle
246,239,0,0,0,0,0.0,0.0,0.0,middle
247,223,6,6,2,4,0.026905829596412557,3.6,0.016143497757847534,middle
248,244,0,0,0,0,0.0,0.0,0.0,head
249,192,0,0,0,0,0.0,0.0,0.0,middle
250,192,4,4,0,4,0.020833333333333332,2.0,0.010416666666666666,middle
251,155,0,0,0,0,0.0,0.0,0.0,tail
252,231,0,0,0,0,0.0,0.0,0.0,middle
253,227,0,0,0,0,0.0,0.0,0.0,middle
254,189,1,1,0,1,0.005291005291005291,0.5,0.0026455026455026454,middle
255,172,0,0,0,0,0.0,0.0,0.0,middle
256,158,0,0,0,0,0.0,0.0,0.0,tail
257,230,0,0,0,0,0.0,0.0,0.0,middle
258,194,0,0,0,0,0.0,0.0,0.0,middle
259,240,0,0,0,0,0.0,0.0,0.0,head
260,219,0,0,0,0,0.0,0.0,0.0,middle
261,242,0,0,0,0,0.0,0.0,0.0,head
262,214,0,0,0,0,0.0,0.0,0.0,middle
263,161,0,0,0,0,0.0,0.0,0.0,middle
264,158,3,3,1,2,0.0189873417721519,1.8,0.01139240506329114,tail
265,227,3,3,1,2,0.013215859030837005,1.8,0.007929515418502203,middle
266,174,0,0,0,0,0.0,0.0,0.0,middle
267,246,0,0,0,0,0.0,0.0,0.0,head
268,177,0,0,0,0,0.0,0.0,0.0,middle
269,235,0,0,0,0,0.0,0.0,0.0,middle
270,163,2,2,2,0,0.012269938650306749,1.6,0.0098159509202454,middle
271,188,0,0,0,0,0.0,0.0,0.0,middle
272,151,0,0,0,0,0.0,0.0,0.0,tail
273,173,1,1,0,1,0.005780346820809248,0.5,0.002890173410404624,middle
274,159,0,0,0,0,0.0,0.0,0.0,tail
275,164,0,0,0,0,0.0,0.0,0.0,middle
276,243,0,0,0,0,0.0,0.0,0.0,head
277,238,0,0,0,0,0.0,0.0,0.0,middle
278,162,0,0,0,0,0.0,0.0,0.0,middle
279,226,0,0,0,0,0.0,0.0,0.0,middle
280,151,0,0,0,0,0.0,0.0,0.0,tail
281,196,0,0,0,0,0.0,0.0,0.0,middle
282,183,0,0,0,0,0.0,0.0,0.0,middle
283,221,0,0,0,0,0.0,0.0,0.0,middle
284,152,0,0,0,0,0.0,0.0,0.0,tail
285,160,0,0,0,0,0.0,0.0,0.0,middle
286,239,0,0,0,0,0.0,0.0,0.0,middle
287,237,0,0,0,0,0.0,0.0,0.0,middle
288,230,0,0,0,0,0.0,0.0,0.0,middle
289,222,0,0,0,0,0.0,0.0,0.0,middle
290,218,0,0,0,0,0.0,0.0,0.0,middle
291,161,2,2,1,1,0.012422360248447204,1.3,0.008074534161490683,middle
292,223,0,0,0,0,0.0,0.0,0.0,middle
293,228,0,0,0,0,0.0,0.0,0.0,middle
294,194,0,0,0,0,0.0,0.0,0.0,middle
295,236,0,0,0,0,0.0,0.0,0.0,middle
296,197,1,1,0,1,0.005076142131979695,0.5,0.0025380710659898475,middle
297,213,0,0,0,0,0.0,0.0,0.0,middle
298,193,1,1,1,0,0.0051813471502590676,0.8,0.004145077720207254,middle
299,157,0,0,0,0,0.0,0.0,0.0,tail
300,228,0,0,0,0,0.0,0.0,0.0,middle
301,165,0,0,0,0,0.0,0.0,0.0,middle
302,239,0,0,0,0,0.0,0.0,0.0,middle
303,220,1,1,1,0,0.004545454545454545,0.8,0.0036363636363636364,middle
304,145,0,0,0,0,0.0,0.0,0.0,tail
305,31,0,0,0,0,0.0,0.0,0.0,tail
306,222,0,0,0,0,0.0,0.0,0.0,middle
307,177,2,2,1,1,0.011299435028248588,1.3,0.007344632768361582,middle
308,172,0,0,0,0,0.0,0.0,0.0,middle
309,197,0,0,0,0,0.0,0.0,0.0,middle
310,230,2,2,0,2,0.008695652173913044,1.0,0.004347826086956522,middle
311,165,0,0,0,0,0.0,0.0,0.0,middle
312,177,0,0,0,0,0.0,0.0,0.0,middle
313,189,0,0,0,0,0.0,0.0,0.0,middle
314,220,0,0,0,0,0.0,0.0,0.0,middle
315,197,0,0,0,0,0.0,0.0,0.0,middle
316,218,1,1,0,1,0.0045871559633027525,0.5,0.0022935779816513763,middle
317,153,2,2,1,1,0.013071895424836602,1.3,0.008496732026143792,tail
318,119,3,3,2,1,0.025210084033613446,2.1,0.01764705882352941,tail
319,216,1,1,1,0,0.004629629629629629,0.8,0.003703703703703704,middle
320,240,0,0,0,0,0.0,0.0,0.0,head
321,188,0,0,0,0,0.0,0.0,0.0,middle
322,188,0,0,0,0,0.0,0.0,0.0,middle
323,196,0,0,0,0,0.0,0.0,0.0,middle
324,124,0,0,0,0,0.0,0.0,0.0,tail
325,200,0,0,0,0,0.0,0.0,0.0,middle
326,189,2,2,0,2,0.010582010582010581,1.0,0.005291005291005291,middle
327,247,0,0,0,0,0.0,0.0,0.0,head
328,191,0,0,0,0,0.0,0.0,0.0,middle
329,235,0,0,0,0,0.0,0.0,0.0,middle
330,79,0,0,0,0,0.0,0.0,0.0,tail
331,233,2,2,0,2,0.008583690987124463,1.0,0.004291845493562232,middle
332,170,0,0,0,0,0.0,0.0,0.0,middle
333,187,1,1,1,0,0.0053475935828877,0.8,0.0042780748663101605,middle
334,200,0,0,0,0,0.0,0.0,0.0,middle
335,158,1,1,0,1,0.006329113924050633,0.5,0.0031645569620253164,tail
336,165,0,0,0,0,0.0,0.0,0.0,middle
337,172,0,0,0,0,0.0,0.0,0.0,middle
338,199,0,0,0,0,0.0,0.0,0.0,middle
339,235,0,0,0,0,0.0,0.0,0.0,middle
340,200,0,0,0,0,0.0,0.0,0.0,middle
341,151,1,1,0,1,0.006622516556291391,0.5,0.0033112582781456954,tail
342,234,0,0,0,0,0.0,0.0,0.0,middle
343,179,0,0,0,0,0.0,0.0,0.0,middle
344,227,0,0,0,0,0.0,0.0,0.0,middle
345,191,0,0,0,0,0.0,0.0,0.0,middle
346,162,0,0,0,0,0.0,0.0,0.0,middle
347,198,0,0,0,0,0.0,0.0,0.0,middle
348,217,0,0,0,0,0.0,0.0,0.0,middle
349,225,0,0,0,0,0.0,0.0,0.0,middle
350,175,0,0,0,0,0.0,0.0,0.0,middle
351,231,0,0,0,0,0.0,0.0,0.0,middle
352,157,0,0,0,0,0.0,0.0,0.0,tail
353,200,0,0,0,0,0.0,0.0,0.0,middle
354,215,0,0,0,0,0.0,0.0,0.0,middle
355,162,0,0,0,0,0.0,0.0,0.0,middle
356,220,0,0,0,0,0.0,0.0,0.0,middle
357,240,0,0,0,0,0.0,0.0,0.0,head
358,193,0,0,0,0,0.0,0.0,0.0,middle
359,241,1,1,0,1,0.004149377593360996,0.5,0.002074688796680498,head
360,187,0,0,0,0,0.0,0.0,0.0,middle
361,150,1,1,0,1,0.006666666666666667,0.5,0.0033333333333333335,tail
362,238,1,1,0,1,0.004201680672268907,0.5,0.0021008403361344537,middle
363,241,1,1,1,0,0.004149377593360996,0.8,0.003319502074688797,head
364,245,2,2,2,0,0.00816326530612245,1.6,0.006530612244897959,head
365,192,0,0,0,0,0.0,0.0,0.0,middle
366,236,0,0,0,0,0.0,0.0,0.0,middle
367,229,0,0,0,0,0.0,0.0,0.0,middle
368,219,0,0,0,0,0.0,0.0,0.0,middle
369,247,0,0,0,0,0.0,0.0,0.0,head
370,154,0,0,0,0,0.0,0.0,0.0,tail
371,173,0,0,0,0,0.0,0.0,0.0,middle
372,225,0,0,0,0,0.0,0.0,0.0,middle
373,174,0,0,0,0,0.0,0.0,0.0,middle
374,192,0,0,0,0,0.0,0.0,0.0,middle
375,155,0,0,0,0,0.0,0.0,0.0,tail
376,231,0,0,0,0,0.0,0.0,0.0,middle
377,184,0,0,0,0,0.0,0.0,0.0,middle
378,156,0,0,0,0,0.0,0.0,0.0,tail
379,154,1,1,0,1,0.006493506493506494,0.5,0.003246753246753247,tail
380,247,1,1,1,0,0.004048582995951417,0.8,0.003238866396761134,head
381,188,0,0,0,0,0.0,0.0,0.0,middle
382,186,0,0,0,0,0.0,0.0,0.0,middle
383,196,0,0,0,0,0.0,0.0,0.0,middle
384,174,0,0,0,0,0.0,0.0,0.0,middle
385,189,0,0,0,0,0.0,0.0,0.0,middle
386,160,1,1,1,0,0.00625,0.8,0.005,middle
387,157,0,0,0,0,0.0,0.0,0.0,tail
388,233,0,0,0,0,0.0,0.0,0.0,middle
389,153,0,0,0,0,0.0,0.0,0.0,tail
390,221,0,0,0,0,0.0,0.0,0.0,middle
391,176,0,0,0,0,0.0,0.0,0.0,middle
392,192,0,0,0,0,0.0,0.0,0.0,middle
393,181,0,0,0,0,0.0,0.0,0.0,middle
394,199,0,0,0,0,0.0,0.0,0.0,middle
395,225,0,0,0,0,0.0,0.0,0.0,middle
396,223,0,0,0,0,0.0,0.0,0.0,middle
397,216,0,0,0,0,0.0,0.0,0.0,middle
398,186,0,0,0,0,0.0,0.0,0.0,middle
399,215,0,0,0,0,0.0,0.0,0.0,middle
400,153,1,1,0,1,0.006535947712418301,0.5,0.0032679738562091504,tail
401,226,0,0,0,0,0.0,0.0,0.0,middle
402,246,2,2,0,2,0.008130081300813009,1.0,0.0040650406504065045,head
403,215,1,1,1,0,0.004651162790697674,0.8,0.0037209302325581397,middle
404,171,0,0,0,0,0.0,0.0,0.0,middle
405,162,0,0,0,0,0.0,0.0,0.0,middle
406,170,0,0,0,0,0.0,0.0,0.0,middle
407,99,1,1,0,1,0.010101010101010102,0.5,0.005050505050505051,tail
408,223,0,0,0,0,0.0,0.0,0.0,middle
409,179,0,0,0,0,0.0,0.0,0.0,middle
410,156,0,0,0,0,0.0,0.0,0.0,tail
411,228,0,0,0,0,0.0,0.0,0.0,middle
412,217,0,0,0,0,0.0,0.0,0.0,middle
413,22,0,0,0,0,0.0,0.0,0.0,tail
414,177,0,0,0,0,0.0,0.0,0.0,middle
415,157,0,0,0,0,0.0,0.0,0.0,tail
416,241,1,1,1,0,0.004149377593360996,0.8,0.003319502074688797,head
417,172,2,2,0,2,0.011627906976744186,1.0,0.005813953488372093,middle
418,150,0,0,0,0,0.0,0.0,0.0,tail
419,234,0,0,0,0,0.0,0.0,0.0,middle
420,188,5,5,1,4,0.026595744680851064,2.8,0.014893617021276595,middle
421,245,1,1,0,1,0.004081632653061225,0.5,0.0020408163265306124,head
422,173,0,0,0,0,0.0,0.0,0.0,middle
423,225,0,0,0,0,0.0,0.0,0.0,middle
424,190,0,0,0,0,0.0,0.0,0.0,middle
425,193,0,0,0,0,0.0,0.0,0.0,middle
426,226,0,0,0,0,0.0,0.0,0.0,middle
427,247,0,0,0,0,0.0,0.0,0.0,head
428,176,0,0,0,0,0.0,0.0,0.0,middle
429,233,1,1,0,1,0.004291845493562232,0.5,0.002145922746781116,middle
430,233,0,0,0,0,0.0,0.0,0.0,middle
431,141,0,0,0,0,0.0,0.0,0.0,tail
432,230,0,0,0,0,0.0,0.0,0.0,middle
433,169,0,0,0,0,0.0,0.0,0.0,middle
434,245,0,0,0,0,0.0,0.0,0.0,head
435,190,0,0,0,0,0.0,0.0,0.0,middle
436,163,0,0,0,0,0.0,0.0,0.0,middle
437,178,0,0,0,0,0.0,0.0,0.0,middle
438,230,0,0,0,0,0.0,0.0,0.0,middle
439,220,0,0,0,0,0.0,0.0,0.0,middle
440,188,0,0,0,0,0.0,0.0,0.0,middle
441,214,1,1,0,1,0.004672897196261682,0.5,0.002336448598130841,middle
442,182,0,0,0,0,0.0,0.0,0.0,middle
443,169,0,0,0,0,0.0,0.0,0.0,middle
444,192,0,0,0,0,0.0,0.0,0.0,middle
445,196,0,0,0,0,0.0,0.0,0.0,middle
446,228,2,2,1,1,0.008771929824561403,1.3,0.005701754385964913,middle
447,194,0,0,0,0,0.0,0.0,0.0,middle
448,245,0,0,0,0,0.0,0.0,0.0,head
449,198,0,0,0,0,0.0,0.0,0.0,middle
450,242,0,0,0,0,0.0,0.0,0.0,head
451,238,0,0,0,0,0.0,0.0,0.0,middle
452,179,0,0,0,0,0.0,0.0,0.0,middle
453,179,0,0,0,0,0.0,0.0,0.0,middle
454,233,0,0,0,0,0.0,0.0,0.0,middle
455,193,0,0,0,0,0.0,0.0,0.0,middle
456,242,0,0,0,0,0.0,0.0,0.0,head
457,240,0,0,0,0,0.0,0.0,0.0,head
458,139,0,0,0,0,0.0,0.0,0.0,tail
459,184,0,0,0,0,0.0,0.0,0.0,middle
460,232,0,0,0,0,0.0,0.0,0.0,middle
461,217,0,0,0,0,0.0,0.0,0.0,middle
462,231,0,0,0,0,0.0,0.0,0.0,middle
463,217,0,0,0,0,0.0,0.0,0.0,middle
464,183,0,0,0,0,0.0,0.0,0.0,middle
465,196,0,0,0,0,0.0,0.0,0.0,middle
466,217,0,0,0,0,0.0,0.0,0.0,middle
467,195,4,4,0,4,0.020512820512820513,2.0,0.010256410256410256,middle
468,218,0,0,0,0,0.0,0.0,0.0,middle
469,232,0,0,0,0,0.0,0.0,0.0,middle
470,197,0,0,0,0,0.0,0.0,0.0,middle
471,214,0,0,0,0,0.0,0.0,0.0,middle
472,242,2,2,0,2,0.008264462809917356,1.0,0.004132231404958678,head
473,235,3,3,0,3,0.01276595744680851,1.5,0.006382978723404255,middle
474,163,0,0,0,0,0.0,0.0,0.0,middle
475,192,0,0,0,0,0.0,0.0,0.0,middle
476,217,0,0,0,0,0.0,0.0,0.0,middle
477,198,0,0,0,0,0.0,0.0,0.0,middle
478,217,1,1,0,1,0.004608294930875576,0.5,0.002304147465437788,middle
479,185,0,0,0,0,0.0,0.0,0.0,middle
480,159,0,0,0,0,0.0,0.0,0.0,tail
481,184,0,0,0,0,0.0,0.0,0.0,middle
482,228,2,2,0,2,0.008771929824561403,1.0,0.0043859649122807015,middle
483,247,2,2,1,1,0.008097165991902834,1.3,0.005263157894736842,head
484,237,0,0,0,0,0.0,0.0,0.0,middle
485,199,1,1,0,1,0.005025125628140704,0.5,0.002512562814070352,middle
486,190,1,1,1,0,0.005263157894736842,0.8,0.004210526315789474,middle
487,161,0,0,0,0,0.0,0.0,0.0,middle
488,190,1,1,0,1,0.005263157894736842,0.5,0.002631578947368421,middle
489,193,0,0,0,0,0.0,0.0,0.0,middle
490,180,1,1,0,1,0.005555555555555556,0.5,0.002777777777777778,middle
491,226,0,0,0,0,0.0,0.0,0.0,middle
492,230,3,3,0,3,0.013043478260869565,1.5,0.006521739130434782,middle
493,213,0,0,0,0,0.0,0.0,0.0,middle
494,223,0,0,0,0,0.0,0.0,0.0,middle
495,188,0,0,0,0,0.0,0.0,0.0,middle
496,243,0,0,0,0,0.0,0.0,0.0,head
497,184,0,0,0,0,0.0,0.0,0.0,middle
498,129,0,0,0,0,0.0,0.0,0.0,tail
499,234,0,0,0,0,0.0,0.0,0.0,middle
500,235,0,0,0,0,0.0,0.0,0.0,middle
501,190,1,1,0,1,0.005263157894736842,0.5,0.002631578947368421,middle
502,243,1,1,0,1,0.00411522633744856,0.5,0.00205761316872428,head
503,192,0,0,0,0,0.0,0.0,0.0,middle
504,232,1,1,1,0,0.004310344827586207,0.8,0.003448275862068966,middle
505,182,0,0,0,0,0.0,0.0,0.0,middle
506,219,0,0,0,0,0.0,0.0,0.0,middle
507,158,0,0,0,0,0.0,0.0,0.0,tail
508,174,0,0,0,0,0.0,0.0,0.0,middle
509,241,0,0,0,0,0.0,0.0,0.0,head
510,224,0,0,0,0,0.0,0.0,0.0,middle
511,161,0,0,0,0,0.0,0.0,0.0,middle
512,172,0,0,0,0,0.0,0.0,0.0,middle
513,228,0,0,0,0,0.0,0.0,0.0,middle
514,185,0,0,0,0,0.0,0.0,0.0,middle
515,154,0,0,0,0,0.0,0.0,0.0,tail
516,191,0,0,0,0,0.0,0.0,0.0,middle
517,177,0,0,0,0,0.0,0.0,0.0,middle
518,186,0,0,0,0,0.0,0.0,0.0,middle
519,219,2,2,1,1,0.0091324200913242,1.3,0.005936073059360731,middle
520,229,0,0,0,0,0.0,0.0,0.0,middle
521,198,0,0,0,0,0.0,0.0,0.0,middle
522,227,0,0,0,0,0.0,0.0,0.0,middle
523,215,0,0,0,0,0.0,0.0,0.0,middle
524,194,2,2,2,0,0.010309278350515464,1.6,0.008247422680412371,middle
525,239,4,4,1,3,0.016736401673640166,2.3,0.009623430962343095,middle
526,191,0,0,0,0,0.0,0.0,0.0,middle
527,167,1,1,0,1,0.005988023952095809,0.5,0.0029940119760479044,middle
528,218,0,0,0,0,0.0,0.0,0.0,middle
529,158,0,0,0,0,0.0,0.0,0.0,tail
530,227,0,0,0,0,0.0,0.0,0.0,middle
531,230,0,0,0,0,0.0,0.0,0.0,middle
532,232,1,1,0,1,0.004310344827586207,0.5,0.0021551724137931034,middle
533,180,0,0,0,0,0.0,0.0,0.0,middle
534,224,0,0,0,0,0.0,0.0,0.0,middle
535,159,3,3,2,1,0.018867924528301886,2.1,0.013207547169811321,middle
536,246,0,0,0,0,0.0,0.0,0.0,head
537,184,0,0,0,0,0.0,0.0,0.0,middle
538,227,0,0,0,0,0.0,0.0,0.0,middle
539,170,1,1,1,0,0.0058823529411764705,0.8,0.004705882352941177,middle
540,243,0,0,0,0,0.0,0.0,0.0,head
541,243,2,2,0,2,0.00823045267489712,1.0,0.00411522633744856,head
542,229,0,0,0,0,0.0,0.0,0.0,middle
543,226,0,0,0,0,0.0,0.0,0.0,middle
544,166,0,0,0,0,0.0,0.0,0.0,middle
545,156,0,0,0,0,0.0,0.0,0.0,tail
546,240,2,2,0,2,0.008333333333333333,1.0,0.004166666666666667,head
547,223,0,0,0,0,0.0,0.0,0.0,middle
548,164,0,0,0,0,0.0,0.0,0.0,middle
549,199,0,0,0,0,0.0,0.0,0.0,middle
550,166,3,3,0,3,0.018072289156626505,1.5,0.009036144578313253,middle
551,225,0,0,0,0,0.0,0.0,0.0,middle
552,174,3,3,0,3,0.017241379310344827,1.5,0.008620689655172414,middle
553,231,0,0,0,0,0.0,0.0,0.0,middle
554,229,0,0,0,0,0.0,0.0,0.0,middle
555,65,0,0,0,0,0.0,0.0,0.0,tail
556,166,0,0,0,0,0.0,0.0,0.0,middle
557,161,0,0,0,0,0.0,0.0,0.0,middle
558,200,0,0,0,0,0.0,0.0,0.0,middle
559,164,0,0,0,0,0.0,0.0,0.0,middle
560,215,0,0,0,0,0.0,0.0,0.0,middle
561,200,2,2,0,2,0.01,1.0,0.005,middle
562,184,0,0,0,0,0.0,0.0,0.0,middle
563,181,0,0,0,0,0.0,0.0,0.0,middle
564,176,0,0,0,0,0.0,0.0,0.0,middle
565,245,0,0,0,0,0.0,0.0,0.0,head
566,197,0,0,0,0,0.0,0.0,0.0,middle
567,198,0,0,0,0,0.0,0.0,0.0,middle
568,242,1,1,0,1,0.004132231404958678,0.5,0.002066115702479339,head
569,239,0,0,0,0,0.0,0.0,0.0,head
570,193,0,0,0,0,0.0,0.0,0.0,middle
571,235,0,0,0,0,0.0,0.0,0.0,middle
572,169,0,0,0,0,0.0,0.0,0.0,middle
573,152,0,0,0,0,0.0,0.0,0.0,tail
574,226,0,0,0,0,0.0,0.0,0.0,middle
575,180,1,1,0,1,0.005555555555555556,0.5,0.002777777777777778,middle
576,231,0,0,0,0,0.0,0.0,0.0,middle
577,193,0,0,0,0,0.0,0.0,0.0,middle
578,169,0,0,0,0,0.0,0.0,0.0,middle
579,181,0,0,0,0,0.0,0.0,0.0,middle
580,215,0,0,0,0,0.0,0.0,0.0,middle
581,154,0,0,0,0,0.0,0.0,0.0,tail
582,230,0,0,0,0,0.0,0.0,0.0,middle
583,190,0,0,0,0,0.0,0.0,0.0,middle
584,238,0,0,0,0,0.0,0.0,0.0,middle
585,166,0,0,0,0,0.0,0.0,0.0,middle
586,181,0,0,0,0,0.0,0.0,0.0,middle
587,233,2,2,0,2,0.008583690987124463,1.0,0.004291845493562232,middle
588,185,0,0,0,0,0.0,0.0,0.0,middle
589,49,0,0,0,0,0.0,0.0,0.0,tail
590,154,0,0,0,0,0.0,0.0,0.0,tail
591,232,0,0,0,0,0.0,0.0,0.0,middle
592,183,0,0,0,0,0.0,0.0,0.0,middle
593,173,1,1,0,1,0.005780346820809248,0.5,0.002890173410404624,middle
594,214,0,0,0,0,0.0,0.0,0.0,middle
595,248,1,1,0,1,0.004032258064516129,0.5,0.0020161290322580645,head
596,230,0,0,0,0,0.0,0.0,0.0,middle
597,152,0,0,0,0,0.0,0.0,0.0,tail
598,219,1,1,0,1,0.0045662100456621,0.5,0.00228310502283105,middle
599,170,0,0,0,0,0.0,0.0,0.0,middle
600,243,0,0,0,0,0.0,0.0,0.0,head
601,234,0,0,0,0,0.0,0.0,0.0,middle
602,221,1,1,0,1,0.004524886877828055,0.5,0.0022624434389140274,middle
603,226,1,1,0,1,0.004424778761061947,0.5,0.0022123893805309734,middle
604,238,1,1,0,1,0.004201680672268907,0.5,0.0021008403361344537,middle
605,177,2,2,2,0,0.011299435028248588,1.6,0.00903954802259887,middle
606,172,0,0,0,0,0.0,0.0,0.0,middle
607,187,0,0,0,0,0.0,0.0,0.0,middle
608,248,0,0,0,0,0.0,0.0,0.0,head
609,237,0,0,0,0,0.0,0.0,0.0,middle
610,247,0,0,0,0,0.0,0.0,0.0,head
611,150,0,0,0,0,0.0,0.0,0.0,tail
612,231,2,2,2,0,0.008658008658008658,1.6,0.006926406926406926,middle
613,191,1,1,0,1,0.005235602094240838,0.5,0.002617801047120419,middle
614,226,0,0,0,0,0.0,0.0,0.0,middle
615,237,0,0,0,0,0.0,0.0,0.0,middle
616,196,0,0,0,0,0.0,0.0,0.0,middle
617,157,1,1,1,0,0.006369426751592357,0.8,0.005095541401273886,tail
618,219,0,0,0,0,0.0,0.0,0.0,middle
619,240,0,0,0,0,0.0,0.0,0.0,head
620,152,0,0,0,0,0.0,0.0,0.0,tail
621,157,0,0,0,0,0.0,0.0,0.0,tail
622,228,0,0,0,0,0.0,0.0,0.0,middle
623,187,0,0,0,0,0.0,0.0,0.0,middle
624,220,0,0,0,0,0.0,0.0,0.0,middle
625,180,0,0,0,0,0.0,0.0,0.0,middle
626,188,1,1,0,1,0.005319148936170213,0.5,0.0026595744680851063,middle
627,150,0,0,0,0,0.0,0.0,0.0,tail
628,154,0,0,0,0,0.0,0.0,0.0,tail
629,213,0,0,0,0,0.0,0.0,0.0,middle
630,217,0,0,0,0,0.0,0.0,0.0,middle
631,244,0,0,0,0,0.0,0.0,0.0,head
632,175,1,1,0,1,0.005714285714285714,0.5,0.002857142857142857,middle
633,189,1,1,0,1,0.005291005291005291,0.5,0.0026455026455026454,middle
634,182,0,0,0,0,0.0,0.0,0.0,middle
635,181,1,1,0,1,0.0055248618784530384,0.5,0.0027624309392265192,middle
636,185,0,0,0,0,0.0,0.0,0.0,middle
637,183,0,0,0,0,0.0,0.0,0.0,middle
638,220,0,0,0,0,0.0,0.0,0.0,middle
639,226,3,3,2,1,0.01327433628318584,2.1,0.009292035398230088,middle
640,196,1,1,0,1,0.00510204081632653,0.5,0.002551020408163265,middle
641,183,0,0,0,0,0.0,0.0,0.0,middle
642,160,0,0,0,0,0.0,0.0,0.0,middle
643,186,0,0,0,0,0.0,0.0,0.0,middle
644,169,0,0,0,0,0.0,0.0,0.0,middle
645,231,0,0,0,0,0.0,0.0,0.0,middle
646,244,0,0,0,0,0.0,0.0,0.0,head
647,247,0,0,0,0,0.0,0.0,0.0,head
648,219,0,0,0,0,0.0,0.0,0.0,middle
649,216,0,0,0,0,0.0,0.0,0.0,middle
650,226,0,0,0,0,0.0,0.0,0.0,middle
651,189,0,0,0,0,0.0,0.0,0.0,middle
652,162,0,0,0,0,0.0,0.0,0.0,middle
653,158,0,0,0,0,0.0,0.0,0.0,tail
654,182,0,0,0,0,0.0,0.0,0.0,middle
655,177,0,0,0,0,0.0,0.0,0.0,middle
656,214,0,0,0,0,0.0,0.0,0.0,middle
657,192,0,0,0,0,0.0,0.0,0.0,middle
658,175,0,0,0,0,0.0,0.0,0.0,middle
659,151,0,0,0,0,0.0,0.0,0.0,tail
660,177,0,0,0,0,0.0,0.0,0.0,middle
661,185,0,0,0,0,0.0,0.0,0.0,middle
662,187,0,0,0,0,0.0,0.0,0.0,middle
663,164,0,0,0,0,0.0,0.0,0.0,middle
664,234,0,0,0,0,0.0,0.0,0.0,middle
665,223,0,0,0,0,0.0,0.0,0.0,middle
666,184,0,0,0,0,0.0,0.0,0.0,middle
667,232,1,1,0,1,0.004310344827586207,0.5,0.0021551724137931034,middle
668,185,0,0,0,0,0.0,0.0,0.0,middle
669,189,2,2,0,2,0.010582010582010581,1.0,0.005291005291005291,middle
670,165,0,0,0,0,0.0,0.0,0.0,middle
671,41,0,0,0,0,0.0,0.0,0.0,tail
672,179,0,0,0,0,0.0,0.0,0.0,middle
673,242,0,0,0,0,0.0,0.0,0.0,head
674,233,0,0,0,0,0.0,0.0,0.0,middle
675,223,1,1,1,0,0.004484304932735426,0.8,0.003587443946188341,middle
676,172,1,1,0,1,0.005813953488372093,0.5,0.0029069767441860465,middle
677,155,0,0,0,0,0.0,0.0,0.0,tail
678,180,1,1,1,0,0.005555555555555556,0.8,0.0044444444444444444,middle
679,152,0,0,0,0,0.0,0.0,0.0,tail
680,184,0,0,0,0,0.0,0.0,0.0,middle
681,174,0,0,0,0,0.0,0.0,0.0,middle
682,84,0,0,0,0,0.0,0.0,0.0,tail
683,220,1,1,0,1,0.004545454545454545,0.5,0.0022727272727272726,middle
684,179,0,0,0,0,0.0,0.0,0.0,middle
685,192,0,0,0,0,0.0,0.0,0.0,middle
686,150,0,0,0,0,0.0,0.0,0.0,tail
687,169,0,0,0,0,0.0,0.0,0.0,middle
688,181,0,0,0,0,0.0,0.0,0.0,middle
689,190,0,0,0,0,0.0,0.0,0.0,middle
690,234,0,0,0,0,0.0,0.0,0.0,middle
691,182,0,0,0,0,0.0,0.0,0.0,middle
692,176,0,0,0,0,0.0,0.0,0.0,middle
693,171,0,0,0,0,0.0,0.0,0.0,middle
694,192,0,0,0,0,0.0,0.0,0.0,middle
695,237,0,0,0,0,0.0,0.0,0.0,middle
696,190,0,0,0,0,0.0,0.0,0.0,middle
697,186,0,0,0,0,0.0,0.0,0.0,middle
698,196,0,0,0,0,0.0,0.0,0.0,middle
699,196,0,0,0,0,0.0,0.0,0.0,middle
700,246,0,0,0,0,0.0,0.0,0.0,head
701,214,0,0,0,0,0.0,0.0,0.0,middle
702,172,0,0,0,0,0.0,0.0,0.0,middle
703,161,0,0,0,0,0.0,0.0,0.0,middle
704,232,0,0,0,0,0.0,0.0,0.0,middle
705,186,0,0,0,0,0.0,0.0,0.0,middle
706,149,0,0,0,0,0.0,0.0,0.0,tail
707,216,1,1,0,1,0.004629629629629629,0.5,0.0023148148148148147,middle
708,178,3,3,0,3,0.016853932584269662,1.5,0.008426966292134831,middle
709,175,0,0,0,0,0.0,0.0,0.0,middle
710,237,0,0,0,0,0.0,0.0,0.0,middle
711,199,0,0,0,0,0.0,0.0,0.0,middle
712,239,0,0,0,0,0.0,0.0,0.0,head
713,162,0,0,0,0,0.0,0.0,0.0,middle
714,180,0,0,0,0,0.0,0.0,0.0,middle
715,195,0,0,0,0,0.0,0.0,0.0,middle
716,197,2,2,2,0,0.01015228426395939,1.6,0.008121827411167513,middle
717,198,0,0,0,0,0.0,0.0,0.0,middle
718,220,1,1,0,1,0.004545454545454545,0.5,0.0022727272727272726,middle
719,192,0,0,0,0,0.0,0.0,0.0,middle
720,225,1,1,0,1,0.0044444444444444444,0.5,0.0022222222222222222,middle
721,214,0,0,0,0,0.0,0.0,0.0,middle
722,156,0,0,0,0,0.0,0.0,0.0,tail
723,102,0,0,0,0,0.0,0.0,0.0,tail
724,155,0,0,0,0,0.0,0.0,0.0,tail
725,247,0,0,0,0,0.0,0.0,0.0,head
726,187,0,0,0,0,0.0,0.0,0.0,middle
727,237,0,0,0,0,0.0,0.0,0.0,middle
728,217,1,1,0,1,0.004608294930875576,0.5,0.002304147465437788,middle
729,235,0,0,0,0,0.0,0.0,0.0,middle
730,238,0,0,0,0,0.0,0.0,0.0,middle
731,166,1,1,1,0,0.006024096385542169,0.8,0.004819277108433735,middle
732,248,1,1,1,0,0.004032258064516129,0.8,0.0032258064516129032,head
733,222,0,0,0,0,0.0,0.0,0.0,middle
734,188,0,0,0,0,0.0,0.0,0.0,middle
735,171,1,1,0,1,0.005847953216374269,0.5,0.0029239766081871343,middle
736,183,0,0,0,0,0.0,0.0,0.0,middle
737,177,3,3,1,2,0.01694915254237288,1.8,0.01016949152542373,middle
738,173,0,0,0,0,0.0,0.0,0.0,middle
739,190,2,2,2,0,0.010526315789473684,1.6,0.008421052631578947,middle
740,175,4,4,0,4,0.022857142857142857,2.0,0.011428571428571429,middle
741,165,0,0,0,0,0.0,0.0,0.0,middle
742,168,0,0,0,0,0.0,0.0,0.0,middle
743,224,0,0,0,0,0.0,0.0,0.0,middle
744,236,0,0,0,0,0.0,0.0,0.0,middle
745,161,0,0,0,0,0.0,0.0,0.0,middle
746,180,1,1,0,1,0.005555555555555556,0.5,0.002777777777777778,middle
747,182,0,0,0,0,0.0,0.0,0.0,middle
748,213,0,0,0,0,0.0,0.0,0.0,middle
749,234,0,0,0,0,0.0,0.0,0.0,middle
