threshold,candidate_pairs,cross_label_pairs,involved_images,cross_label_images,cross_label_ratio,mutual_nn_ratio,perceptual_confirm_ratio
0.94,66799,25937,39218,12505,0.3882842557523316,0.7104297968532463,0.07983652449886974
0.945,46499,16459,32174,8668,0.3539646013892772,0.7659089442783715,0.10920664960536786
0.95,31772,10106,25833,5696,0.31807881153216666,0.8226425783708926,0.15123379075915902
0.955,21637,6033,20611,3688,0.2788279336322041,0.8734112862226742,0.2068216481027869
0.96,14942,3807,16317,2395,0.25478516932137596,0.9057689733636729,0.27687056618926514
0.965,10677,2645,12872,1531,0.24772876276107522,0.9173925259904467,0.35590521682120446
0.97,7929,2048,10140,1053,0.2582923445579518,0.9204187161054358,0.4260310253499811
0.975,5873,1532,8070,847,0.2608547590669164,0.9385322663034225,0.4995743231738464
0.98,4257,994,6363,637,0.2334977683814893,0.9652337326755931,0.5781066478740897
0.985,3004,599,4884,477,0.19940079893475365,0.961051930758988,0.6614513981358189
0.99,1934,334,3253,253,0.17269906928645296,0.9570837642192348,0.7430196483971044
0.995,1002,160,1704,123,0.1596806387225549,0.9500998003992016,0.8423153692614771
