label,class_name,total_groups,train_groups,val_groups,train_samples,val_samples,validation_status,segment,correct,recall,actual_training_exposures_to_selected_epoch
0,0000,238,214,24,214,24,covered_noisy_labels,head,23,0.9583333134651184,3424
1,0001,218,196,22,197,22,covered_noisy_labels,head,12,0.5454545617103577,3152
2,0002,181,163,18,163,19,covered_noisy_labels,head,12,0.6315789222717285,2608
3,0003,239,215,24,215,24,covered_noisy_labels,head,21,0.875,3440
4,0004,215,193,22,193,22,covered_noisy_labels,head,20,0.9090909361839294,3088
5,0005,158,142,16,144,16,covered_noisy_labels,head,10,0.625,2304
6,0006,187,168,19,168,19,covered_noisy_labels,head,17,0.8947368264198303,2688
7,0007,245,221,24,222,24,covered_noisy_labels,head,24,1.0,3552
8,0008,248,223,25,223,25,covered_noisy_labels,head,19,0.7599999904632568,3568
9,0009,196,176,20,176,21,covered_noisy_labels,head,19,0.9047619104385376,2816
10,0010,197,177,20,180,20,covered_noisy_labels,head,15,0.75,2880
11,0011,178,160,18,160,18,covered_noisy_labels,head,17,0.9444444179534912,2560
12,0012,191,172,19,172,19,covered_noisy_labels,head,15,0.7894737124443054,2752
13,0013,165,149,16,151,16,covered_noisy_labels,head,9,0.5625,2416
14,0014,170,153,17,153,17,covered_noisy_labels,head,11,0.6470588445663452,2448
15,0015,235,211,24,211,24,covered_noisy_labels,head,22,0.9166666865348816,3376
16,0016,221,199,22,200,22,covered_noisy_labels,head,21,0.9545454382896423,3200
17,0017,159,143,16,143,16,covered_noisy_labels,head,10,0.625,2288
18,0018,244,220,24,220,24,covered_noisy_labels,head,10,0.4166666567325592,3520
19,0019,28,25,3,25,3,covered_noisy_labels,middle,0,0.0,400
20,0020,184,166,18,166,18,covered_noisy_labels,head,12,0.6666666865348816,2656
21,0021,220,198,22,198,22,covered_noisy_labels,head,14,0.6363636255264282,3168
22,0022,218,196,22,196,22,covered_noisy_labels,head,20,0.9090909361839294,3136
23,0023,194,175,19,175,19,covered_noisy_labels,head,6,0.31578946113586426,2800
24,0024,242,218,24,219,24,covered_noisy_labels,head,21,0.875,3504
25,0025,198,178,20,178,20,covered_noisy_labels,head,17,0.8500000238418579,2848
26,0026,200,180,20,180,20,covered_noisy_labels,head,15,0.75,2880
27,0027,230,207,23,207,23,covered_noisy_labels,head,23,1.0,3312
28,0028,224,202,22,202,22,covered_noisy_labels,head,14,0.6363636255264282,3232
29,0029,199,179,20,180,20,covered_noisy_labels,head,15,0.75,2880
30,0030,178,160,18,160,18,covered_noisy_labels,head,12,0.6666666865348816,2560
31,0031,182,164,18,164,18,covered_noisy_labels,head,7,0.3888888955116272,2624
32,0032,179,161,18,161,18,covered_noisy_labels,head,18,1.0,2576
33,0033,215,193,22,194,22,covered_noisy_labels,head,22,1.0,3104
34,0034,232,209,23,209,23,covered_noisy_labels,head,17,0.739130437374115,3344
35,0035,229,206,23,206,23,covered_noisy_labels,head,22,0.95652174949646,3296
36,0036,183,165,18,165,18,covered_noisy_labels,head,18,1.0,2640
37,0037,180,162,18,162,19,covered_noisy_labels,head,12,0.6315789222717285,2592
38,0038,185,167,18,167,18,covered_noisy_labels,head,15,0.8333333134651184,2672
39,0039,184,166,18,166,18,covered_noisy_labels,head,7,0.3888888955116272,2656
40,0040,212,191,21,192,21,covered_noisy_labels,head,20,0.9523809552192688,3072
41,0041,189,170,19,170,19,covered_noisy_labels,head,18,0.9473684430122375,2720
42,0042,178,160,18,160,18,covered_noisy_labels,head,10,0.5555555820465088,2560
43,0043,229,206,23,206,23,covered_noisy_labels,head,22,0.95652174949646,3296
44,0044,226,203,23,203,23,covered_noisy_labels,head,23,1.0,3248
45,0045,248,223,25,223,25,covered_noisy_labels,head,16,0.6399999856948853,3568
46,0046,13,12,1,12,1,covered_noisy_labels,tail,0,0.0,192
47,0047,200,180,20,180,20,covered_noisy_labels,head,17,0.8500000238418579,2880
48,0048,219,197,22,197,22,covered_noisy_labels,head,13,0.5909090638160706,3152
49,0049,222,200,22,200,22,covered_noisy_labels,head,17,0.7727272510528564,3200
50,0050,163,147,16,147,16,covered_noisy_labels,head,16,1.0,2352
51,0051,196,176,20,176,20,covered_noisy_labels,head,10,0.5,2816
52,0052,227,204,23,206,23,covered_noisy_labels,head,21,0.9130434989929199,3296
53,0053,211,190,21,192,21,covered_noisy_labels,head,10,0.4761904776096344,3072
54,0054,215,193,22,193,22,covered_noisy_labels,head,19,0.8636363744735718,3088
55,0055,160,144,16,144,16,covered_noisy_labels,head,16,1.0,2304
56,0056,191,172,19,173,19,covered_noisy_labels,head,16,0.8421052694320679,2768
57,0057,236,212,24,212,24,covered_noisy_labels,head,19,0.7916666865348816,3392
58,0058,121,109,12,110,12,covered_noisy_labels,head,4,0.3333333432674408,1760
59,0059,244,220,24,220,24,covered_noisy_labels,head,14,0.5833333134651184,3520
60,0060,185,167,18,167,18,covered_noisy_labels,head,15,0.8333333134651184,2672
61,0061,225,203,22,203,22,covered_noisy_labels,head,14,0.6363636255264282,3248
62,0062,163,147,16,147,16,covered_noisy_labels,head,12,0.75,2352
63,0063,230,207,23,207,23,covered_noisy_labels,head,16,0.695652186870575,3312
64,0064,187,168,19,168,19,covered_noisy_labels,head,13,0.6842105388641357,2688
65,0065,217,195,22,196,22,covered_noisy_labels,head,18,0.8181818127632141,3136
66,0066,194,175,19,175,19,covered_noisy_labels,head,18,0.9473684430122375,2800
67,0067,223,201,22,201,22,covered_noisy_labels,head,19,0.8636363744735718,3216
68,0068,246,221,25,221,25,covered_noisy_labels,head,18,0.7200000286102295,3536
69,0069,221,199,22,199,22,covered_noisy_labels,head,6,0.27272728085517883,3184
70,0070,183,165,18,165,18,covered_noisy_labels,head,14,0.7777777910232544,2640
71,0071,243,219,24,220,24,covered_noisy_labels,head,20,0.8333333134651184,3520
72,0072,167,150,17,151,17,covered_noisy_labels,head,13,0.7647058963775635,2416
73,0073,241,217,24,217,24,covered_noisy_labels,head,16,0.6666666865348816,3472
74,0074,229,206,23,206,23,covered_noisy_labels,head,16,0.695652186870575,3296
75,0075,171,154,17,154,17,covered_noisy_labels,head,10,0.5882353186607361,2464
76,0076,217,195,22,195,22,covered_noisy_labels,head,19,0.8636363744735718,3120
77,0077,226,203,23,203,23,covered_noisy_labels,head,22,0.95652174949646,3248
78,0078,247,222,25,222,25,covered_noisy_labels,head,12,0.47999998927116394,3552
79,0079,215,193,22,193,22,covered_noisy_labels,head,21,0.9545454382896423,3088
80,0080,248,223,25,223,25,covered_noisy_labels,head,10,0.4000000059604645,3568
81,0081,159,143,16,143,16,covered_noisy_labels,head,7,0.4375,2288
82,0082,194,175,19,175,19,covered_noisy_labels,head,11,0.5789473652839661,2800
83,0083,194,175,19,175,19,covered_noisy_labels,head,5,0.2631579041481018,2800
84,0084,197,177,20,177,20,covered_noisy_labels,head,16,0.800000011920929,2832
85,0085,220,198,22,198,22,covered_noisy_labels,head,19,0.8636363744735718,3168
86,0086,181,163,18,164,18,covered_noisy_labels,head,5,0.2777777910232544,2624
87,0087,195,175,20,175,20,covered_noisy_labels,head,20,1.0,2800
88,0088,219,197,22,199,22,covered_noisy_labels,head,16,0.7272727489471436,3184
89,0089,165,149,16,150,16,covered_noisy_labels,head,15,0.9375,2400
90,0090,184,166,18,166,18,covered_noisy_labels,head,17,0.9444444179534912,2656
91,0091,168,151,17,151,17,covered_noisy_labels,head,7,0.4117647111415863,2416
92,0092,179,161,18,161,18,covered_noisy_labels,head,16,0.8888888955116272,2576
93,0093,176,158,18,160,18,covered_noisy_labels,head,13,0.7222222089767456,2560
94,0094,222,200,22,200,22,covered_noisy_labels,head,21,0.9545454382896423,3200
95,0095,247,222,25,223,25,covered_noisy_labels,head,22,0.8799999952316284,3568
96,0096,199,179,20,179,20,covered_noisy_labels,head,19,0.949999988079071,2864
97,0097,151,136,15,136,15,covered_noisy_labels,head,13,0.8666666746139526,2176
98,0098,167,150,17,150,17,covered_noisy_labels,head,17,1.0,2400
99,0099,200,180,20,180,20,covered_noisy_labels,head,17,0.8500000238418579,2880
100,0100,191,172,19,172,19,covered_noisy_labels,head,16,0.8421052694320679,2752
101,0101,187,168,19,168,19,covered_noisy_labels,head,11,0.5789473652839661,2688
102,0102,167,150,17,150,17,covered_noisy_labels,head,15,0.8823529481887817,2400
103,0103,232,209,23,209,23,covered_noisy_labels,head,21,0.9130434989929199,3344
104,0104,176,158,18,158,18,covered_noisy_labels,head,13,0.7222222089767456,2528
105,0105,240,216,24,216,24,covered_noisy_labels,head,20,0.8333333134651184,3456
106,0106,240,216,24,216,24,covered_noisy_labels,head,16,0.6666666865348816,3456
107,0107,194,175,19,175,20,covered_noisy_labels,head,17,0.8500000238418579,2800
108,0108,169,152,17,153,17,covered_noisy_labels,head,15,0.8823529481887817,2448
109,0109,236,212,24,212,24,covered_noisy_labels,head,23,0.9583333134651184,3392
110,0110,220,198,22,199,22,covered_noisy_labels,head,20,0.9090909361839294,3184
111,0111,222,200,22,201,22,covered_noisy_labels,head,7,0.3181818127632141,3216
112,0112,234,211,23,212,23,covered_noisy_labels,head,17,0.739130437374115,3392
113,0113,181,163,18,163,18,covered_noisy_labels,head,17,0.9444444179534912,2608
114,0114,58,52,6,52,6,covered_noisy_labels,middle,3,0.5,832
115,0115,196,176,20,176,20,covered_noisy_labels,head,18,0.8999999761581421,2816
116,0116,194,175,19,176,19,covered_noisy_labels,head,12,0.6315789222717285,2816
117,0117,227,204,23,204,23,covered_noisy_labels,head,16,0.695652186870575,3264
118,0118,176,158,18,158,18,covered_noisy_labels,head,6,0.3333333432674408,2528
119,0119,173,156,17,156,17,covered_noisy_labels,head,17,1.0,2496
120,0120,243,219,24,219,24,covered_noisy_labels,head,21,0.875,3504
121,0121,178,160,18,160,18,covered_noisy_labels,head,13,0.7222222089767456,2560
122,0122,168,151,17,151,17,covered_noisy_labels,head,15,0.8823529481887817,2416
123,0123,193,174,19,175,19,covered_noisy_labels,head,15,0.7894737124443054,2800
124,0124,233,210,23,211,23,covered_noisy_labels,head,22,0.95652174949646,3376
125,0125,219,197,22,197,22,covered_noisy_labels,head,20,0.9090909361839294,3152
126,0126,231,208,23,208,24,covered_noisy_labels,head,16,0.6666666865348816,3328
127,0127,232,209,23,211,23,covered_noisy_labels,head,20,0.8695651888847351,3376
128,0128,166,149,17,149,17,covered_noisy_labels,head,13,0.7647058963775635,2384
129,0129,170,153,17,156,17,covered_noisy_labels,head,14,0.8235294222831726,2496
130,0130,245,221,24,221,24,covered_noisy_labels,head,11,0.4583333432674408,3536
131,0131,242,218,24,220,24,covered_noisy_labels,head,21,0.875,3520
132,0132,170,153,17,156,17,covered_noisy_labels,head,13,0.7647058963775635,2496
133,0133,239,215,24,217,24,covered_noisy_labels,head,22,0.9166666865348816,3472
134,0134,189,170,19,175,19,covered_noisy_labels,head,13,0.6842105388641357,2800
135,0135,199,179,20,179,20,covered_noisy_labels,head,11,0.550000011920929,2864
136,0136,230,207,23,207,23,covered_noisy_labels,head,18,0.782608687877655,3312
137,0137,161,145,16,145,16,covered_noisy_labels,head,16,1.0,2320
138,0138,177,159,18,160,18,covered_noisy_labels,head,16,0.8888888955116272,2560
139,0139,218,196,22,196,22,covered_noisy_labels,head,16,0.7272727489471436,3136
140,0140,215,193,22,195,23,covered_noisy_labels,head,18,0.782608687877655,3120
141,0141,189,170,19,170,19,covered_noisy_labels,head,2,0.10526315867900848,2720
142,0142,239,215,24,216,24,covered_noisy_labels,head,16,0.6666666865348816,3456
143,0143,196,176,20,176,20,covered_noisy_labels,head,17,0.8500000238418579,2816
144,0144,159,143,16,143,16,covered_noisy_labels,head,8,0.5,2288
145,0145,91,82,9,82,9,covered_noisy_labels,middle,2,0.2222222238779068,1312
146,0146,220,198,22,199,22,covered_noisy_labels,head,20,0.9090909361839294,3184
147,0147,189,170,19,170,19,covered_noisy_labels,head,16,0.8421052694320679,2720
148,0148,171,154,17,154,17,covered_noisy_labels,head,10,0.5882353186607361,2464
149,0149,236,212,24,212,24,covered_noisy_labels,head,19,0.7916666865348816,3392
150,0150,221,199,22,199,22,covered_noisy_labels,head,21,0.9545454382896423,3184
151,0151,195,175,20,175,20,covered_noisy_labels,head,12,0.6000000238418579,2800
152,0152,156,140,16,140,16,covered_noisy_labels,head,11,0.6875,2240
153,0153,180,162,18,164,19,covered_noisy_labels,head,17,0.8947368264198303,2624
154,0154,159,143,16,144,16,covered_noisy_labels,head,15,0.9375,2304
155,0155,222,200,22,202,22,covered_noisy_labels,head,16,0.7272727489471436,3232
156,0156,224,202,22,202,22,covered_noisy_labels,head,20,0.9090909361839294,3232
157,0157,236,212,24,212,24,covered_noisy_labels,head,18,0.75,3392
158,0158,221,199,22,199,22,covered_noisy_labels,head,12,0.5454545617103577,3184
159,0159,188,169,19,171,19,covered_noisy_labels,head,19,1.0,2736
160,0160,238,214,24,214,24,covered_noisy_labels,head,23,0.9583333134651184,3424
161,0161,178,160,18,160,18,covered_noisy_labels,head,16,0.8888888955116272,2560
162,0162,233,210,23,210,23,covered_noisy_labels,head,14,0.6086956262588501,3360
163,0163,153,138,15,138,15,covered_noisy_labels,head,12,0.800000011920929,2208
164,0164,227,204,23,204,23,covered_noisy_labels,head,18,0.782608687877655,3264
165,0165,223,201,22,202,22,covered_noisy_labels,head,21,0.9545454382896423,3232
166,0166,196,176,20,177,20,covered_noisy_labels,head,13,0.6499999761581421,2832
167,0167,227,204,23,204,23,covered_noisy_labels,head,12,0.52173912525177,3264
168,0168,239,215,24,215,24,covered_noisy_labels,head,14,0.5833333134651184,3440
169,0169,234,211,23,211,23,covered_noisy_labels,head,23,1.0,3376
170,0170,187,168,19,168,19,covered_noisy_labels,head,18,0.9473684430122375,2688
171,0171,246,221,25,222,25,covered_noisy_labels,head,12,0.47999998927116394,3552
172,0172,246,221,25,221,25,covered_noisy_labels,head,8,0.3199999928474426,3536
173,0173,211,190,21,191,22,covered_noisy_labels,head,22,1.0,3056
174,0174,194,175,19,176,19,covered_noisy_labels,head,13,0.6842105388641357,2816
175,0175,212,191,21,192,21,covered_noisy_labels,head,18,0.8571428656578064,3072
176,0176,165,149,16,149,16,covered_noisy_labels,head,15,0.9375,2384
177,0177,221,199,22,199,22,covered_noisy_labels,head,16,0.7272727489471436,3184
178,0178,168,151,17,151,17,covered_noisy_labels,head,14,0.8235294222831726,2416
179,0179,224,202,22,202,22,covered_noisy_labels,head,5,0.22727273404598236,3232
180,0180,231,208,23,209,23,covered_noisy_labels,head,21,0.9130434989929199,3344
181,0181,228,205,23,205,23,covered_noisy_labels,head,13,0.5652173757553101,3280
182,0182,228,205,23,208,25,covered_noisy_labels,head,20,0.800000011920929,3328
183,0183,5,4,1,4,1,covered_noisy_labels,tail,0,0.0,64
184,0184,237,213,24,214,24,covered_noisy_labels,head,22,0.9166666865348816,3424
185,0185,166,149,17,150,17,covered_noisy_labels,head,15,0.8823529481887817,2400
186,0186,177,159,18,160,18,covered_noisy_labels,head,14,0.7777777910232544,2560
187,0187,189,170,19,170,19,covered_noisy_labels,head,9,0.4736842215061188,2720
188,0188,182,164,18,164,18,covered_noisy_labels,head,9,0.5,2624
189,0189,187,168,19,168,19,covered_noisy_labels,head,12,0.6315789222717285,2688
190,0190,236,212,24,213,24,covered_noisy_labels,head,23,0.9583333134651184,3408
191,0191,247,222,25,222,25,covered_noisy_labels,head,16,0.6399999856948853,3552
192,0192,228,205,23,205,23,covered_noisy_labels,head,22,0.95652174949646,3280
193,0193,167,150,17,150,17,covered_noisy_labels,head,17,1.0,2400
194,0194,215,193,22,193,22,covered_noisy_labels,head,17,0.7727272510528564,3088
195,0195,197,177,20,177,20,covered_noisy_labels,head,18,0.8999999761581421,2832
196,0196,244,220,24,221,24,covered_noisy_labels,head,3,0.125,3536
197,0197,167,150,17,150,17,covered_noisy_labels,head,12,0.7058823704719543,2400
198,0198,241,217,24,217,24,covered_noisy_labels,head,22,0.9166666865348816,3472
199,0199,231,208,23,208,23,covered_noisy_labels,head,21,0.9130434989929199,3328
200,0200,186,167,19,167,19,covered_noisy_labels,head,16,0.8421052694320679,2672
201,0201,244,220,24,220,24,covered_noisy_labels,head,22,0.9166666865348816,3520
202,0202,232,209,23,209,23,covered_noisy_labels,head,20,0.8695651888847351,3344
203,0203,242,218,24,218,24,covered_noisy_labels,head,15,0.625,3488
204,0204,216,194,22,194,22,covered_noisy_labels,head,16,0.7272727489471436,3104
205,0205,163,147,16,147,16,covered_noisy_labels,head,11,0.6875,2352
206,0206,246,221,25,222,25,covered_noisy_labels,head,25,1.0,3552
207,0207,237,213,24,213,24,covered_noisy_labels,head,21,0.875,3408
208,0208,170,153,17,153,17,covered_noisy_labels,head,15,0.8823529481887817,2448
209,0209,177,159,18,159,19,covered_noisy_labels,head,16,0.8421052694320679,2544
210,0210,180,162,18,162,18,covered_noisy_labels,head,15,0.8333333134651184,2592
211,0211,185,167,18,167,18,covered_noisy_labels,head,15,0.8333333134651184,2672
212,0212,161,145,16,145,16,covered_noisy_labels,head,15,0.9375,2320
213,0213,180,162,18,162,18,covered_noisy_labels,head,8,0.4444444477558136,2592
214,0214,197,177,20,178,20,covered_noisy_labels,head,17,0.8500000238418579,2848
215,0215,224,202,22,202,22,covered_noisy_labels,head,21,0.9545454382896423,3232
216,0216,176,158,18,158,18,covered_noisy_labels,head,7,0.3888888955116272,2528
217,0217,242,218,24,220,24,covered_noisy_labels,head,21,0.875,3520
218,0218,221,199,22,200,22,covered_noisy_labels,head,15,0.6818181872367859,3200
219,0219,192,173,19,174,19,covered_noisy_labels,head,14,0.7368420958518982,2784
220,0220,213,192,21,193,21,covered_noisy_labels,head,9,0.4285714328289032,3088
221,0221,191,172,19,172,19,covered_noisy_labels,head,15,0.7894737124443054,2752
222,0222,163,147,16,148,16,covered_noisy_labels,head,16,1.0,2368
223,0223,216,194,22,194,22,covered_noisy_labels,head,21,0.9545454382896423,3104
224,0224,220,198,22,198,22,covered_noisy_labels,head,18,0.8181818127632141,3168
225,0225,155,139,16,140,16,covered_noisy_labels,head,10,0.625,2240
226,0226,221,199,22,202,22,covered_noisy_labels,head,19,0.8636363744735718,3232
227,0227,227,204,23,204,23,covered_noisy_labels,head,22,0.95652174949646,3264
228,0228,226,203,23,204,23,covered_noisy_labels,head,19,0.8260869383811951,3264
229,0229,163,147,16,147,16,covered_noisy_labels,head,9,0.5625,2352
230,0230,217,195,22,195,22,covered_noisy_labels,head,20,0.9090909361839294,3120
231,0231,166,149,17,149,17,covered_noisy_labels,head,15,0.8823529481887817,2384
232,0232,199,179,20,179,20,covered_noisy_labels,head,2,0.10000000149011612,2864
233,0233,230,207,23,207,23,covered_noisy_labels,head,17,0.739130437374115,3312
234,0234,231,208,23,208,23,covered_noisy_labels,head,21,0.9130434989929199,3328
235,0235,225,203,22,203,22,covered_noisy_labels,head,16,0.7272727489471436,3248
236,0236,218,196,22,196,22,covered_noisy_labels,head,8,0.3636363744735718,3136
237,0237,151,136,15,136,15,covered_noisy_labels,head,9,0.6000000238418579,2176
238,0238,181,163,18,163,18,covered_noisy_labels,head,6,0.3333333432674408,2608
239,0239,221,199,22,199,22,covered_noisy_labels,head,18,0.8181818127632141,3184
240,0240,234,211,23,214,23,covered_noisy_labels,head,23,1.0,3424
241,0241,178,160,18,160,18,covered_noisy_labels,head,13,0.7222222089767456,2560
242,0242,186,167,19,167,19,covered_noisy_labels,head,16,0.8421052694320679,2672
243,0243,239,215,24,215,24,covered_noisy_labels,head,10,0.4166666567325592,3440
244,0244,172,155,17,156,17,covered_noisy_labels,head,15,0.8823529481887817,2496
245,0245,188,169,19,170,19,covered_noisy_labels,head,14,0.7368420958518982,2720
246,0246,239,215,24,215,24,covered_noisy_labels,head,8,0.3333333432674408,3440
247,0247,223,201,22,201,22,covered_noisy_labels,head,12,0.5454545617103577,3216
248,0248,244,220,24,220,24,covered_noisy_labels,head,23,0.9583333134651184,3520
249,0249,191,172,19,173,19,covered_noisy_labels,head,17,0.8947368264198303,2768
250,0250,190,171,19,173,19,covered_noisy_labels,head,17,0.8947368264198303,2768
251,0251,155,139,16,139,16,covered_noisy_labels,head,16,1.0,2224
252,0252,231,208,23,208,23,covered_noisy_labels,head,19,0.8260869383811951,3328
253,0253,227,204,23,204,23,covered_noisy_labels,head,21,0.9130434989929199,3264
254,0254,188,169,19,170,19,covered_noisy_labels,head,13,0.6842105388641357,2720
255,0255,172,155,17,155,17,covered_noisy_labels,head,14,0.8235294222831726,2480
256,0256,158,142,16,142,16,covered_noisy_labels,head,13,0.8125,2272
257,0257,230,207,23,207,23,covered_noisy_labels,head,18,0.782608687877655,3312
258,0258,194,175,19,175,19,covered_noisy_labels,head,15,0.7894737124443054,2800
259,0259,239,215,24,216,24,covered_noisy_labels,head,19,0.7916666865348816,3456
260,0260,219,197,22,197,22,covered_noisy_labels,head,19,0.8636363744735718,3152
261,0261,241,217,24,217,25,covered_noisy_labels,head,24,0.9599999785423279,3472
262,0262,213,192,21,193,21,covered_noisy_labels,head,17,0.8095238208770752,3088
263,0263,161,145,16,145,16,covered_noisy_labels,head,14,0.875,2320
264,0264,158,142,16,142,16,covered_noisy_labels,head,2,0.125,2272
265,0265,227,204,23,204,23,covered_noisy_labels,head,6,0.260869562625885,3264
266,0266,173,156,17,157,17,covered_noisy_labels,head,12,0.7058823704719543,2512
267,0267,246,221,25,221,25,covered_noisy_labels,head,23,0.9200000166893005,3536
268,0268,177,159,18,159,18,covered_noisy_labels,head,9,0.5,2544
269,0269,232,209,23,212,23,covered_noisy_labels,head,18,0.782608687877655,3392
270,0270,163,147,16,147,16,covered_noisy_labels,head,2,0.125,2352
271,0271,188,169,19,169,19,covered_noisy_labels,head,13,0.6842105388641357,2704
272,0272,150,135,15,136,15,covered_noisy_labels,head,9,0.6000000238418579,2176
273,0273,172,155,17,156,17,covered_noisy_labels,head,12,0.7058823704719543,2496
274,0274,159,143,16,143,16,covered_noisy_labels,head,7,0.4375,2288
275,0275,164,148,16,148,16,covered_noisy_labels,head,11,0.6875,2368
276,0276,243,219,24,219,24,covered_noisy_labels,head,23,0.9583333134651184,3504
277,0277,237,213,24,214,24,covered_noisy_labels,head,24,1.0,3424
278,0278,162,146,16,146,16,covered_noisy_labels,head,13,0.8125,2336
279,0279,226,203,23,203,23,covered_noisy_labels,head,18,0.782608687877655,3248
280,0280,150,135,15,136,15,covered_noisy_labels,head,13,0.8666666746139526,2176
281,0281,196,176,20,176,20,covered_noisy_labels,head,18,0.8999999761581421,2816
282,0282,183,165,18,165,18,covered_noisy_labels,head,17,0.9444444179534912,2640
283,0283,221,199,22,199,22,covered_noisy_labels,head,22,1.0,3184
284,0284,152,137,15,137,15,covered_noisy_labels,head,9,0.6000000238418579,2192
285,0285,159,143,16,144,16,covered_noisy_labels,head,14,0.875,2304
286,0286,239,215,24,215,24,covered_noisy_labels,head,18,0.75,3440
287,0287,236,212,24,212,25,covered_noisy_labels,head,23,0.9200000166893005,3392
288,0288,229,206,23,207,23,covered_noisy_labels,head,21,0.9130434989929199,3312
289,0289,222,200,22,200,22,covered_noisy_labels,head,22,1.0,3200
290,0290,217,195,22,196,22,covered_noisy_labels,head,17,0.7727272510528564,3136
291,0291,161,145,16,145,16,covered_noisy_labels,head,12,0.75,2320
292,0292,223,201,22,201,22,covered_noisy_labels,head,14,0.6363636255264282,3216
293,0293,228,205,23,205,23,covered_noisy_labels,head,21,0.9130434989929199,3280
294,0294,194,175,19,175,19,covered_noisy_labels,head,17,0.8947368264198303,2800
295,0295,236,212,24,212,24,covered_noisy_labels,head,22,0.9166666865348816,3392
296,0296,197,177,20,177,20,covered_noisy_labels,head,17,0.8500000238418579,2832
297,0297,212,191,21,192,21,covered_noisy_labels,head,20,0.9523809552192688,3072
298,0298,193,174,19,174,19,covered_noisy_labels,head,18,0.9473684430122375,2784
299,0299,157,141,16,141,16,covered_noisy_labels,head,14,0.875,2256
300,0300,227,204,23,205,23,covered_noisy_labels,head,17,0.739130437374115,3280
301,0301,165,149,16,149,16,covered_noisy_labels,head,16,1.0,2384
302,0302,239,215,24,215,24,covered_noisy_labels,head,22,0.9166666865348816,3440
303,0303,220,198,22,198,22,covered_noisy_labels,head,15,0.6818181872367859,3168
304,0304,145,131,14,131,14,covered_noisy_labels,head,3,0.2142857164144516,2096
305,0305,31,28,3,28,3,covered_noisy_labels,middle,0,0.0,448
306,0306,222,200,22,200,22,covered_noisy_labels,head,21,0.9545454382896423,3200
307,0307,175,157,18,159,18,covered_noisy_labels,head,6,0.3333333432674408,2544
308,0308,172,155,17,155,17,covered_noisy_labels,head,2,0.11764705926179886,2480
309,0309,193,174,19,177,20,covered_noisy_labels,head,14,0.699999988079071,2832
310,0310,230,207,23,207,23,covered_noisy_labels,head,12,0.52173912525177,3312
311,0311,165,149,16,149,16,covered_noisy_labels,head,16,1.0,2384
312,0312,177,159,18,159,18,covered_noisy_labels,head,16,0.8888888955116272,2544
313,0313,189,170,19,170,19,covered_noisy_labels,head,9,0.4736842215061188,2720
314,0314,219,197,22,198,22,covered_noisy_labels,head,8,0.3636363744735718,3168
315,0315,197,177,20,177,20,covered_noisy_labels,head,18,0.8999999761581421,2832
316,0316,218,196,22,196,22,covered_noisy_labels,head,15,0.6818181872367859,3136
317,0317,153,138,15,138,15,covered_noisy_labels,head,13,0.8666666746139526,2208
318,0318,119,107,12,107,12,covered_noisy_labels,head,1,0.0833333358168602,1712
319,0319,216,194,22,194,22,covered_noisy_labels,head,14,0.6363636255264282,3104
320,0320,240,216,24,216,24,covered_noisy_labels,head,21,0.875,3456
321,0321,188,169,19,169,19,covered_noisy_labels,head,17,0.8947368264198303,2704
322,0322,188,169,19,169,19,covered_noisy_labels,head,19,1.0,2704
323,0323,196,176,20,176,20,covered_noisy_labels,head,19,0.949999988079071,2816
324,0324,124,112,12,112,12,covered_noisy_labels,head,0,0.0,1792
325,0325,200,180,20,180,20,covered_noisy_labels,head,20,1.0,2880
326,0326,188,169,19,170,19,covered_noisy_labels,head,12,0.6315789222717285,2720
327,0327,247,222,25,222,25,covered_noisy_labels,head,17,0.6800000071525574,3552
328,0328,190,171,19,172,19,covered_noisy_labels,head,18,0.9473684430122375,2752
329,0329,235,211,24,211,24,covered_noisy_labels,head,18,0.75,3376
330,0330,79,71,8,71,8,covered_noisy_labels,middle,4,0.5,1136
331,0331,232,209,23,209,24,covered_noisy_labels,head,19,0.7916666865348816,3344
332,0332,169,152,17,153,17,covered_noisy_labels,head,12,0.7058823704719543,2448
333,0333,187,168,19,168,19,covered_noisy_labels,head,15,0.7894737124443054,2688
334,0334,198,178,20,179,21,covered_noisy_labels,head,16,0.761904776096344,2864
335,0335,158,142,16,142,16,covered_noisy_labels,head,8,0.5,2272
336,0336,165,149,16,149,16,covered_noisy_labels,head,12,0.75,2384
337,0337,171,154,17,155,17,covered_noisy_labels,head,16,0.9411764740943909,2480
338,0338,199,179,20,179,20,covered_noisy_labels,head,19,0.949999988079071,2864
339,0339,235,211,24,211,24,covered_noisy_labels,head,20,0.8333333134651184,3376
340,0340,200,180,20,180,20,covered_noisy_labels,head,17,0.8500000238418579,2880
341,0341,149,134,15,136,15,covered_noisy_labels,head,14,0.9333333373069763,2176
342,0342,234,211,23,211,23,covered_noisy_labels,head,21,0.9130434989929199,3376
343,0343,179,161,18,161,18,covered_noisy_labels,head,15,0.8333333134651184,2576
344,0344,227,204,23,204,23,covered_noisy_labels,head,16,0.695652186870575,3264
345,0345,191,172,19,172,19,covered_noisy_labels,head,8,0.42105263471603394,2752
346,0346,162,146,16,146,16,covered_noisy_labels,head,13,0.8125,2336
347,0347,198,178,20,178,20,covered_noisy_labels,head,17,0.8500000238418579,2848
348,0348,215,193,22,194,23,covered_noisy_labels,head,21,0.9130434989929199,3104
349,0349,224,202,22,203,22,covered_noisy_labels,head,16,0.7272727489471436,3248
350,0350,175,157,18,157,18,covered_noisy_labels,head,16,0.8888888955116272,2512
351,0351,229,206,23,208,23,covered_noisy_labels,head,19,0.8260869383811951,3328
352,0352,153,138,15,141,16,covered_noisy_labels,head,10,0.625,2256
353,0353,200,180,20,180,20,covered_noisy_labels,head,16,0.800000011920929,2880
354,0354,215,193,22,193,22,covered_noisy_labels,head,20,0.9090909361839294,3088
355,0355,162,146,16,146,16,covered_noisy_labels,head,12,0.75,2336
356,0356,220,198,22,198,22,covered_noisy_labels,head,21,0.9545454382896423,3168
357,0357,240,216,24,216,24,covered_noisy_labels,head,23,0.9583333134651184,3456
358,0358,193,174,19,174,19,covered_noisy_labels,head,18,0.9473684430122375,2784
359,0359,241,217,24,217,24,covered_noisy_labels,head,11,0.4583333432674408,3472
360,0360,186,167,19,168,19,covered_noisy_labels,head,16,0.8421052694320679,2688
361,0361,150,135,15,135,15,covered_noisy_labels,head,8,0.5333333611488342,2160
362,0362,238,214,24,214,24,covered_noisy_labels,head,22,0.9166666865348816,3424
363,0363,240,216,24,217,24,covered_noisy_labels,head,22,0.9166666865348816,3472
364,0364,245,221,24,221,24,covered_noisy_labels,head,4,0.1666666716337204,3536
365,0365,192,173,19,173,19,covered_noisy_labels,head,15,0.7894737124443054,2768
366,0366,236,212,24,212,24,covered_noisy_labels,head,17,0.7083333134651184,3392
367,0367,228,205,23,206,23,covered_noisy_labels,head,22,0.95652174949646,3296
368,0368,218,196,22,197,22,covered_noisy_labels,head,17,0.7727272510528564,3152
369,0369,245,221,24,223,24,covered_noisy_labels,head,21,0.875,3568
370,0370,154,139,15,139,15,covered_noisy_labels,head,10,0.6666666865348816,2224
371,0371,173,156,17,156,17,covered_noisy_labels,head,15,0.8823529481887817,2496
372,0372,225,203,22,203,22,covered_noisy_labels,head,13,0.5909090638160706,3248
373,0373,174,157,17,157,17,covered_noisy_labels,head,11,0.6470588445663452,2512
374,0374,191,172,19,173,19,covered_noisy_labels,head,16,0.8421052694320679,2768
375,0375,155,139,16,139,16,covered_noisy_labels,head,15,0.9375,2224
376,0376,231,208,23,208,23,covered_noisy_labels,head,17,0.739130437374115,3328
377,0377,184,166,18,166,18,covered_noisy_labels,head,16,0.8888888955116272,2656
378,0378,156,140,16,140,16,covered_noisy_labels,head,9,0.5625,2240
379,0379,154,139,15,139,15,covered_noisy_labels,head,12,0.800000011920929,2224
380,0380,247,222,25,222,25,covered_noisy_labels,head,21,0.8399999737739563,3552
381,0381,187,168,19,169,19,covered_noisy_labels,head,13,0.6842105388641357,2704
382,0382,186,167,19,167,19,covered_noisy_labels,head,15,0.7894737124443054,2672
383,0383,195,175,20,176,20,covered_noisy_labels,head,6,0.30000001192092896,2816
384,0384,174,157,17,157,17,covered_noisy_labels,head,6,0.3529411852359772,2512
385,0385,189,170,19,170,19,covered_noisy_labels,head,13,0.6842105388641357,2720
386,0386,159,143,16,144,16,covered_noisy_labels,head,7,0.4375,2304
387,0387,157,141,16,141,16,covered_noisy_labels,head,13,0.8125,2256
388,0388,233,210,23,210,23,covered_noisy_labels,head,17,0.739130437374115,3360
389,0389,153,138,15,138,15,covered_noisy_labels,head,9,0.6000000238418579,2208
390,0390,221,199,22,199,22,covered_noisy_labels,head,12,0.5454545617103577,3184
391,0391,176,158,18,158,18,covered_noisy_labels,head,17,0.9444444179534912,2528
392,0392,192,173,19,173,19,covered_noisy_labels,head,14,0.7368420958518982,2768
393,0393,180,162,18,163,18,covered_noisy_labels,head,13,0.7222222089767456,2608
394,0394,197,177,20,179,20,covered_noisy_labels,head,14,0.699999988079071,2864
395,0395,221,199,22,203,22,covered_noisy_labels,head,22,1.0,3248
396,0396,222,200,22,201,22,covered_noisy_labels,head,7,0.3181818127632141,3216
397,0397,216,194,22,194,22,covered_noisy_labels,head,15,0.6818181872367859,3104
398,0398,185,167,18,168,18,covered_noisy_labels,head,16,0.8888888955116272,2688
399,0399,215,193,22,193,22,covered_noisy_labels,head,17,0.7727272510528564,3088
400,0400,153,138,15,138,15,covered_noisy_labels,head,9,0.6000000238418579,2208
401,0401,226,203,23,203,23,covered_noisy_labels,head,21,0.9130434989929199,3248
402,0402,246,221,25,221,25,covered_noisy_labels,head,17,0.6800000071525574,3536
403,0403,215,193,22,193,22,covered_noisy_labels,head,13,0.5909090638160706,3088
404,0404,171,154,17,154,17,covered_noisy_labels,head,15,0.8823529481887817,2464
405,0405,162,146,16,146,16,covered_noisy_labels,head,11,0.6875,2336
406,0406,170,153,17,153,17,covered_noisy_labels,head,17,1.0,2448
407,0407,99,89,10,89,10,covered_noisy_labels,middle,1,0.10000000149011612,1424
408,0408,223,201,22,201,22,covered_noisy_labels,head,13,0.5909090638160706,3216
409,0409,177,159,18,161,18,covered_noisy_labels,head,15,0.8333333134651184,2576
410,0410,156,140,16,140,16,covered_noisy_labels,head,14,0.875,2240
411,0411,228,205,23,205,23,covered_noisy_labels,head,19,0.8260869383811951,3280
412,0412,217,195,22,195,22,covered_noisy_labels,head,18,0.8181818127632141,3120
413,0413,22,20,2,20,2,covered_noisy_labels,middle,0,0.0,320
414,0414,177,159,18,159,18,covered_noisy_labels,head,16,0.8888888955116272,2544
415,0415,157,141,16,141,16,covered_noisy_labels,head,16,1.0,2256
416,0416,241,217,24,217,24,covered_noisy_labels,head,12,0.5,3472
417,0417,172,155,17,155,17,covered_noisy_labels,head,15,0.8823529481887817,2480
418,0418,150,135,15,135,15,covered_noisy_labels,head,12,0.800000011920929,2160
419,0419,233,210,23,211,23,covered_noisy_labels,head,17,0.739130437374115,3376
420,0420,188,169,19,169,19,covered_noisy_labels,head,14,0.7368420958518982,2704
421,0421,245,221,24,221,24,covered_noisy_labels,head,23,0.9583333134651184,3536
422,0422,173,156,17,156,17,covered_noisy_labels,head,15,0.8823529481887817,2496
423,0423,225,203,22,203,22,covered_noisy_labels,head,18,0.8181818127632141,3248
424,0424,190,171,19,171,19,covered_noisy_labels,head,9,0.4736842215061188,2736
425,0425,193,174,19,174,19,covered_noisy_labels,head,19,1.0,2784
426,0426,226,203,23,203,23,covered_noisy_labels,head,12,0.52173912525177,3248
427,0427,247,222,25,222,25,covered_noisy_labels,head,18,0.7200000286102295,3552
428,0428,176,158,18,158,18,covered_noisy_labels,head,13,0.7222222089767456,2528
429,0429,231,208,23,210,23,covered_noisy_labels,head,13,0.5652173757553101,3360
430,0430,231,208,23,210,23,covered_noisy_labels,head,19,0.8260869383811951,3360
431,0431,141,127,14,127,14,covered_noisy_labels,head,6,0.4285714328289032,2032
432,0432,227,204,23,206,24,covered_noisy_labels,head,11,0.4583333432674408,3296
433,0433,169,152,17,152,17,covered_noisy_labels,head,17,1.0,2432
434,0434,245,221,24,221,24,covered_noisy_labels,head,20,0.8333333134651184,3536
435,0435,190,171,19,171,19,covered_noisy_labels,head,16,0.8421052694320679,2736
436,0436,163,147,16,147,16,covered_noisy_labels,head,6,0.375,2352
437,0437,178,160,18,160,18,covered_noisy_labels,head,16,0.8888888955116272,2560
438,0438,229,206,23,207,23,covered_noisy_labels,head,18,0.782608687877655,3312
439,0439,220,198,22,198,22,covered_noisy_labels,head,17,0.7727272510528564,3168
440,0440,188,169,19,169,19,covered_noisy_labels,head,17,0.8947368264198303,2704
441,0441,213,192,21,193,21,covered_noisy_labels,head,12,0.5714285969734192,3088
442,0442,182,164,18,164,18,covered_noisy_labels,head,13,0.7222222089767456,2624
443,0443,169,152,17,152,17,covered_noisy_labels,head,14,0.8235294222831726,2432
444,0444,192,173,19,173,19,covered_noisy_labels,head,19,1.0,2768
445,0445,195,175,20,176,20,covered_noisy_labels,head,16,0.800000011920929,2816
446,0446,228,205,23,205,23,covered_noisy_labels,head,14,0.6086956262588501,3280
447,0447,194,175,19,175,19,covered_noisy_labels,head,19,1.0,2800
448,0448,244,220,24,221,24,covered_noisy_labels,head,23,0.9583333134651184,3536
449,0449,198,178,20,178,20,covered_noisy_labels,head,20,1.0,2848
450,0450,242,218,24,218,24,covered_noisy_labels,head,14,0.5833333134651184,3488
451,0451,238,214,24,214,24,covered_noisy_labels,head,16,0.6666666865348816,3424
452,0452,179,161,18,161,18,covered_noisy_labels,head,13,0.7222222089767456,2576
453,0453,179,161,18,161,18,covered_noisy_labels,head,15,0.8333333134651184,2576
454,0454,233,210,23,210,23,covered_noisy_labels,head,18,0.782608687877655,3360
455,0455,193,174,19,174,19,covered_noisy_labels,head,19,1.0,2784
456,0456,241,217,24,218,24,covered_noisy_labels,head,11,0.4583333432674408,3488
457,0457,238,214,24,215,25,covered_noisy_labels,head,19,0.7599999904632568,3440
458,0458,139,125,14,125,14,covered_noisy_labels,head,7,0.5,2000
459,0459,183,165,18,165,19,covered_noisy_labels,head,15,0.7894737124443054,2640
460,0460,232,209,23,209,23,covered_noisy_labels,head,19,0.8260869383811951,3344
461,0461,217,195,22,195,22,covered_noisy_labels,head,19,0.8636363744735718,3120
462,0462,231,208,23,208,23,covered_noisy_labels,head,22,0.95652174949646,3328
463,0463,217,195,22,195,22,covered_noisy_labels,head,13,0.5909090638160706,3120
464,0464,183,165,18,165,18,covered_noisy_labels,head,13,0.7222222089767456,2640
465,0465,196,176,20,176,20,covered_noisy_labels,head,20,1.0,2816
466,0466,217,195,22,195,22,covered_noisy_labels,head,18,0.8181818127632141,3120
467,0467,195,175,20,175,20,covered_noisy_labels,head,4,0.20000000298023224,2800
468,0468,217,195,22,196,22,covered_noisy_labels,head,22,1.0,3136
469,0469,232,209,23,209,23,covered_noisy_labels,head,17,0.739130437374115,3344
470,0470,197,177,20,177,20,covered_noisy_labels,head,18,0.8999999761581421,2832
471,0471,212,191,21,193,21,covered_noisy_labels,head,16,0.761904776096344,3088
472,0472,242,218,24,218,24,covered_noisy_labels,head,20,0.8333333134651184,3488
473,0473,235,211,24,211,24,covered_noisy_labels,head,15,0.625,3376
474,0474,163,147,16,147,16,covered_noisy_labels,head,15,0.9375,2352
475,0475,192,173,19,173,19,covered_noisy_labels,head,8,0.42105263471603394,2768
476,0476,217,195,22,195,22,covered_noisy_labels,head,19,0.8636363744735718,3120
477,0477,198,178,20,178,20,covered_noisy_labels,head,19,0.949999988079071,2848
478,0478,217,195,22,195,22,covered_noisy_labels,head,19,0.8636363744735718,3120
479,0479,184,166,18,167,18,covered_noisy_labels,head,16,0.8888888955116272,2672
480,0480,159,143,16,143,16,covered_noisy_labels,head,15,0.9375,2288
481,0481,184,166,18,166,18,covered_noisy_labels,head,13,0.7222222089767456,2656
482,0482,228,205,23,205,23,covered_noisy_labels,head,15,0.6521739363670349,3280
483,0483,247,222,25,222,25,covered_noisy_labels,head,12,0.47999998927116394,3552
484,0484,237,213,24,213,24,covered_noisy_labels,head,16,0.6666666865348816,3408
485,0485,199,179,20,179,20,covered_noisy_labels,head,9,0.44999998807907104,2864
486,0486,190,171,19,171,19,covered_noisy_labels,head,17,0.8947368264198303,2736
487,0487,161,145,16,145,16,covered_noisy_labels,head,9,0.5625,2320
488,0488,189,170,19,171,19,covered_noisy_labels,head,16,0.8421052694320679,2736
489,0489,193,174,19,174,19,covered_noisy_labels,head,18,0.9473684430122375,2784
490,0490,180,162,18,162,18,covered_noisy_labels,head,10,0.5555555820465088,2592
491,0491,226,203,23,203,23,covered_noisy_labels,head,16,0.695652186870575,3248
492,0492,229,206,23,207,23,covered_noisy_labels,head,14,0.6086956262588501,3312
493,0493,212,191,21,191,22,covered_noisy_labels,head,19,0.8636363744735718,3056
494,0494,223,201,22,201,22,covered_noisy_labels,head,19,0.8636363744735718,3216
495,0495,188,169,19,169,19,covered_noisy_labels,head,10,0.5263158082962036,2704
496,0496,241,217,24,219,24,covered_noisy_labels,head,18,0.75,3504
497,0497,183,165,18,166,18,covered_noisy_labels,head,17,0.9444444179534912,2656
498,0498,129,116,13,116,13,covered_noisy_labels,head,13,1.0,1856
499,0499,234,211,23,211,23,covered_noisy_labels,head,23,1.0,3376
500,0500,234,211,23,212,23,covered_noisy_labels,head,8,0.3478260934352875,3392
501,0501,190,171,19,171,19,covered_noisy_labels,head,16,0.8421052694320679,2736
502,0502,242,218,24,219,24,covered_noisy_labels,head,13,0.5416666865348816,3504
503,0503,192,173,19,173,19,covered_noisy_labels,head,16,0.8421052694320679,2768
504,0504,230,207,23,209,23,covered_noisy_labels,head,5,0.21739129722118378,3344
505,0505,182,164,18,164,18,covered_noisy_labels,head,17,0.9444444179534912,2624
506,0506,219,197,22,197,22,covered_noisy_labels,head,19,0.8636363744735718,3152
507,0507,158,142,16,142,16,covered_noisy_labels,head,16,1.0,2272
508,0508,174,157,17,157,17,covered_noisy_labels,head,13,0.7647058963775635,2512
509,0509,241,217,24,217,24,covered_noisy_labels,head,20,0.8333333134651184,3472
510,0510,224,202,22,202,22,covered_noisy_labels,head,20,0.9090909361839294,3232
511,0511,160,144,16,145,16,covered_noisy_labels,head,13,0.8125,2320
512,0512,172,155,17,155,17,covered_noisy_labels,head,17,1.0,2480
513,0513,228,205,23,205,23,covered_noisy_labels,head,21,0.9130434989929199,3280
514,0514,185,167,18,167,18,covered_noisy_labels,head,16,0.8888888955116272,2672
515,0515,154,139,15,139,15,covered_noisy_labels,head,15,1.0,2224
516,0516,190,171,19,172,19,covered_noisy_labels,head,13,0.6842105388641357,2752
517,0517,177,159,18,159,18,covered_noisy_labels,head,17,0.9444444179534912,2544
518,0518,186,167,19,167,19,covered_noisy_labels,head,16,0.8421052694320679,2672
519,0519,218,196,22,197,22,covered_noisy_labels,head,21,0.9545454382896423,3152
520,0520,229,206,23,206,23,covered_noisy_labels,head,21,0.9130434989929199,3296
521,0521,198,178,20,178,20,covered_noisy_labels,head,18,0.8999999761581421,2848
522,0522,227,204,23,204,23,covered_noisy_labels,head,16,0.695652186870575,3264
523,0523,215,193,22,193,22,covered_noisy_labels,head,22,1.0,3088
524,0524,194,175,19,175,19,covered_noisy_labels,head,11,0.5789473652839661,2800
525,0525,239,215,24,215,24,covered_noisy_labels,head,14,0.5833333134651184,3440
526,0526,191,172,19,172,19,covered_noisy_labels,head,13,0.6842105388641357,2752
527,0527,167,150,17,150,17,covered_noisy_labels,head,16,0.9411764740943909,2400
528,0528,218,196,22,196,22,covered_noisy_labels,head,15,0.6818181872367859,3136
529,0529,158,142,16,142,16,covered_noisy_labels,head,10,0.625,2272
530,0530,227,204,23,204,23,covered_noisy_labels,head,19,0.8260869383811951,3264
531,0531,229,206,23,206,24,covered_noisy_labels,head,16,0.6666666865348816,3296
532,0532,232,209,23,209,23,covered_noisy_labels,head,18,0.782608687877655,3344
533,0533,180,162,18,162,18,covered_noisy_labels,head,11,0.6111111044883728,2592
534,0534,221,199,22,202,22,covered_noisy_labels,head,19,0.8636363744735718,3232
535,0535,159,143,16,143,16,covered_noisy_labels,head,0,0.0,2288
536,0536,246,221,25,221,25,covered_noisy_labels,head,20,0.800000011920929,3536
537,0537,183,165,18,166,18,covered_noisy_labels,head,11,0.6111111044883728,2656
538,0538,227,204,23,204,23,covered_noisy_labels,head,14,0.6086956262588501,3264
539,0539,170,153,17,153,17,covered_noisy_labels,head,11,0.6470588445663452,2448
540,0540,243,219,24,219,24,covered_noisy_labels,head,15,0.625,3504
541,0541,243,219,24,219,24,covered_noisy_labels,head,17,0.7083333134651184,3504
542,0542,228,205,23,206,23,covered_noisy_labels,head,20,0.8695651888847351,3296
543,0543,226,203,23,203,23,covered_noisy_labels,head,10,0.43478259444236755,3248
544,0544,166,149,17,149,17,covered_noisy_labels,head,10,0.5882353186607361,2384
545,0545,155,139,16,140,16,covered_noisy_labels,head,7,0.4375,2240
546,0546,239,215,24,216,24,covered_noisy_labels,head,21,0.875,3456
547,0547,221,199,22,200,23,covered_noisy_labels,head,15,0.6521739363670349,3200
548,0548,163,147,16,148,16,covered_noisy_labels,head,11,0.6875,2368
549,0549,198,178,20,179,20,covered_noisy_labels,head,20,1.0,2864
550,0550,166,149,17,149,17,covered_noisy_labels,head,2,0.11764705926179886,2384
551,0551,224,202,22,203,22,covered_noisy_labels,head,15,0.6818181872367859,3248
552,0552,174,157,17,157,17,covered_noisy_labels,head,15,0.8823529481887817,2512
553,0553,231,208,23,208,23,covered_noisy_labels,head,23,1.0,3328
554,0554,228,205,23,206,23,covered_noisy_labels,head,18,0.782608687877655,3296
555,0555,65,59,6,59,6,covered_noisy_labels,middle,1,0.1666666716337204,944
556,0556,166,149,17,149,17,covered_noisy_labels,head,16,0.9411764740943909,2384
557,0557,160,144,16,144,17,covered_noisy_labels,head,15,0.8823529481887817,2304
558,0558,200,180,20,180,20,covered_noisy_labels,head,17,0.8500000238418579,2880
559,0559,162,146,16,148,16,covered_noisy_labels,head,12,0.75,2368
560,0560,211,190,21,194,21,covered_noisy_labels,head,11,0.523809552192688,3104
561,0561,199,179,20,179,21,covered_noisy_labels,head,4,0.190476194024086,2864
562,0562,184,166,18,166,18,covered_noisy_labels,head,16,0.8888888955116272,2656
563,0563,181,163,18,163,18,covered_noisy_labels,head,14,0.7777777910232544,2608
564,0564,176,158,18,158,18,covered_noisy_labels,head,15,0.8333333134651184,2528
565,0565,245,221,24,221,24,covered_noisy_labels,head,17,0.7083333134651184,3536
566,0566,197,177,20,177,20,covered_noisy_labels,head,16,0.800000011920929,2832
567,0567,198,178,20,178,20,covered_noisy_labels,head,12,0.6000000238418579,2848
568,0568,242,218,24,218,24,covered_noisy_labels,head,21,0.875,3488
569,0569,239,215,24,215,24,covered_noisy_labels,head,17,0.7083333134651184,3440
570,0570,193,174,19,174,19,covered_noisy_labels,head,17,0.8947368264198303,2784
571,0571,234,211,23,212,23,covered_noisy_labels,head,17,0.739130437374115,3392
572,0572,168,151,17,152,17,covered_noisy_labels,head,17,1.0,2432
573,0573,151,136,15,137,15,covered_noisy_labels,head,13,0.8666666746139526,2192
574,0574,225,203,22,204,22,covered_noisy_labels,head,13,0.5909090638160706,3264
575,0575,180,162,18,162,18,covered_noisy_labels,head,15,0.8333333134651184,2592
576,0576,231,208,23,208,23,covered_noisy_labels,head,22,0.95652174949646,3328
577,0577,192,173,19,174,19,covered_noisy_labels,head,18,0.9473684430122375,2784
578,0578,169,152,17,152,17,covered_noisy_labels,head,17,1.0,2432
579,0579,181,163,18,163,18,covered_noisy_labels,head,15,0.8333333134651184,2608
580,0580,215,193,22,193,22,covered_noisy_labels,head,21,0.9545454382896423,3088
581,0581,154,139,15,139,15,covered_noisy_labels,head,12,0.800000011920929,2224
582,0582,229,206,23,207,23,covered_noisy_labels,head,20,0.8695651888847351,3312
583,0583,189,170,19,171,19,covered_noisy_labels,head,14,0.7368420958518982,2736
584,0584,238,214,24,214,24,covered_noisy_labels,head,17,0.7083333134651184,3424
585,0585,166,149,17,149,17,covered_noisy_labels,head,12,0.7058823704719543,2384
586,0586,181,163,18,163,18,covered_noisy_labels,head,16,0.8888888955116272,2608
587,0587,233,210,23,210,23,covered_noisy_labels,head,13,0.5652173757553101,3360
588,0588,185,167,18,167,18,covered_noisy_labels,head,13,0.7222222089767456,2672
589,0589,49,44,5,44,5,covered_noisy_labels,middle,0,0.0,704
590,0590,154,139,15,139,15,covered_noisy_labels,head,14,0.9333333373069763,2224
591,0591,232,209,23,209,23,covered_noisy_labels,head,19,0.8260869383811951,3344
592,0592,183,165,18,165,18,covered_noisy_labels,head,16,0.8888888955116272,2640
593,0593,173,156,17,156,17,covered_noisy_labels,head,14,0.8235294222831726,2496
594,0594,213,192,21,193,21,covered_noisy_labels,head,7,0.3333333432674408,3088
595,0595,248,223,25,223,25,covered_noisy_labels,head,21,0.8399999737739563,3568
596,0596,229,206,23,207,23,covered_noisy_labels,head,16,0.695652186870575,3312
597,0597,151,136,15,137,15,covered_noisy_labels,head,12,0.800000011920929,2192
598,0598,219,197,22,197,22,covered_noisy_labels,head,19,0.8636363744735718,3152
599,0599,169,152,17,153,17,covered_noisy_labels,head,11,0.6470588445663452,2448
600,0600,243,219,24,219,24,covered_noisy_labels,head,23,0.9583333134651184,3504
601,0601,234,211,23,211,23,covered_noisy_labels,head,15,0.6521739363670349,3376
602,0602,221,199,22,199,22,covered_noisy_labels,head,19,0.8636363744735718,3184
603,0603,226,203,23,203,23,covered_noisy_labels,head,2,0.08695652335882187,3248
604,0604,238,214,24,214,24,covered_noisy_labels,head,5,0.2083333283662796,3424
605,0605,177,159,18,159,18,covered_noisy_labels,head,13,0.7222222089767456,2544
606,0606,171,154,17,154,18,covered_noisy_labels,head,3,0.1666666716337204,2464
607,0607,187,168,19,168,19,covered_noisy_labels,head,15,0.7894737124443054,2688
608,0608,247,222,25,223,25,covered_noisy_labels,head,21,0.8399999737739563,3568
609,0609,237,213,24,213,24,covered_noisy_labels,head,19,0.7916666865348816,3408
610,0610,247,222,25,222,25,covered_noisy_labels,head,20,0.800000011920929,3552
611,0611,150,135,15,135,15,covered_noisy_labels,head,6,0.4000000059604645,2160
612,0612,231,208,23,208,23,covered_noisy_labels,head,12,0.52173912525177,3328
613,0613,191,172,19,172,19,covered_noisy_labels,head,12,0.6315789222717285,2752
614,0614,226,203,23,203,23,covered_noisy_labels,head,15,0.6521739363670349,3248
615,0615,237,213,24,213,24,covered_noisy_labels,head,21,0.875,3408
616,0616,196,176,20,176,20,covered_noisy_labels,head,15,0.75,2816
617,0617,157,141,16,141,16,covered_noisy_labels,head,13,0.8125,2256
618,0618,219,197,22,197,22,covered_noisy_labels,head,19,0.8636363744735718,3152
619,0619,240,216,24,216,24,covered_noisy_labels,head,16,0.6666666865348816,3456
620,0620,152,137,15,137,15,covered_noisy_labels,head,13,0.8666666746139526,2192
621,0621,157,141,16,141,16,covered_noisy_labels,head,11,0.6875,2256
622,0622,228,205,23,205,23,covered_noisy_labels,head,23,1.0,3280
623,0623,186,167,19,168,19,covered_noisy_labels,head,19,1.0,2688
624,0624,220,198,22,198,22,covered_noisy_labels,head,22,1.0,3168
625,0625,179,161,18,162,18,covered_noisy_labels,head,15,0.8333333134651184,2592
626,0626,188,169,19,169,19,covered_noisy_labels,head,13,0.6842105388641357,2704
627,0627,150,135,15,135,15,covered_noisy_labels,head,10,0.6666666865348816,2160
628,0628,153,138,15,139,15,covered_noisy_labels,head,11,0.7333333492279053,2224
629,0629,213,192,21,192,21,covered_noisy_labels,head,16,0.761904776096344,3072
630,0630,216,194,22,195,22,covered_noisy_labels,head,22,1.0,3120
631,0631,243,219,24,220,24,covered_noisy_labels,head,24,1.0,3520
632,0632,175,157,18,157,18,covered_noisy_labels,head,12,0.6666666865348816,2512
633,0633,189,170,19,170,19,covered_noisy_labels,head,14,0.7368420958518982,2720
634,0634,182,164,18,164,18,covered_noisy_labels,head,17,0.9444444179534912,2624
635,0635,181,163,18,163,18,covered_noisy_labels,head,11,0.6111111044883728,2608
636,0636,185,167,18,167,18,covered_noisy_labels,head,15,0.8333333134651184,2672
637,0637,183,165,18,165,18,covered_noisy_labels,head,5,0.2777777910232544,2640
638,0638,214,193,21,199,21,covered_noisy_labels,head,19,0.9047619104385376,3184
639,0639,226,203,23,203,23,covered_noisy_labels,head,20,0.8695651888847351,3248
640,0640,196,176,20,176,20,covered_noisy_labels,head,3,0.15000000596046448,2816
641,0641,183,165,18,165,18,covered_noisy_labels,head,14,0.7777777910232544,2640
642,0642,155,139,16,144,16,covered_noisy_labels,head,8,0.5,2304
643,0643,185,167,18,168,18,covered_noisy_labels,head,18,1.0,2688
644,0644,167,150,17,151,18,covered_noisy_labels,head,8,0.4444444477558136,2416
645,0645,231,208,23,208,23,covered_noisy_labels,head,20,0.8695651888847351,3328
646,0646,244,220,24,220,24,covered_noisy_labels,head,23,0.9583333134651184,3520
647,0647,247,222,25,222,25,covered_noisy_labels,head,19,0.7599999904632568,3552
648,0648,218,196,22,197,22,covered_noisy_labels,head,9,0.40909090638160706,3152
649,0649,216,194,22,194,22,covered_noisy_labels,head,22,1.0,3104
650,0650,225,203,22,204,22,covered_noisy_labels,head,21,0.9545454382896423,3264
651,0651,189,170,19,170,19,covered_noisy_labels,head,17,0.8947368264198303,2720
652,0652,162,146,16,146,16,covered_noisy_labels,head,15,0.9375,2336
653,0653,156,140,16,141,17,covered_noisy_labels,head,12,0.7058823704719543,2256
654,0654,182,164,18,164,18,covered_noisy_labels,head,13,0.7222222089767456,2624
655,0655,177,159,18,159,18,covered_noisy_labels,head,15,0.8333333134651184,2544
656,0656,210,189,21,192,22,covered_noisy_labels,head,12,0.5454545617103577,3072
657,0657,192,173,19,173,19,covered_noisy_labels,head,17,0.8947368264198303,2768
658,0658,174,157,17,158,17,covered_noisy_labels,head,16,0.9411764740943909,2528
659,0659,151,136,15,136,15,covered_noisy_labels,head,13,0.8666666746139526,2176
660,0660,177,159,18,159,18,covered_noisy_labels,head,15,0.8333333134651184,2544
661,0661,185,167,18,167,18,covered_noisy_labels,head,15,0.8333333134651184,2672
662,0662,184,166,18,169,18,covered_noisy_labels,head,15,0.8333333134651184,2704
663,0663,163,147,16,148,16,covered_noisy_labels,head,12,0.75,2368
664,0664,234,211,23,211,23,covered_noisy_labels,head,19,0.8260869383811951,3376
665,0665,222,200,22,201,22,covered_noisy_labels,head,17,0.7727272510528564,3216
666,0666,184,166,18,166,18,covered_noisy_labels,head,18,1.0,2656
667,0667,232,209,23,209,23,covered_noisy_labels,head,16,0.695652186870575,3344
668,0668,185,167,18,167,18,covered_noisy_labels,head,5,0.2777777910232544,2672
669,0669,189,170,19,170,19,covered_noisy_labels,head,16,0.8421052694320679,2720
670,0670,165,149,16,149,16,covered_noisy_labels,head,15,0.9375,2384
671,0671,40,36,4,37,4,covered_noisy_labels,middle,0,0.0,592
672,0672,179,161,18,161,18,covered_noisy_labels,head,14,0.7777777910232544,2576
673,0673,242,218,24,218,24,covered_noisy_labels,head,17,0.7083333134651184,3488
674,0674,232,209,23,210,23,covered_noisy_labels,head,19,0.8260869383811951,3360
675,0675,222,200,22,201,22,covered_noisy_labels,head,15,0.6818181872367859,3216
676,0676,172,155,17,155,17,covered_noisy_labels,head,12,0.7058823704719543,2480
677,0677,154,139,15,140,15,covered_noisy_labels,head,10,0.6666666865348816,2240
678,0678,180,162,18,162,18,covered_noisy_labels,head,13,0.7222222089767456,2592
679,0679,152,137,15,137,15,covered_noisy_labels,head,10,0.6666666865348816,2192
680,0680,184,166,18,166,18,covered_noisy_labels,head,16,0.8888888955116272,2656
681,0681,174,157,17,157,17,covered_noisy_labels,head,14,0.8235294222831726,2512
682,0682,84,76,8,76,8,covered_noisy_labels,middle,3,0.375,1216
683,0683,220,198,22,198,22,covered_noisy_labels,head,17,0.7727272510528564,3168
684,0684,179,161,18,161,18,covered_noisy_labels,head,12,0.6666666865348816,2576
685,0685,192,173,19,173,19,covered_noisy_labels,head,18,0.9473684430122375,2768
686,0686,150,135,15,135,15,covered_noisy_labels,head,9,0.6000000238418579,2160
687,0687,169,152,17,152,17,covered_noisy_labels,head,13,0.7647058963775635,2432
688,0688,181,163,18,163,18,covered_noisy_labels,head,13,0.7222222089767456,2608
689,0689,190,171,19,171,19,covered_noisy_labels,head,17,0.8947368264198303,2736
690,0690,234,211,23,211,23,covered_noisy_labels,head,18,0.782608687877655,3376
691,0691,182,164,18,164,18,covered_noisy_labels,head,17,0.9444444179534912,2624
692,0692,176,158,18,158,18,covered_noisy_labels,head,16,0.8888888955116272,2528
693,0693,171,154,17,154,17,covered_noisy_labels,head,14,0.8235294222831726,2464
694,0694,192,173,19,173,19,covered_noisy_labels,head,12,0.6315789222717285,2768
695,0695,237,213,24,213,24,covered_noisy_labels,head,19,0.7916666865348816,3408
696,0696,190,171,19,171,19,covered_noisy_labels,head,15,0.7894737124443054,2736
697,0697,186,167,19,167,19,covered_noisy_labels,head,18,0.9473684430122375,2672
698,0698,195,175,20,176,20,covered_noisy_labels,head,20,1.0,2816
699,0699,194,175,19,176,20,covered_noisy_labels,head,18,0.8999999761581421,2816
700,0700,245,221,24,222,24,covered_noisy_labels,head,21,0.875,3552
701,0701,214,193,21,193,21,covered_noisy_labels,head,21,1.0,3088
702,0702,172,155,17,155,17,covered_noisy_labels,head,16,0.9411764740943909,2480
703,0703,161,145,16,145,16,covered_noisy_labels,head,13,0.8125,2320
704,0704,232,209,23,209,23,covered_noisy_labels,head,22,0.95652174949646,3344
705,0705,186,167,19,167,19,covered_noisy_labels,head,18,0.9473684430122375,2672
706,0706,149,134,15,134,15,covered_noisy_labels,head,10,0.6666666865348816,2144
707,0707,216,194,22,194,22,covered_noisy_labels,head,9,0.40909090638160706,3104
708,0708,178,160,18,160,18,covered_noisy_labels,head,12,0.6666666865348816,2560
709,0709,175,157,18,157,18,covered_noisy_labels,head,17,0.9444444179534912,2512
710,0710,237,213,24,213,24,covered_noisy_labels,head,22,0.9166666865348816,3408
711,0711,199,179,20,179,20,covered_noisy_labels,head,18,0.8999999761581421,2864
712,0712,237,213,24,215,24,covered_noisy_labels,head,18,0.75,3440
713,0713,161,145,16,145,17,covered_noisy_labels,head,15,0.8823529481887817,2320
714,0714,180,162,18,162,18,covered_noisy_labels,head,14,0.7777777910232544,2592
715,0715,193,174,19,176,19,covered_noisy_labels,head,11,0.5789473652839661,2816
716,0716,197,177,20,177,20,covered_noisy_labels,head,14,0.699999988079071,2832
717,0717,198,178,20,178,20,covered_noisy_labels,head,16,0.800000011920929,2848
718,0718,220,198,22,198,22,covered_noisy_labels,head,20,0.9090909361839294,3168
719,0719,192,173,19,173,19,covered_noisy_labels,head,15,0.7894737124443054,2768
720,0720,225,203,22,203,22,covered_noisy_labels,head,15,0.6818181872367859,3248
721,0721,214,193,21,193,21,covered_noisy_labels,head,13,0.6190476417541504,3088
722,0722,155,139,16,140,16,covered_noisy_labels,head,16,1.0,2240
723,0723,101,91,10,92,10,covered_noisy_labels,middle,1,0.10000000149011612,1472
724,0724,153,138,15,140,15,covered_noisy_labels,head,13,0.8666666746139526,2240
725,0725,247,222,25,222,25,covered_noisy_labels,head,16,0.6399999856948853,3552
726,0726,186,167,19,168,19,covered_noisy_labels,head,7,0.3684210479259491,2688
727,0727,237,213,24,213,24,covered_noisy_labels,head,23,0.9583333134651184,3408
728,0728,217,195,22,195,22,covered_noisy_labels,head,3,0.13636364042758942,3120
729,0729,232,209,23,212,23,covered_noisy_labels,head,17,0.739130437374115,3392
730,0730,238,214,24,214,24,covered_noisy_labels,head,2,0.0833333358168602,3424
731,0731,166,149,17,149,17,covered_noisy_labels,head,11,0.6470588445663452,2384
732,0732,244,220,24,223,25,covered_noisy_labels,head,20,0.800000011920929,3568
733,0733,220,198,22,200,22,covered_noisy_labels,head,12,0.5454545617103577,3200
734,0734,188,169,19,169,19,covered_noisy_labels,head,11,0.5789473652839661,2704
735,0735,171,154,17,154,17,covered_noisy_labels,head,5,0.29411765933036804,2464
736,0736,183,165,18,165,18,covered_noisy_labels,head,14,0.7777777910232544,2640
737,0737,177,159,18,159,18,covered_noisy_labels,head,8,0.4444444477558136,2544
738,0738,173,156,17,156,17,covered_noisy_labels,head,10,0.5882353186607361,2496
739,0739,190,171,19,171,19,covered_noisy_labels,head,11,0.5789473652839661,2736
740,0740,175,157,18,157,18,covered_noisy_labels,head,13,0.7222222089767456,2512
741,0741,165,149,16,149,16,covered_noisy_labels,head,3,0.1875,2384
742,0742,168,151,17,151,17,covered_noisy_labels,head,15,0.8823529481887817,2416
743,0743,224,202,22,202,22,covered_noisy_labels,head,22,1.0,3232
744,0744,235,211,24,212,24,covered_noisy_labels,head,19,0.7916666865348816,3392
745,0745,161,145,16,145,16,covered_noisy_labels,head,10,0.625,2320
746,0746,179,161,18,162,18,covered_noisy_labels,head,10,0.5555555820465088,2592
747,0747,182,164,18,164,18,covered_noisy_labels,head,18,1.0,2624
748,0748,213,192,21,192,21,covered_noisy_labels,head,21,1.0,3072
749,0749,233,210,23,211,23,covered_noisy_labels,head,18,0.782608687877655,3376
