class_id,train_rows,val_rows,val_errors,channel_original,channel_soft,channel_uncertain,neighbor_rows,centroid_rows,ridge_rows,all_three_rows,without_neighbor_rows,without_centroid_rows,without_ridge_rows,raw_content_groups,original_channel_groups
0,214,24,2,144,0,70,148,175,189,144,173,148,144,214,144
1,197,22,7,11,0,186,12,91,114,11,84,12,11,196,11
2,163,19,6,15,0,148,15,54,67,15,52,15,15,163,15
3,215,24,4,60,0,155,61,140,164,60,133,61,60,215,60
4,193,22,2,126,0,67,126,159,158,126,153,126,126,193,126
5,144,16,6,2,0,142,3,26,39,2,22,3,2,142,2
6,168,19,2,95,1,72,96,128,137,95,124,96,95,168,95
7,222,24,0,95,0,127,112,152,141,96,125,99,108,221,95
8,223,25,6,13,0,210,27,80,96,14,69,15,14,223,13
9,176,21,2,82,0,94,87,121,116,82,105,83,85,176,82
10,180,20,5,31,0,149,32,104,126,31,101,32,31,177,31
11,160,18,1,73,0,87,75,123,139,74,122,75,74,160,73
12,172,19,5,66,0,106,67,93,108,66,91,67,66,172,66
13,151,16,5,31,0,120,31,86,101,31,81,31,31,149,30
14,153,17,4,9,3,141,10,73,86,9,67,10,9,153,9
15,211,24,1,156,0,55,162,175,178,156,166,160,157,211,156
16,200,22,1,60,0,140,68,71,96,60,68,66,61,199,60
17,143,16,5,2,0,141,3,42,39,2,28,2,3,143,2
18,220,24,14,0,0,220,0,27,49,0,18,0,0,220,0
19,25,3,3,0,0,25,0,2,4,0,2,0,0,25,0
20,166,18,5,13,0,153,14,63,92,13,57,14,13,166,13
21,198,22,6,8,0,190,9,86,51,8,45,8,9,198,8
22,196,22,3,112,0,84,119,135,158,112,131,118,113,196,112
23,175,19,12,0,0,175,0,35,53,0,32,0,0,175,0
24,219,24,3,42,0,177,43,138,144,42,126,43,42,218,42
25,178,20,3,7,0,171,7,97,107,7,88,7,7,178,7
26,180,20,5,2,0,178,2,26,56,2,26,2,2,180,2
27,207,23,0,114,0,93,114,162,181,114,162,114,114,207,114
28,202,22,7,2,0,200,2,28,25,2,15,2,2,202,2
29,180,20,4,100,0,80,104,135,145,100,131,103,101,179,99
30,160,18,7,58,1,101,59,93,88,58,81,59,58,160,58
31,164,18,10,0,1,163,0,15,29,0,14,0,0,164,0
32,161,18,0,103,0,58,105,132,145,103,131,105,103,161,103
33,194,22,0,79,0,115,79,156,162,79,149,79,79,193,79
34,209,23,7,1,0,208,2,103,88,1,72,1,2,209,1
35,206,23,1,160,0,46,163,179,191,160,175,163,160,206,160
36,165,18,0,143,0,22,145,151,154,143,149,143,145,165,143
37,162,19,4,17,0,145,17,59,58,17,50,17,17,162,17
38,167,18,3,21,0,146,22,110,115,21,102,21,22,167,21
39,166,18,11,0,0,166,0,13,14,0,9,0,0,166,0
40,192,21,1,123,0,69,128,145,154,123,141,125,123,191,122
41,170,19,1,161,0,9,164,163,162,161,161,161,163,170,161
42,160,18,7,1,0,159,3,76,88,1,69,3,1,160,1
43,206,23,1,68,0,138,73,150,146,68,131,70,69,206,68
44,203,23,1,137,0,66,138,163,180,137,161,138,137,203,137
45,223,25,8,6,0,217,6,46,77,6,45,6,6,223,6
46,12,1,1,0,0,12,0,3,1,0,1,0,0,12,0
47,180,20,3,33,0,147,33,98,134,33,95,33,33,180,33
48,197,22,8,4,0,193,5,32,34,4,23,4,4,197,4
49,200,22,4,49,0,151,53,120,136,49,114,52,49,200,49
50,147,16,0,103,0,44,103,128,134,103,126,103,103,147,103
51,176,20,9,35,0,141,38,77,103,35,76,38,35,176,35
52,206,23,4,73,0,133,78,124,149,73,120,77,74,204,73
53,192,21,11,0,0,192,0,43,49,0,33,0,0,190,0
54,193,22,2,71,0,122,92,106,138,71,104,88,71,193,71
55,144,16,0,14,0,130,14,73,94,14,70,14,14,144,14
56,173,19,3,104,0,69,109,140,141,104,130,106,107,172,103
57,212,24,3,54,0,158,61,121,139,54,115,59,55,212,54
58,110,12,8,18,0,92,23,34,39,18,30,23,18,109,18
59,220,24,10,0,0,220,0,47,71,0,37,0,0,220,0
60,167,18,4,61,0,106,62,91,102,62,89,62,62,167,61
61,203,22,8,48,0,155,50,106,142,48,104,50,48,203,48
62,147,16,3,19,0,128,19,80,82,19,72,19,19,147,19
63,207,23,7,28,0,179,37,85,92,31,72,33,31,207,28
64,168,19,6,51,1,116,51,102,105,51,97,51,51,168,51
65,196,22,5,38,1,157,38,121,140,38,117,38,38,195,38
66,175,19,0,87,0,88,91,137,142,87,129,89,89,175,87
67,201,22,3,80,0,121,85,125,138,80,120,85,80,201,80
68,221,25,7,47,2,172,50,106,114,47,94,48,49,221,47
69,199,22,15,0,0,199,0,13,39,0,9,0,0,199,0
70,165,18,3,38,0,127,38,86,91,38,78,38,38,165,38
71,220,24,4,60,0,160,61,132,163,60,129,61,60,219,60
72,151,17,3,3,0,148,3,54,72,3,48,3,3,150,3
73,217,24,4,6,0,211,24,44,81,6,36,13,6,217,6
74,206,23,8,3,0,203,3,45,73,3,43,3,3,206,3
75,154,17,6,5,0,149,5,63,78,5,59,5,5,154,5
76,195,22,4,28,0,167,30,113,100,28,88,28,30,195,28
77,203,23,1,94,0,109,94,144,151,94,140,94,94,203,94
78,222,25,12,9,3,210,10,43,62,9,40,10,9,222,9
79,193,22,1,49,0,144,49,134,135,49,122,49,49,193,49
80,223,25,13,2,1,220,2,35,74,2,34,2,2,223,2
81,143,16,7,0,6,137,0,8,38,0,7,0,0,143,0
82,175,19,7,4,0,171,4,41,72,4,39,4,4,175,4
83,175,19,13,2,0,173,17,15,43,2,14,16,2,175,2
84,177,20,6,12,0,165,13,48,73,12,39,12,13,177,12
85,198,22,1,68,0,130,68,118,139,68,114,68,68,198,68
86,164,18,13,0,1,163,5,3,21,0,2,5,0,163,0
87,175,20,0,116,0,59,116,143,153,116,143,116,116,175,116
88,199,22,5,85,0,114,89,118,134,85,115,86,86,197,85
89,150,16,1,16,1,133,24,88,118,16,84,23,16,149,16
90,166,18,1,69,0,97,69,128,144,69,127,69,69,166,69
91,151,17,8,7,0,144,8,49,37,7,22,7,8,151,7
92,161,18,2,46,0,115,46,108,122,46,107,46,46,161,46
93,160,18,2,71,0,89,82,95,107,71,87,79,74,158,70
94,200,22,2,88,0,112,88,143,165,88,140,88,88,200,88
95,223,25,2,10,0,213,12,132,107,10,101,11,10,222,10
96,179,20,1,101,0,78,104,135,142,101,132,104,101,179,101
97,136,15,3,23,0,113,23,62,46,23,45,23,23,136,23
98,150,17,1,103,0,47,111,112,117,103,112,104,103,150,103
99,180,20,3,41,0,139,43,95,80,42,66,42,43,180,41
100,172,19,3,66,0,106,69,93,99,66,87,68,66,172,66
101,168,19,6,1,0,167,1,83,108,1,75,1,1,168,1
102,150,17,2,62,0,88,63,109,121,62,107,63,62,150,62
103,209,23,1,97,0,112,97,166,173,97,164,97,97,209,97
104,158,18,3,1,0,157,1,89,88,1,71,1,1,158,1
105,216,24,4,101,0,115,102,162,174,101,158,101,102,216,101
106,216,24,9,1,3,212,1,47,79,1,45,1,1,216,1
107,175,20,5,49,0,126,55,91,121,49,85,51,51,175,49
108,153,17,1,90,0,63,92,109,102,90,100,90,92,152,89
109,212,24,4,91,0,121,100,135,172,91,132,97,91,212,91
110,199,22,3,78,0,121,79,148,166,78,141,78,79,198,78
111,201,22,16,5,7,189,5,51,80,5,48,5,5,200,5
112,212,23,5,74,1,137,79,98,120,74,95,77,74,211,73
113,163,18,0,81,0,82,85,120,119,81,107,83,82,163,81
114,52,6,2,0,1,51,0,2,2,0,1,0,0,52,0
115,176,20,2,80,0,96,80,115,120,80,113,80,80,176,80
116,176,19,6,0,0,176,0,12,52,0,8,0,0,175,0
117,204,23,7,2,0,202,5,44,67,2,38,3,3,204,2
118,158,18,11,0,0,158,0,42,61,0,40,0,0,158,0
119,156,17,0,135,0,21,137,152,146,135,144,135,137,156,135
120,219,24,3,6,1,212,96,113,29,6,8,22,70,219,6
121,160,18,3,0,0,160,0,32,47,0,24,0,0,160,0
122,151,17,1,22,0,129,22,90,78,22,74,22,22,151,22
123,175,19,3,49,0,126,53,125,102,49,100,49,53,174,49
124,211,23,2,156,0,55,162,180,185,156,177,158,157,210,155
125,197,22,2,144,0,53,145,157,166,145,156,145,145,197,144
126,208,24,8,2,0,206,4,30,68,2,29,4,2,208,2
127,211,23,3,21,0,190,32,30,77,21,30,31,21,209,21
128,149,17,4,4,0,145,4,82,83,4,68,4,4,149,4
129,156,17,1,12,0,144,13,81,101,12,74,13,12,153,11
130,221,24,12,0,0,221,0,22,75,0,22,0,0,221,0
131,220,24,3,44,0,176,48,100,133,44,96,48,44,218,44
132,156,17,3,0,0,156,0,57,62,0,48,0,0,153,0
133,217,24,2,90,0,127,90,133,136,90,128,90,90,215,89
134,175,19,6,34,0,141,34,67,72,34,63,34,34,170,34
135,179,20,8,39,0,140,42,94,93,39,80,40,41,179,39
136,207,23,4,85,0,122,85,151,167,85,150,85,85,207,85
137,145,16,0,95,0,50,95,120,129,95,119,95,95,145,95
138,160,18,2,12,0,148,12,60,91,12,57,12,12,159,12
139,196,22,7,2,0,194,6,42,63,2,35,5,2,196,2
140,195,23,6,0,1,194,0,25,44,0,23,0,0,193,0
141,170,19,15,0,3,167,0,20,26,0,15,0,0,170,0
142,216,24,9,13,0,203,16,84,110,15,77,16,15,215,13
143,176,20,2,25,0,151,35,63,72,25,44,29,26,176,25
144,143,16,8,0,0,143,0,8,21,0,7,0,0,143,0
145,82,9,6,1,2,79,1,6,16,1,3,1,1,82,1
146,199,22,2,162,0,37,169,175,169,163,165,167,164,198,161
147,170,19,3,7,0,163,7,59,81,7,56,7,7,170,7
148,154,17,7,36,0,118,36,90,103,36,90,36,36,154,36
149,212,24,6,10,0,202,20,60,86,10,47,20,10,212,10
150,199,22,1,111,0,88,121,156,159,111,145,117,112,199,111
151,175,20,7,45,0,130,47,97,116,46,95,47,46,175,45
152,140,16,5,23,0,117,24,46,42,23,40,23,23,140,23
153,164,19,2,78,0,86,78,112,116,78,109,78,78,162,78
154,144,16,1,23,0,121,32,66,84,23,59,31,23,143,23
155,202,22,5,13,0,189,13,54,75,13,52,13,13,200,12
156,202,22,2,121,0,81,128,152,146,121,139,123,126,202,121
157,212,24,4,4,0,208,63,24,89,4,15,58,4,212,4
158,199,22,10,16,0,183,25,38,66,16,34,25,16,199,16
159,171,19,0,32,0,139,37,97,128,32,91,37,32,169,31
160,214,24,1,52,0,162,53,136,159,52,131,52,53,214,52
161,160,18,3,50,0,110,54,121,115,51,107,53,52,160,50
162,210,23,9,6,0,204,13,51,57,6,36,10,6,210,6
163,138,15,3,0,0,138,0,80,88,0,72,0,0,138,0
164,204,23,5,108,0,96,112,158,168,108,156,112,108,204,108
165,202,22,1,54,0,148,56,119,142,54,115,56,54,201,54
166,177,20,6,6,0,171,6,108,86,6,74,6,6,176,6
167,204,23,9,8,0,196,9,63,74,8,45,9,8,204,8
168,215,24,9,94,0,121,94,116,115,94,109,94,94,215,94
169,211,23,1,130,0,81,149,165,182,130,157,141,134,211,130
170,168,19,1,67,1,100,68,116,143,67,114,67,68,168,67
171,222,25,13,18,0,204,23,60,52,23,51,23,23,221,18
172,221,25,18,0,1,220,0,6,55,0,6,0,0,221,0
173,191,22,0,122,0,69,124,150,165,122,148,123,123,190,121
174,176,19,5,0,0,176,0,44,69,0,37,0,0,175,0
175,192,21,3,84,0,108,90,136,142,84,126,88,86,191,84
176,149,16,1,142,0,7,142,143,145,142,143,142,142,149,142
177,199,22,5,43,1,155,44,106,120,44,104,44,44,199,43
178,151,17,3,18,0,133,18,76,86,18,68,18,18,151,18
179,202,22,11,0,0,202,0,38,71,0,31,0,0,202,0
180,209,23,2,160,0,49,163,173,177,160,170,161,161,208,159
181,205,23,8,19,0,186,24,66,97,19,65,24,19,205,19
182,208,25,4,24,0,184,25,101,126,24,100,25,24,205,24
183,4,1,1,0,0,4,0,2,2,0,2,0,0,4,0
184,214,24,2,56,0,158,62,133,164,57,132,60,57,213,56
185,150,17,2,1,0,149,1,55,79,1,49,1,1,149,1
186,160,18,4,2,0,158,3,41,70,2,35,3,2,159,2
187,170,19,11,3,0,167,4,68,85,4,62,4,4,170,3
188,164,18,10,0,0,164,0,46,40,0,33,0,0,164,0
189,168,19,7,1,0,167,2,40,101,1,39,1,2,168,1
190,213,24,1,185,0,28,186,189,187,185,187,185,186,212,185
191,222,25,8,3,0,219,16,23,81,3,23,15,3,222,3
192,205,23,1,40,0,165,42,112,123,40,103,42,40,205,40
193,150,17,0,35,0,115,56,77,82,35,70,37,38,150,35
194,193,22,4,32,0,161,36,86,97,32,77,33,35,193,32
195,177,20,2,85,0,92,85,129,154,85,126,85,85,177,85
196,221,24,21,0,2,219,2,30,43,0,22,2,0,220,0
197,150,17,5,39,0,111,40,95,104,39,93,40,39,150,39
198,217,24,0,134,0,83,142,169,195,134,165,142,134,217,134
199,208,23,2,19,0,189,20,73,107,19,69,20,19,208,19
200,167,19,2,32,0,135,33,107,131,32,106,32,33,167,32
201,220,24,3,92,0,128,93,158,174,92,156,93,92,220,92
202,209,23,8,0,0,209,0,23,49,0,18,0,0,209,0
203,218,24,9,0,0,218,1,32,89,0,30,1,0,218,0
204,194,22,5,11,0,183,11,91,102,11,70,11,11,194,11
205,147,16,5,0,0,147,0,62,66,0,48,0,0,147,0
206,222,25,1,36,0,186,38,102,131,36,99,38,36,221,36
207,213,24,3,51,0,162,54,119,136,51,109,54,51,213,51
208,153,17,2,105,1,47,108,122,125,105,121,106,105,153,105
209,159,19,3,31,0,128,32,97,124,31,97,32,31,159,31
210,162,18,2,24,0,138,24,123,134,24,121,24,24,162,24
211,167,18,4,0,0,167,0,14,43,0,12,0,0,167,0
212,145,16,1,39,0,106,40,82,99,39,81,40,39,145,39
213,162,18,10,0,0,162,13,10,28,0,7,10,0,162,0
214,178,20,3,99,0,79,114,138,139,101,125,101,110,177,98
215,202,22,2,130,0,72,142,151,168,130,147,140,132,202,130
216,158,18,11,7,1,150,7,45,45,7,38,7,7,158,7
217,220,24,3,57,0,163,60,74,106,57,72,60,57,218,57
218,200,22,9,8,0,192,9,105,91,9,76,9,9,199,8
219,174,19,5,30,0,144,33,77,75,30,59,31,31,173,30
220,193,21,10,0,0,193,1,16,43,0,14,0,0,192,0
221,172,19,5,4,0,168,5,44,87,4,39,5,4,172,4
222,148,16,0,50,0,98,50,97,104,50,90,50,50,147,50
223,194,22,1,71,0,123,77,132,154,71,128,76,72,194,71
224,198,22,5,8,0,190,8,113,117,8,103,8,8,198,8
225,140,16,6,9,0,131,9,81,66,9,65,9,9,139,9
226,202,22,3,25,0,177,35,59,99,25,57,35,25,199,25
227,204,23,0,121,0,83,121,154,179,121,154,121,121,204,121
228,204,23,5,3,1,200,3,49,102,3,46,3,3,203,3
229,147,16,6,5,0,142,5,60,67,5,53,5,5,147,5
230,195,22,2,66,0,129,70,133,131,66,122,67,66,195,66
231,149,17,2,80,0,69,80,121,127,80,119,80,80,149,80
232,179,20,15,0,1,178,0,20,20,0,19,0,0,179,0
233,207,23,6,43,0,164,43,90,100,43,81,43,43,207,43
234,208,23,1,72,0,136,75,143,131,72,125,73,74,208,72
235,203,22,6,5,0,198,5,73,121,5,70,5,5,203,5
236,196,22,14,0,1,195,2,20,62,0,18,2,0,196,0
237,136,15,4,46,0,90,48,82,90,46,81,48,46,136,46
238,163,18,11,5,1,157,10,36,56,5,32,10,5,163,5
239,199,22,5,2,0,197,3,31,47,2,21,3,2,199,2
240,214,23,0,78,0,136,86,157,158,78,143,81,78,211,78
241,160,18,4,70,0,90,70,114,118,70,109,70,70,160,70
242,167,19,2,13,1,153,13,102,91,13,78,13,13,167,13
243,215,24,13,2,2,211,2,81,115,2,78,2,2,215,2
244,156,17,2,39,0,117,39,93,110,39,90,39,39,155,39
245,170,19,4,3,0,167,4,47,91,3,46,4,3,169,3
246,215,24,17,0,1,214,0,28,53,0,26,0,0,215,0
247,201,22,11,0,0,201,0,76,63,0,43,0,0,201,0
248,220,24,1,66,0,154,74,129,146,66,119,68,69,220,66
249,173,19,2,27,0,146,27,93,106,27,87,27,27,172,27
250,173,19,1,9,0,164,9,82,88,9,66,9,9,171,9
251,139,16,0,52,0,87,52,111,130,52,110,52,52,139,52
252,208,23,4,49,0,159,53,88,126,49,86,53,49,208,49
253,204,23,3,19,0,185,19,123,100,19,85,19,19,204,19
254,170,19,6,64,0,106,66,87,90,64,82,64,65,169,63
255,155,17,2,4,0,151,5,49,18,4,14,4,5,155,4
256,142,16,3,67,0,75,68,118,125,67,116,68,67,142,67
257,207,23,5,82,0,125,92,130,143,82,118,90,84,207,82
258,175,19,3,29,2,144,31,106,130,29,103,31,29,175,29
259,216,24,4,22,1,193,28,76,87,22,64,25,22,215,22
260,197,22,4,6,0,191,11,53,116,6,49,11,6,197,6
261,217,25,0,131,0,86,137,162,179,131,156,135,133,217,131
262,193,21,4,8,0,185,8,65,98,8,60,8,8,192,8
263,145,16,1,47,1,97,47,101,108,47,96,47,47,145,47
264,142,16,13,0,0,142,0,54,44,0,36,0,0,142,0
265,204,23,16,0,1,203,0,0,18,0,0,0,0,204,0
266,157,17,3,65,0,92,65,110,122,65,108,65,65,156,64
267,221,25,2,137,0,84,149,157,188,137,155,149,137,221,137
268,159,18,8,0,0,159,0,33,46,0,25,0,0,159,0
269,212,23,4,20,0,192,22,88,117,20,84,21,20,209,20
270,147,16,10,0,0,147,0,36,47,0,28,0,0,147,0
271,169,19,6,14,1,154,22,43,72,14,33,20,14,169,14
272,136,15,6,3,0,133,3,61,83,3,57,3,3,135,3
273,156,17,5,0,0,156,0,27,50,0,19,0,0,155,0
274,143,16,7,0,0,143,0,34,40,0,25,0,0,143,0
275,148,16,4,3,1,144,3,70,83,3,67,3,3,148,3
276,219,24,1,114,0,105,127,159,154,115,147,116,119,219,114
277,214,24,1,92,0,122,98,130,157,92,128,98,92,213,91
278,146,16,3,16,1,129,19,73,78,16,65,18,16,146,16
279,203,23,4,17,0,186,18,80,93,17,73,18,17,203,17
280,136,15,2,37,0,99,37,109,108,37,101,37,37,135,37
281,176,20,2,30,0,146,39,73,110,30,71,37,30,176,30
282,165,18,1,111,0,54,112,142,152,111,141,112,111,165,111
283,199,22,0,103,0,96,106,149,180,103,148,106,103,199,103
284,137,15,4,0,0,137,0,38,46,0,28,0,0,137,0
285,144,16,2,53,0,91,53,102,113,53,100,53,53,143,53
286,215,24,7,8,4,203,14,48,55,8,34,13,8,215,8
287,212,25,3,115,0,97,117,152,172,115,144,117,115,212,115
288,207,23,2,37,0,170,41,116,143,37,108,39,38,206,37
289,200,22,0,172,0,28,178,182,186,172,180,175,173,200,172
290,196,22,5,62,0,134,62,125,132,62,120,62,62,195,62
291,145,16,4,12,1,132,12,51,67,12,48,12,12,145,12
292,201,22,11,2,2,197,2,44,55,2,33,2,2,201,2
293,205,23,0,134,0,71,138,164,175,134,160,137,135,205,134
294,175,19,2,106,0,69,109,146,145,106,138,108,106,175,106
295,212,24,4,101,0,111,102,145,144,101,135,101,102,212,101
296,177,20,3,39,0,138,43,93,141,39,93,43,39,177,39
297,192,21,2,117,0,75,123,141,150,117,137,123,117,191,116
298,174,19,1,43,0,131,47,107,116,43,97,45,43,174,43
299,141,16,1,82,0,59,82,119,124,82,119,82,82,141,82
300,205,23,6,0,0,205,0,74,81,0,64,0,0,204,0
301,149,16,0,102,0,47,103,129,133,102,127,102,103,149,102
302,215,24,2,114,0,101,114,169,185,114,165,114,114,215,114
303,198,22,7,10,1,187,11,74,92,11,66,11,11,198,10
304,131,14,9,0,0,131,0,42,51,0,38,0,0,131,0
305,28,3,3,0,0,28,0,7,4,0,2,0,0,28,0
306,200,22,2,28,0,172,56,75,131,28,70,54,29,200,28
307,159,18,13,0,1,158,0,13,18,0,11,0,0,157,0
308,155,17,13,0,0,155,0,16,34,0,14,0,0,155,0
309,177,20,4,26,0,151,27,71,92,26,69,27,26,174,26
310,207,23,11,9,0,198,9,83,100,9,79,9,9,207,9
311,149,16,1,10,0,139,10,77,99,10,74,10,10,149,10
312,159,18,2,17,0,142,23,52,79,17,47,18,21,159,17
313,170,19,11,22,1,147,22,83,100,22,83,22,22,170,22
314,198,22,15,0,0,198,0,10,26,0,2,0,0,197,0
315,177,20,4,19,0,158,19,60,83,19,58,19,19,177,19
316,196,22,7,12,2,182,12,95,118,12,90,12,12,196,12
317,138,15,3,5,0,133,6,67,87,5,62,6,5,138,5
318,107,12,11,0,3,104,0,4,7,0,0,0,0,107,0
319,194,22,7,48,3,143,52,101,117,48,98,52,48,194,48
320,216,24,3,36,0,180,36,103,130,36,100,36,36,216,36
321,169,19,2,34,0,135,34,98,107,34,87,34,34,169,34
322,169,19,0,83,0,86,84,123,131,83,115,84,83,169,83
323,176,20,1,39,0,137,43,108,103,39,91,39,42,176,39
324,112,12,12,0,0,112,0,10,8,0,2,0,0,112,0
325,180,20,0,29,0,151,29,114,131,29,108,29,29,180,29
326,170,19,7,3,0,167,7,43,54,3,35,7,3,169,3
327,222,25,6,90,0,132,94,125,111,90,110,90,93,222,90
328,172,19,1,116,1,55,126,146,142,116,137,116,123,171,116
329,211,24,7,0,0,211,3,12,17,0,2,3,0,211,0
330,71,8,4,19,0,52,19,42,46,19,42,19,19,71,19
331,209,24,5,28,0,181,74,53,134,28,53,67,28,209,28
332,153,17,3,11,0,142,15,43,72,11,42,15,11,152,11
333,168,19,3,47,0,121,52,118,96,47,93,47,52,168,47
334,179,21,5,88,0,91,88,132,152,88,132,88,88,178,88
335,142,16,8,21,0,121,22,57,62,22,53,22,22,142,21
336,149,16,3,23,0,126,28,103,79,23,73,23,27,149,23
337,155,17,0,126,0,29,126,135,136,126,133,126,126,154,125
338,179,20,1,121,0,58,121,144,147,121,140,121,121,179,121
339,211,24,6,153,0,58,154,175,174,153,169,153,153,211,153
340,180,20,3,41,0,139,47,108,107,41,91,45,43,180,41
341,136,15,1,48,0,88,52,114,105,48,97,48,52,134,48
342,211,23,1,70,0,141,89,100,149,70,98,81,71,211,70
343,161,18,3,0,0,161,0,35,59,0,35,0,0,161,0
344,204,23,9,55,0,149,55,127,122,55,119,55,55,204,55
345,172,19,11,5,0,167,5,39,64,5,39,5,5,172,5
346,146,16,2,13,0,133,13,81,97,13,80,13,13,146,13
347,178,20,2,13,0,165,14,89,118,13,87,14,13,178,13
348,194,23,1,104,0,90,106,146,156,104,142,104,106,193,103
349,203,22,6,68,0,135,69,137,144,68,129,69,68,202,68
350,157,18,2,83,0,74,83,100,98,83,96,83,83,157,83
351,208,23,4,55,0,153,61,132,160,55,128,61,55,206,55
352,141,16,6,0,0,141,7,1,14,0,1,2,0,138,0
353,180,20,5,60,0,120,60,108,123,60,105,60,60,180,60
354,193,22,2,79,0,114,109,129,117,79,106,86,93,193,79
355,146,16,2,1,0,145,1,71,74,1,58,1,1,146,1
356,198,22,1,162,0,36,167,172,167,162,164,164,165,198,162
357,216,24,2,115,0,101,118,167,182,115,164,118,115,216,115
358,174,19,2,124,0,50,125,149,153,124,146,125,124,174,124
359,217,24,13,0,3,214,0,30,38,0,17,0,0,217,0
360,168,19,3,63,0,105,64,120,122,64,111,64,64,167,63
361,135,15,5,0,0,135,0,17,28,0,14,0,0,135,0
362,214,24,3,3,0,211,3,95,126,3,90,3,3,214,3
363,217,24,1,47,0,170,53,136,141,47,123,49,48,216,46
364,221,24,18,0,0,221,0,2,10,0,2,0,0,221,0
365,173,19,4,16,0,157,16,91,106,16,87,16,16,173,16
366,212,24,8,6,0,206,7,27,35,6,18,6,7,212,6
367,206,23,0,179,0,27,180,196,198,179,194,180,179,205,178
368,197,22,4,52,0,145,60,122,131,52,111,59,52,196,52
369,223,24,3,96,0,127,107,108,103,96,102,96,96,221,96
370,139,15,5,0,0,139,0,47,58,0,39,0,0,139,0
371,156,17,3,81,0,75,84,116,113,81,108,82,81,156,81
372,203,22,11,0,1,202,0,43,80,0,43,0,0,203,0
373,157,17,5,16,0,141,18,90,62,16,55,16,18,157,16
374,173,19,4,0,0,173,0,52,47,0,30,0,0,172,0
375,139,16,1,20,0,119,20,87,90,20,81,20,20,139,20
376,208,23,6,82,0,126,84,113,127,82,110,84,82,208,82
377,166,18,2,26,0,140,31,104,127,26,99,30,26,166,26
378,140,16,6,18,0,122,18,63,73,18,59,18,18,140,18
379,139,15,3,45,0,94,46,77,90,46,74,46,46,139,45
380,222,25,4,5,0,217,6,96,105,5,73,6,5,222,5
381,169,19,6,69,0,100,77,90,101,69,86,75,71,168,69
382,167,19,5,0,0,167,0,46,86,0,46,0,0,167,0
383,176,20,14,7,0,169,10,23,52,7,21,10,7,175,7
384,157,17,8,0,0,157,12,18,44,0,13,8,0,157,0
385,170,19,4,1,0,169,2,46,68,1,36,1,1,170,1
386,144,16,7,6,0,138,6,84,50,6,49,6,6,143,6
387,141,16,2,48,0,93,56,94,93,48,89,48,48,141,48
388,210,23,4,2,0,208,2,60,98,2,52,2,2,210,2
389,138,15,6,30,0,108,34,65,81,30,59,34,30,138,30
390,199,22,10,68,1,130,70,114,126,70,111,70,70,199,68
391,158,18,0,46,0,112,50,108,119,46,100,50,46,158,46
392,173,19,5,28,0,145,35,98,105,28,76,29,31,173,28
393,163,18,6,0,1,162,0,52,71,0,48,0,0,162,0
394,179,20,6,4,0,175,5,103,117,4,95,5,4,177,4
395,203,22,0,85,0,118,86,134,174,85,134,86,85,199,85
396,201,22,12,0,0,201,1,29,41,0,21,1,0,200,0
397,194,22,7,91,0,103,93,138,153,91,131,93,91,194,91
398,168,18,2,70,0,98,70,117,117,70,111,70,70,167,69
399,193,22,4,95,0,98,99,128,135,95,115,97,96,193,95
400,138,15,5,1,1,136,17,6,38,1,1,17,1,138,1
401,203,23,2,87,0,116,94,135,148,87,125,91,88,203,87
402,221,25,10,13,0,208,14,62,76,13,56,14,13,221,13
403,193,22,9,14,1,178,14,60,88,14,60,14,14,193,14
404,154,17,0,5,0,149,5,78,114,5,78,5,5,154,5
405,146,16,5,23,1,122,25,60,74,23,57,25,23,146,23
406,153,17,0,118,0,35,118,138,140,118,134,118,118,153,118
407,89,10,9,1,0,88,1,23,27,1,19,1,1,89,1
408,201,22,7,15,2,184,20,65,104,15,63,20,15,201,15
409,161,18,3,3,0,158,3,78,62,3,51,3,3,159,3
410,140,16,1,53,0,87,53,92,102,53,90,53,53,140,53
411,205,23,4,10,0,195,16,53,85,10,44,13,10,205,10
412,195,22,3,16,0,179,16,112,139,16,108,16,16,195,16
413,20,2,1,0,0,20,0,3,3,0,1,0,0,20,0
414,159,18,2,98,0,61,98,129,140,98,129,98,98,159,98
415,141,16,0,14,0,127,14,105,122,14,103,14,14,141,14
416,217,24,11,1,0,216,2,61,88,1,58,2,1,217,1
417,155,17,2,46,0,109,46,98,101,46,90,46,46,155,46
418,135,15,2,40,0,95,40,91,103,40,88,40,40,135,40
419,211,23,4,93,0,118,93,158,160,93,150,93,93,210,93
420,169,19,5,44,0,125,50,100,109,46,87,48,47,169,44
421,221,24,0,82,0,139,85,147,172,84,145,85,84,221,82
422,156,17,2,23,0,133,23,82,98,23,79,23,23,156,23
423,203,22,3,3,0,200,4,26,53,3,18,3,3,203,3
424,171,19,9,29,0,142,35,69,69,29,56,29,34,171,29
425,174,19,0,111,0,63,115,134,147,111,131,115,111,174,111
426,203,23,11,0,0,203,0,15,27,0,10,0,0,203,0
427,222,25,8,138,0,84,144,167,173,141,161,142,142,222,138
428,158,18,4,16,0,142,30,73,72,17,58,19,22,158,16
429,210,23,9,1,0,209,1,36,63,1,30,1,1,208,1
430,210,23,3,14,0,196,16,78,107,14,74,15,14,208,14
431,127,14,6,1,1,125,1,49,41,1,36,1,1,127,1
432,206,24,13,0,0,206,0,12,29,0,10,0,0,204,0
433,152,17,0,41,0,111,41,121,125,41,115,41,41,152,41
434,221,24,5,81,0,140,93,122,153,81,120,86,81,221,81
435,171,19,3,45,0,126,48,90,93,45,78,46,46,171,45
436,147,16,9,0,0,147,0,20,28,0,9,0,0,147,0
437,160,18,1,61,2,97,63,97,121,61,93,63,61,160,61
438,207,23,7,1,0,206,1,28,62,1,27,1,1,206,1
439,198,22,4,9,0,189,10,89,149,9,88,10,9,198,9
440,169,19,1,39,0,130,39,103,100,39,90,39,39,169,39
441,193,21,7,57,0,136,66,110,105,62,96,62,65,192,57
442,164,18,5,24,0,140,25,86,89,24,72,25,24,164,24
443,152,17,3,24,0,128,26,101,106,24,93,26,24,152,24
444,173,19,0,66,0,107,72,112,137,66,107,71,66,173,66
445,176,20,3,67,0,109,72,129,139,67,118,70,69,175,66
446,205,23,8,3,0,202,4,63,65,3,45,4,3,205,3
447,175,19,1,61,0,114,62,131,140,62,124,62,62,175,61
448,221,24,2,98,0,123,100,154,160,98,147,98,98,220,98
449,178,20,0,126,0,52,138,143,143,126,135,128,132,178,126
450,218,24,10,4,1,213,8,38,80,4,34,8,4,218,4
451,214,24,6,2,0,212,19,13,53,2,10,12,2,214,2
452,161,18,5,41,0,120,42,88,95,41,82,42,41,161,41
453,161,18,4,6,0,155,8,74,97,6,70,8,6,161,6
454,210,23,4,73,0,137,73,115,124,73,113,73,73,210,73
455,174,19,1,108,0,66,112,135,146,109,133,111,110,174,108
456,218,24,12,0,0,218,0,13,50,0,13,0,0,217,0
457,215,25,7,1,0,214,2,81,73,1,62,2,1,214,1
458,125,14,7,21,0,104,21,58,65,21,57,21,21,125,21
459,165,19,3,5,0,160,5,79,90,5,68,5,5,165,5
460,209,23,6,61,0,148,71,85,79,61,69,61,66,209,61
461,195,22,3,98,0,97,100,140,160,98,139,100,98,195,98
462,208,23,0,39,0,169,42,114,148,39,113,42,39,208,39
463,195,22,9,17,0,178,26,36,57,17,32,20,17,195,17
464,165,18,6,1,1,163,1,54,66,1,45,1,1,165,1
465,176,20,0,127,0,49,130,145,155,127,144,130,127,176,127
466,195,22,4,88,0,107,91,122,136,88,120,91,88,195,88
467,175,20,14,0,1,174,0,23,44,0,16,0,0,175,0
468,196,22,0,128,0,68,129,160,167,129,157,129,129,195,127
469,209,23,4,7,0,202,9,61,116,7,59,9,7,209,7
470,177,20,1,31,0,146,32,125,140,31,117,32,31,177,31
471,193,21,3,1,0,192,1,53,62,1,45,1,1,191,1
472,218,24,5,78,0,140,93,130,137,78,113,79,86,218,78
473,211,24,10,21,0,190,43,52,90,21,48,35,25,211,21
474,147,16,1,12,0,135,12,89,113,12,85,12,12,147,12
475,173,19,13,0,0,173,1,17,32,0,13,1,0,173,0
476,195,22,2,80,0,115,89,93,106,80,92,89,80,195,80
477,178,20,2,49,0,129,53,92,117,49,88,52,49,178,49
478,195,22,3,2,0,193,2,57,94,2,55,2,2,195,2
479,167,18,3,83,0,84,84,123,131,83,121,84,83,166,83
480,143,16,1,93,0,50,93,113,121,93,111,93,93,143,93
481,166,18,3,44,0,122,44,112,99,44,91,44,44,166,44
482,205,23,10,0,0,205,0,52,103,0,51,0,0,205,0
483,222,25,12,4,0,218,12,18,36,6,12,12,6,222,4
484,213,24,8,0,0,213,0,32,71,0,30,0,0,213,0
485,179,20,10,0,0,179,0,14,30,0,6,0,0,179,0
486,171,19,2,95,1,75,95,128,145,95,126,95,95,171,95
487,145,16,4,0,0,145,0,21,47,0,17,0,0,145,0
488,171,19,3,82,0,89,86,122,135,82,119,86,82,170,82
489,174,19,1,83,0,91,83,139,153,83,137,83,83,174,83
490,162,18,7,0,0,162,20,8,43,0,6,20,0,162,0
491,203,23,6,10,0,193,17,108,105,10,96,10,10,203,10
492,207,23,9,0,0,207,2,6,34,1,3,2,1,206,0
493,191,22,5,3,0,188,12,35,72,3,29,11,3,191,3
494,201,22,1,60,0,141,68,136,152,60,127,68,60,201,60
495,169,19,8,2,0,167,3,39,66,2,38,3,2,169,2
496,219,24,6,147,0,72,149,174,181,147,169,148,148,217,145
497,166,18,1,90,0,76,92,136,136,90,130,90,92,165,90
498,116,13,0,8,0,108,9,35,47,8,35,9,8,116,8
499,211,23,0,34,0,177,36,101,127,34,99,35,34,211,34
500,212,23,14,1,0,211,2,62,80,2,50,2,2,211,1
501,171,19,2,20,0,151,21,72,89,20,70,21,20,171,20
502,219,24,9,6,1,212,8,89,102,8,73,8,8,218,6
503,173,19,2,9,0,164,10,87,92,9,66,9,10,173,9
504,209,23,15,0,2,207,0,13,32,0,7,0,0,207,0
505,164,18,0,109,0,55,109,128,132,109,125,109,109,164,109
506,197,22,4,15,0,182,49,50,103,15,47,32,16,197,15
507,142,16,0,45,0,97,45,100,116,45,100,45,45,142,45
508,157,17,2,0,0,157,0,17,33,0,15,0,0,157,0
509,217,24,4,61,0,156,63,129,135,61,121,62,62,217,61
510,202,22,1,97,1,104,98,141,165,97,136,98,97,202,97
511,145,16,3,73,0,72,73,101,109,73,100,73,73,144,73
512,155,17,0,87,0,68,91,116,136,87,114,91,87,155,87
513,205,23,2,112,0,93,115,151,178,112,147,114,113,205,112
514,167,18,1,45,0,122,47,74,90,45,69,46,45,167,45
515,139,15,0,62,0,77,62,107,109,62,97,62,62,139,62
516,172,19,5,52,0,120,54,93,105,52,92,53,53,171,52
517,159,18,1,9,0,150,11,78,90,9,66,11,9,159,9
518,167,19,3,70,0,97,89,96,118,73,95,89,73,167,70
519,197,22,3,26,0,171,26,106,131,26,100,26,26,196,26
520,206,23,2,130,0,76,137,168,166,130,160,133,132,206,130
521,178,20,2,121,0,57,121,149,157,121,146,121,121,178,121
522,204,23,9,0,0,204,0,25,50,0,21,0,0,204,0
523,193,22,2,63,0,130,63,130,143,63,127,63,63,193,63
524,175,19,7,18,0,157,24,118,125,24,112,24,24,175,18
525,215,24,9,8,0,207,8,69,85,8,63,8,8,215,8
526,172,19,5,0,0,172,0,18,31,0,15,0,0,172,0
527,150,17,1,38,0,112,39,110,121,39,106,39,39,150,38
528,196,22,8,1,0,195,2,25,56,1,19,1,1,196,1
529,142,16,6,8,3,131,10,58,66,8,52,10,8,142,8
530,204,23,5,3,0,201,3,60,78,3,51,3,3,204,3
531,206,24,6,8,0,198,14,17,56,8,16,14,8,206,8
532,209,23,5,90,0,119,91,137,130,90,126,90,91,209,90
533,162,18,6,0,0,162,0,40,76,0,40,0,0,162,0
534,202,22,4,52,1,149,55,112,117,52,106,52,52,199,52
535,143,16,13,0,0,143,0,22,22,0,16,0,0,143,0
536,221,25,4,96,0,125,100,122,143,96,120,99,96,221,96
537,166,18,8,1,0,165,1,58,71,1,51,1,1,165,1
538,204,23,10,0,0,204,0,13,39,0,8,0,0,204,0
539,153,17,6,0,0,153,0,31,56,0,21,0,0,153,0
540,219,24,8,63,0,156,64,123,132,63,113,64,63,219,63
541,219,24,7,17,0,202,21,121,121,17,96,18,19,219,17
542,206,23,2,60,0,146,63,111,141,60,109,62,61,205,60
543,203,23,14,0,0,203,0,33,57,0,29,0,0,203,0
544,149,17,7,18,0,131,19,49,61,18,47,19,18,149,18
545,140,16,7,4,1,135,4,67,69,4,56,4,4,139,4
546,216,24,2,50,0,166,61,95,131,50,91,60,50,215,50
547,200,23,6,18,1,181,26,105,97,18,85,18,23,199,17
548,148,16,3,2,0,146,8,60,87,2,57,8,2,147,2
549,179,20,0,137,0,42,139,158,158,137,154,137,139,178,136
550,149,17,13,0,0,149,1,6,20,0,3,1,0,149,0
551,203,22,6,4,0,199,5,52,87,4,51,5,4,202,4
552,157,17,3,31,0,126,31,70,72,31,63,31,31,157,31
553,208,23,0,64,0,144,68,155,152,64,140,65,67,208,64
554,206,23,4,41,0,165,54,108,99,41,83,41,50,205,41
555,59,6,4,0,0,59,0,14,9,0,7,0,0,59,0
556,149,17,1,13,1,135,13,105,108,13,97,13,13,149,13
557,144,17,2,33,0,111,33,96,108,33,93,33,33,144,33
558,180,20,3,8,0,172,12,74,98,8,64,12,8,180,8
559,148,16,4,4,0,144,4,54,81,4,50,4,4,146,4
560,194,21,9,17,0,177,20,63,110,17,58,20,17,190,14
561,179,21,16,2,1,176,4,30,67,2,28,4,2,179,2
562,166,18,1,31,0,135,32,124,93,31,92,31,32,166,31
563,163,18,3,41,0,122,45,85,123,41,85,45,41,163,41
564,158,18,3,40,0,118,40,103,127,40,98,40,40,158,40
565,221,24,6,30,0,191,31,90,123,30,83,30,31,221,30
566,177,20,4,10,0,167,19,54,71,10,48,10,10,177,10
567,178,20,8,13,4,161,16,63,64,13,54,15,14,178,13
568,218,24,5,23,0,195,51,65,85,24,53,30,25,218,23
569,215,24,5,19,0,196,23,46,107,19,42,22,19,215,19
570,174,19,2,10,0,164,10,77,93,10,71,10,10,174,10
571,212,23,5,5,0,207,5,85,154,5,81,5,5,211,5
572,152,17,0,137,0,15,142,137,145,137,137,142,137,151,136
573,137,15,1,44,0,93,44,97,95,44,92,44,44,136,44
574,204,22,9,15,0,189,15,80,95,15,76,15,15,203,15
575,162,18,1,19,0,143,19,97,104,19,81,19,19,162,19
576,208,23,2,49,0,159,49,99,111,49,93,49,49,208,49
577,174,19,1,64,0,110,64,111,114,64,104,64,64,173,64
578,152,17,0,107,0,45,107,128,130,107,125,107,107,152,107
579,163,18,1,15,0,148,18,48,90,15,47,18,15,163,15
580,193,22,0,21,0,172,21,107,112,21,85,21,21,193,21
581,139,15,1,1,0,138,1,56,83,1,54,1,1,139,1
582,207,23,2,99,0,108,108,125,149,99,115,106,101,206,99
583,171,19,2,10,0,161,19,60,58,10,40,12,13,170,10
584,214,24,7,18,1,195,18,83,119,18,72,18,18,214,18
585,149,17,5,17,0,132,19,60,79,17,54,18,17,149,17
586,163,18,1,21,0,142,24,84,98,21,77,24,21,163,21
587,210,23,10,44,1,165,47,83,102,46,83,47,46,210,44
588,167,18,2,43,1,123,43,101,94,43,88,43,43,167,43
589,44,5,5,0,0,44,0,0,1,0,0,0,0,44,0
590,139,15,1,79,0,60,82,118,114,79,107,80,81,139,79
591,209,23,4,22,0,187,27,70,91,22,60,25,22,209,22
592,165,18,2,0,0,165,0,43,67,0,39,0,0,165,0
593,156,17,2,5,0,151,5,68,85,5,63,5,5,156,5
594,193,21,13,0,1,192,0,26,52,0,25,0,0,192,0
595,223,25,3,33,0,190,35,115,143,33,108,34,34,223,33
596,207,23,9,49,0,158,50,89,108,49,84,49,49,206,48
597,137,15,4,4,0,133,4,66,86,4,63,4,4,136,4
598,197,22,3,4,0,193,4,51,74,4,44,4,4,197,4
599,153,17,4,0,0,153,0,45,54,0,41,0,0,152,0
600,219,24,1,73,0,146,80,120,156,73,117,77,74,219,73
601,211,23,9,0,0,211,0,69,73,0,46,0,0,211,0
602,199,22,4,8,0,191,9,39,71,8,30,9,8,199,8
603,203,23,19,0,1,202,0,4,58,0,4,0,0,203,0
604,214,24,14,1,0,213,5,18,47,1,17,4,1,214,1
605,159,18,5,20,0,139,20,97,105,20,91,20,20,159,20
606,154,18,15,0,0,154,0,7,11,0,3,0,0,154,0
607,168,19,3,8,0,160,8,75,87,8,70,8,8,168,8
608,223,25,4,71,0,152,73,143,182,71,139,72,71,222,70
609,213,24,3,38,0,175,40,96,121,38,84,40,38,213,38
610,222,25,5,3,0,219,8,41,89,3,34,5,3,222,3
611,135,15,9,2,0,133,2,41,51,2,39,2,2,135,2
612,208,23,14,0,0,208,0,35,50,0,22,0,0,208,0
613,172,19,6,6,0,166,6,48,55,6,36,6,6,172,6
614,203,23,7,61,0,142,61,90,100,61,86,61,61,203,61
615,213,24,3,65,0,148,78,131,184,65,122,78,65,213,65
616,176,20,6,18,1,157,21,85,102,18,80,20,18,176,18
617,141,16,2,15,1,125,15,84,93,15,78,15,15,141,15
618,197,22,3,97,0,100,97,151,166,97,149,97,97,197,97
619,216,24,7,78,0,138,85,136,136,78,119,80,82,216,78
620,137,15,1,44,0,93,44,100,105,44,97,44,44,137,44
621,141,16,4,0,0,141,0,49,73,0,42,0,0,141,0
622,205,23,0,193,0,12,194,197,201,193,197,194,193,205,193
623,168,19,1,79,0,89,79,134,143,79,127,79,79,167,79
624,198,22,0,184,0,14,184,186,190,184,186,184,184,198,184
625,162,18,4,7,0,155,7,61,57,7,39,7,7,161,7
626,169,19,4,67,0,102,67,123,126,67,114,67,67,169,67
627,135,15,5,0,0,135,0,10,13,0,7,0,0,135,0
628,139,15,1,11,0,128,11,73,82,11,71,11,11,138,11
629,192,21,6,1,0,191,16,14,59,1,9,13,1,192,1
630,195,22,0,106,1,88,112,142,155,106,138,110,106,194,106
631,220,24,0,132,0,88,140,160,166,132,153,139,133,219,132
632,157,18,4,4,0,153,4,50,74,4,46,4,4,157,4
633,170,19,5,1,0,169,4,35,46,1,22,4,1,170,1
634,164,18,1,54,0,110,54,117,138,54,116,54,54,164,54
635,163,18,6,0,0,163,0,35,81,0,33,0,0,163,0
636,167,18,4,64,0,103,64,106,110,64,97,64,64,167,64
637,165,18,12,0,0,165,0,13,10,0,4,0,0,165,0
638,199,21,2,136,0,63,141,152,150,136,146,136,141,193,133
639,203,23,3,41,0,162,42,101,115,41,97,42,41,203,41
640,176,20,16,0,1,175,0,9,9,0,2,0,0,176,0
641,165,18,3,37,0,128,38,71,62,37,59,37,38,165,37
642,144,16,7,0,0,144,0,42,46,0,38,0,0,139,0
643,168,18,0,79,0,89,81,118,132,79,113,80,80,167,79
644,151,18,10,5,0,146,6,53,53,5,39,6,5,150,5
645,208,23,3,32,0,176,33,133,168,32,130,33,32,208,32
646,220,24,1,84,0,136,90,144,184,84,139,88,85,220,84
647,222,25,6,91,2,129,97,129,144,91,122,93,93,222,91
648,197,22,13,5,0,192,5,56,72,5,52,5,5,196,5
649,194,22,1,110,0,84,112,148,152,110,143,111,111,194,110
650,204,22,3,157,0,47,161,176,189,157,175,161,157,203,156
651,170,19,2,72,0,98,72,106,107,72,101,72,72,170,72
652,146,16,1,135,0,11,136,138,139,135,137,136,135,146,135
653,141,17,3,0,0,141,0,19,51,0,18,0,0,140,0
654,164,18,2,1,0,163,5,84,68,1,58,3,1,164,1
655,159,18,4,58,1,100,67,91,94,58,83,62,61,159,58
656,192,22,10,41,1,150,42,83,93,42,79,42,42,189,41
657,173,19,4,41,0,132,43,105,118,42,96,42,43,173,41
658,158,17,1,30,0,128,30,94,118,30,92,30,30,157,30
659,136,15,2,58,0,78,58,97,99,58,93,58,58,136,58
660,159,18,3,51,0,108,51,99,126,51,97,51,51,159,51
661,167,18,3,0,0,167,21,14,67,0,11,13,0,167,0
662,169,18,4,1,0,168,1,82,77,1,59,1,1,166,1
663,148,16,4,0,1,147,0,77,80,0,72,0,0,147,0
664,211,23,4,67,0,144,69,119,137,67,114,68,67,211,67
665,201,22,5,13,0,188,31,52,74,13,45,19,14,200,13
666,166,18,2,58,2,106,59,109,123,58,107,59,58,166,58
667,209,23,7,4,0,205,18,40,87,4,32,15,4,209,4
668,167,18,13,0,1,166,0,5,13,0,4,0,0,167,0
669,170,19,4,42,0,128,43,75,93,42,74,43,42,170,42
670,149,16,2,39,0,110,39,100,109,39,90,39,39,149,39
671,37,4,4,0,0,37,0,3,4,0,2,0,0,36,0
672,161,18,2,39,0,122,47,107,131,39,102,46,39,161,39
673,218,24,5,11,0,207,17,67,120,11,65,17,11,218,11
674,210,23,3,54,0,156,55,133,151,54,128,55,54,209,53
675,201,22,8,1,0,200,2,49,62,1,35,2,1,200,1
676,155,17,6,60,0,95,60,88,101,60,87,60,60,155,60
677,140,15,4,2,0,138,2,78,100,2,76,2,2,139,2
678,162,18,4,13,0,149,13,51,62,13,45,13,13,162,13
679,137,15,4,7,0,130,8,60,71,7,55,7,7,137,7
680,166,18,2,70,0,96,71,126,133,71,115,71,71,166,70
681,157,17,4,53,0,104,53,110,121,53,110,53,53,157,53
682,76,8,5,0,1,75,2,2,6,0,0,1,0,76,0
683,198,22,5,85,1,112,88,121,118,85,110,85,88,198,85
684,161,18,3,6,0,155,9,49,63,6,38,8,6,161,6
685,173,19,1,95,0,78,95,134,147,95,134,95,95,173,95
686,135,15,5,0,1,134,0,40,56,0,34,0,0,135,0
687,152,17,4,83,0,69,83,122,128,83,120,83,83,152,83
688,163,18,5,6,0,157,14,45,86,6,36,12,7,163,6
689,171,19,2,21,0,150,21,80,106,21,75,21,21,171,21
690,211,23,5,11,1,199,13,83,109,11,82,13,11,211,11
691,164,18,0,104,0,60,105,134,129,104,124,104,105,164,104
692,158,18,2,106,0,52,106,130,139,106,128,106,106,158,106
693,154,17,1,22,0,132,24,97,108,22,94,24,22,154,22
694,173,19,6,12,0,161,19,82,62,12,53,12,17,173,12
695,213,24,5,9,0,204,10,102,126,9,92,10,9,213,9
696,171,19,3,6,0,165,9,54,71,6,49,7,6,171,6
697,167,19,1,111,0,56,114,135,141,111,133,113,111,167,111
698,176,20,0,66,0,110,67,114,120,66,110,67,66,175,66
699,176,20,2,30,1,145,30,93,111,30,90,30,30,175,30
700,222,24,3,37,0,185,43,98,109,37,80,42,38,221,37
701,193,21,0,178,0,15,178,183,186,178,182,178,178,193,178
702,155,17,0,63,0,92,63,122,130,63,115,63,63,155,63
703,145,16,3,40,0,105,40,84,98,40,80,40,40,145,40
704,209,23,1,48,0,161,53,95,129,48,89,52,49,209,48
705,167,19,0,60,0,107,60,115,134,60,109,60,60,167,60
706,134,15,5,3,0,131,3,69,69,3,60,3,3,134,3
707,194,22,14,52,1,141,52,95,90,52,88,52,52,194,52
708,160,18,6,8,0,152,8,38,55,8,31,8,8,160,8
709,157,18,0,117,0,40,119,136,138,117,134,118,118,157,117
710,213,24,2,74,0,139,76,126,137,74,114,74,76,213,74
711,179,20,2,28,0,151,29,94,114,28,85,29,28,179,28
712,215,24,7,11,1,203,15,90,128,12,86,15,12,213,11
713,145,17,2,22,1,122,23,89,97,22,84,23,22,145,22
714,162,18,6,2,1,159,4,30,46,2,20,2,3,162,2
715,176,19,6,26,0,150,28,63,89,26,61,28,26,174,25
716,177,20,5,4,0,173,6,106,99,5,77,5,6,177,4
717,178,20,6,6,0,172,6,43,59,6,39,6,6,178,6
718,198,22,2,149,0,49,163,165,176,149,162,158,151,198,149
719,173,19,4,73,0,100,73,113,120,73,106,73,73,173,73
720,203,22,7,2,0,201,5,38,64,2,34,3,3,203,2
721,193,21,7,0,0,193,0,60,82,0,51,0,0,193,0
722,140,16,0,38,0,102,38,91,100,38,91,38,38,139,38
723,92,10,9,0,0,92,0,2,2,0,0,0,0,91,0
724,140,15,2,64,1,75,65,83,96,65,82,65,65,138,63
725,222,25,7,27,0,195,27,82,96,27,77,27,27,222,27
726,168,19,11,0,0,168,0,25,34,0,21,0,0,167,0
727,213,24,1,144,0,69,144,176,178,144,171,144,144,213,144
728,195,22,18,0,1,194,0,5,7,0,4,0,0,195,0
729,212,23,4,0,0,212,1,10,76,0,10,1,0,209,0
730,214,24,22,0,2,212,0,5,11,0,2,0,0,214,0
731,149,17,5,3,3,143,3,54,64,3,51,3,3,149,3
732,223,25,4,65,0,158,71,109,159,67,109,69,67,220,63
733,200,22,10,10,0,190,10,78,86,10,65,10,10,198,10
734,169,19,9,0,0,169,6,7,40,0,5,6,0,169,0
735,154,17,12,0,0,154,0,11,9,0,8,0,0,154,0
736,165,18,3,40,0,125,45,121,125,40,112,42,42,165,40
737,159,18,10,10,0,149,12,72,76,10,62,10,10,159,10
738,156,17,7,0,0,156,0,20,24,0,11,0,0,156,0
739,171,19,6,20,0,151,24,67,98,20,60,24,20,171,20
740,157,18,4,5,0,152,6,73,84,6,68,6,6,157,5
741,149,16,12,0,0,149,0,31,16,0,10,0,0,149,0
742,151,17,2,7,0,144,7,85,93,7,83,7,7,151,7
743,202,22,0,78,0,124,78,143,161,78,138,78,78,202,78
744,212,24,4,50,0,162,54,96,114,50,85,52,51,211,50
745,145,16,5,1,0,144,1,38,52,1,28,1,1,145,1
746,162,18,6,40,0,122,41,78,84,41,74,41,41,161,40
747,164,18,0,84,0,80,89,115,138,84,113,87,85,164,84
748,192,21,0,114,0,78,115,154,155,114,150,115,114,192,114
749,211,23,5,49,0,162,51,116,128,49,109,49,49,210,48
