case_id	reference_observation
V001	原标签参考含剑形叶、棚屋、园景；另一类是不同叶形灌木，原类参考本身并不统一。
V002	同类参考均为黑白树干鸟，与查询同属可见外观类型；物种边界不能由此确认。
V003	原类参考含图表及小鸟，预测类多为深色鸟；查询鸟在花下，关键鸟部细节不足。
V004	原类与近邻类均有紫花草本；叶花形态差异需语义和鉴别知识。
V005	三类参考包含不同叶形标本、花与叶；查询干燥标本缺鲜活器官对照。
V006	原类参考龟外形不一，近邻类多为水下龟；查询含两只龟，不能判定目标身份。
V007	两类均为蜥蜴，体形和拍摄角度不同；没有可靠的类别判别依据。
V008	原类参考全为蛾，预测类为树与球果；查询是岩壁山谷，未见蛾，形成粗粒度参考冲突但原类语义未确认。
V009	参考包含黄花及叶片，与查询花部可比较，但单朵近景缺更多器官。
V010	两类参考均有蛇，且夹杂灌丛环境图；不能仅按体纹相似判定。
V011	原类参考为藤叶、根，另一类为树与花果；查询枝果不足以确认类别。
V012	参考均为展翅或栖息猛禽；查询与其大类一致，但不构成细粒度真值。
V013	原类参考含不同花草、另一类含圆形叶片；查询叶器官与参考花态不可直接判同异。
V014	原类参考多为棕色小鸟，另一类为黄腹黑白头鸟；查询冠羽和胸纹不足以可靠对应数字类。
V015	同类随机参考含蜻蜓及一只深色蝶，参考集合存在粗粒度不一致。
V016	两类参考含不同花、叶和树冠，查询远景花部不能支持可靠比较。
V017	原类为多种姿态蛾及幼虫，预测类含幼虫与蛾，第三类含花果及蛾；跨生命阶段和参考冲突并存。
V018	原类参考含建筑、叶及鸟，第三类含鸟及其他近景；不足以定标签。
V019	原类参考包含有腕足水生动物，另一类含壳、地图及团块；查询卷曲姿态仍缺类别定义。
V020	两个类均为树叶、树形或花序；只有两片叶的查询缺独立判别依据。
V021	原类参考为树干鸟，预测类为蝙蝠；查询是羽毛图且带文字，但数字类与文字无权威绑定。
V022	两类均为蜻蜓，不同姿态与体色；末端裁失且缺可靠物种鉴别依据。
V023	三个类参考分别含附着物、蕨叶和菌菇；查询表面微距不能可靠对应。
V024	两个类参考均是针状/鳞状叶灌木，缺细粒度语义依据。
V025	三类参考为不同花草；查询实际输入丢失花部，可见信息受损，但不能从中推导原标签真伪。
V026	参考水鸟与查询大类相符，仍不能将原标签一致对照当真值。
V027	两类参考为蛾及幼虫，翅纹与生命阶段差异需进一步知识。
V028	三类参考含多种蛇姿态、道路和景观，无法确认数字类别含义。
V029	原类参考含棚屋、果实和球果，另一类花草；参考语义不一致。
V030	三类参考不同花草与街景，查询紫花不能只按近似花色裁定。
V031	参考包含复叶、果荚、文字页和枝叶，不同器官覆盖无法直接比较。
V032	原类参考有人员、昆虫和鸟，预测类多为小鸟；原类参考本身存在粗粒度冲突。
V033	原类参考甲虫，其他类有长足昆虫、花与蜂状虫；查询甲虫特征可见，但三图非可靠类定义。
V034	参考多为树、花草及种子图，查询红果与缺少同器官参考的比较不充分。
V035	原类棕色鸟，预测类含羽毛图和不同羽色鸟；性龄与物种区别未知。
V036	原类参考为灌草，预测类为小型哺乳动物；查询地表缺乏可辨认近景主体。
V037	三类参考都是不同外观附着物，查询枯褐结构不足以区分。
V038	同类参考含标本及黄色花，形态可对照，但无权威语义映射。
V039	原类参考鸟差异很大，预测类白头猛禽较统一；查询冠羽被裁，无法确认原标签。
V040	原类参考花草及标本，另一类含林景和带花枝叶；查询只有叶段。
V041	原类带刺柱状植物，预测类荒地灌木/标本；查询符合原类粗粒度形态，但缺正式类定义。
V042	两类参考均为蜥蜴，查询场景杂乱，首轮未辨认到明显蜥蜴；不据此判错标。
V043	两类均为细长蜻蜓样昆虫，头尾裁失影响可见结构，仍不能定细粒度类别。
V044	三类花草和道路混杂，查询花序形态缺少同器官可靠参考。
V045	原类参考含草穗、书籍封面和昆虫拼图，即便为对照也不能认定标签正确。
V046	三类参考均可能涉及果实/叶枝，但花、果和整株覆盖不一致。
V047	原类多鸟，预测类蜗牛，第三类鸟；查询为地图，只有无生物像素这一事实可确认。
V048	原类参考紫花，预测类花序和叶标本；查询拼图以叶为主，缺语义对应。
V049	参考均龟但姿态差异显著，三图不足定义细粒度类。
V050	三类均为花纹蛇，需要专门鉴别依据。
V051	原类参考含水下毛状物、鱼和腕状物；另一类壳、地图、团块，参考异质。
V052	参考均成年蝶，查询为幼虫；生命周期关系无法由这些图直接验证。
V053	两类均为黄色胶状菌样结构，颜色形态近似不足以确定标签。
V054	三类蛾/幼虫/卵形态差异大，查询翅纹需专家鉴别。
V055	参考花叶与查询大体一致，但不认定数字标签是真值。
V056	原类参考花丛和地图，另一类蓝花近景与线描；缺语义依据。
V057	两类小鸟且原类含分布图，不能用色彩近似判断物种。
V058	三类均小鸟、原类含分布图，喉胸色可能有帮助但未获独立类定义。
V059	参考含花枝、叶和树全景，查询远景不足以可靠比较。
V060	参考蛾和幼虫，查询标本与参考角度不同，无法确认。
V061	两类参考皆有叶/花果阶段，查询仅岩壁叶簇，缺同阶段鉴别依据。
V062	两类参考为叶、花果或标本，查询低清无法可靠比较。
V063	参考全为绿色变色龙样动物，查询地面姿态不同，尚不能确认物种级标签。
V064	原类参考含人物、植物远景和花序，数字类含义不清。
V065	原类参考黄花及叶片，与查询外观相近；不足以作真值裁定。
V066	两类均蜥蜴，体纹、遮挡及姿态差异不能可靠归为类别区别。
V067	两类都为树干黑白鸟，查询仅头部，缺翅尾等可能鉴别部位。
V068	同类鸟参考含飞行和栖息状态，颜色有所差异，水印也遮挡查询。
V069	原类和预测类参考为不同细长两栖动物，第三类为藻/枝叶；查询论文文本不能凭文件夹判定。
V070	参考均为小型蕨状叶，查询墙缝远景与参考有粗粒度一致性，非标签确证。
V071	三类参考含叶、文字、不同形态花，查询下垂花无可靠语义对应。
V072	两类参考昆虫且第二类混入聚餐人物，低清查询难辨细部。
V073	两类参考均植物但花形差异大，数字类及查询器官对应未知。
V074	两类参考为蛙及科普页面，不能仅凭体色姿态判定物种。
V075	参考均成鸟，查询裸羽幼鸟，缺跨生命阶段独立身份依据。
V076	两类均深色鸟，体型和喙部区别需要类别说明。
V077	两类均黄花植物，花序、叶形证据未能绑定数字类别。
V078	对照原类参考竟有检测仪器和宇宙绘图，进一步说明数字类不能默认全部是物种。
V079	同类参考长嘴棕色鸟，与查询外观类型一致，仍无物种级裁定。
V080	两类蜻蜓，体色姿态存在差异，查询头尾裁失加重不确定。
V081	原类参考有标本和鲜花，查询为标本；标签语义及标本鉴别细节未确认。
V082	原类参考含相近单花，预测类含灌丛白花；参考差异可观察但非权威类定义。
V083	两类蛇参考中一类还含道路和景观，不能凭背景或粗体纹判断。
V084	原类参考黄色胶状结构，另一类带柄菌菇与绘图；查询为带柄菌菇，粗外观冲突明确但类定义未确认。
V085	参考均壁虎，体色姿态不一，缺物种说明。
V086	两类花纹蛇及环境图，查询细长主体低对比，未有可靠判别依据。
V087	三类参考植物器官不同，查询叶部与花态参考不能直接定标签。
V088	两类蛇，花纹及头部细节不足以由非专家确认。
V089	三个类参考含树叶、枝梢结构、虫或壳，查询芽的语义对应不明。
V090	原类蕨状叶，另一类林景、瀑布、苔状物；查询场景同时包含这些要素。
V091	原类参考花草，预测类含图表和水下动物，第三类蟹；查询蓝色囊状物与原类参考粗冲突，但类语义未知。
V092	三类参考多为蕨样叶，也有水下生物与普通叶，无法建立可靠类别边界。
V093	两类皆深色鸟，外观十分相近，数字类语义缺失。
V094	两类均蝶并涉及幼虫，查询幼虫不能由成虫照片可靠连系。
V095	同类参考多簇菌菇，存在外观相似但仍不能确认细粒度标签。
V096	三类花草的花形差异存在，查询叶和花信息不足以权威绑定类别。
V097	原类参考细长两栖动物，另一类含幼体、鱼状物与蜥蜴，低清查询无法裁定。
V098	两类细长昆虫，腹尾裁失，缺细粒度鉴别知识。
V099	三类鸟与环境参考不统一，查询嘴尾裁失，不能定标签。
V100	原类蟹，另一类参考蜘蛛、蟹和蝎，预测类本身粗粒度混杂。
V101	两类参考均为蜥蜴，体纹与环境不同，无法按三张参考确证。
V102	三类含蛾、幼虫、蝶和一张大型哺乳动物；参考异质，不能接受共同预测为真值。
V103	原类蕨叶/微观图，预测类盆栽棕榈样叶；查询长整叶与参考不完全吻合，类语义未知。
V104	两类红色及其他体色蜻蜓，查询相接姿態且裁失部分身体，鉴别不足。
V105	原类藻状植物，预测类多种水下动物，第三类海藻；查询手持物细节不足。
V106	两类参考含叶片、园景、野地植物和远景；查询低清杂草中小花无法裁定。
V107	原类成年蜻蜓，另一类昆虫与人物，第三类长足昆虫；查询蜕壳/幼体状态不能可靠跨阶段对应。
V108	三类参考甲虫、长足昆虫和统计图/花；查询虫体与花目标不唯一，语义未知。
V109	两类均树与果/花，查询标本器官与不同尺度参考难直接对照。
V110	三类花形差异明显，但叶花需正式语义绑定，不能仅按花色重标。
V111	参考包含水鸟与持鸟人物，查询人为场景与同类存在相似；不作为真值。
V112	两类树叶与树形，查询只见逆光枝叶果，缺判别依据。
V113	原类参考飞行尖翅鸟，另一类多种鸟含猛禽；查询鸟外观与原类参考有明显差异，但数字语义与性龄变化未知。
V114	三类参考各种花草，查询枯刺结构没有同状态可靠对照。
V115	原类花草/标本，预测类蕨状叶/微观结构，低清查询无法裁定。
V116	两类为树干鸟和长嘴小鸟，查询为头骨示意；骨骼到物种的映射缺专业依据。
V117	三类含紫花、种子与标签图，查询的花序/叶信息不足以绑定数字类别。
V118	三个类参考蛇及其他小动物，查询仅眼头局部，无法判断身份。
V119	两类参考树、花、根和茎，查询远景树冠没有可靠区分证据。
V120	三类参考蝶及生命阶段图，原类还含风景；查询蝶花须物种鉴别。
V121	原类参考蝶/蛾，预测类是披萨、卡通封面和卡牌，第三类爬行动物；查询服装与全部参考冲突，仍缺类语义。
V122	两类为蛾和幼虫，查询翅纹缺可靠鉴别依据。
V123	原类参考甲虫及其他节肢动物，另一类含蜘蛛与卵样结构；查询蜘蛛的物种身份不明。
V124	同类参考含不同翅面蝶，查询闭翅，与参考粗相似不等于已确认标签。
V125	两类植物参考多为整株/花，查询极局部花器官，不足以对应。
V126	两类小蝶且另一类含幼虫和花丛，查询蝶花主体不能凭参考确定。
V127	同类参考紫花、花蕾及远景，查询低清，缺类别判据。
V128	两类均深色长尾鸟，细粒度边界未明。
V129	两类花形外观有差异，查询含数种花，目标对应不清。
V130	三类参考含鸟、树和建筑/分布图，原类尤其混杂。
V131	原类参考红黑甲虫，其他类植物；查询确有甲虫与花双对象，单标签对象关系未知。
V132	两类均花和标本，查询标本无法只按叶片轮廓裁定。
V133	原类含叶枝与文字，另一类花果和树；查询绿色果实缺同器官可靠对照。
V134	三类参考蝶及花，其中第三类全花，查询同时有蝶和植物，目标不唯一。
V135	两类叶/花和灌丛，查询无花果，可靠区分不足。
V136	参考均长嘴小鸟，查询飞行姿态且翅尾裁失，不能确认物种。
V137	三类参考不同形态鸟及羽毛图，查询极长尾显著但缺数字类定义。
V138	原类紫花及标本，另一类黄色花与叶；查询白花需颜色变异/种类知识。
V139	三类参考昆虫、人物与蜘蛛；查询局部口器样结构无法绑定。
V140	原类参考蝶，预测类盆树和园路；查询林道无突出蝶，形成粗粒度参考冲突而非已证实错标。
V141	两类皆蜻蜓，参考不同体色与翅态，查询低清，缺可靠鉴别。
V142	三类长触角昆虫、虫图谱与泥状物混杂，不能按躯体近似确证。
V143	原类叶/幼虫/花，另一类白花植株，查询有花叶但语义对应未知。
V144	三类参考为不同树形、叶与果，查询果器官的物种归属缺专业依据。
V145	两类蕨状植物且一类卷芽，查询仅嫩芽阶段，不能从外观相似确证。
V146	原类为蝶，预测类长足蜘蛛，第三类绿虫；查询足状结构与原类参考粗冲突但类别边界未知。
V147	三个类均菌菇与孢子/菌褶等不同器官，查询极局部无法鉴别。
V148	三类草本与花，实际花形差异需语义和生长阶段解释。
V149	三类参考花草及一张爬行动物，查询多植物图谱没有明确单一对象。
V150	原类树形，预测类草叶/碎草，第三类树果，查询枝端不足以确定。
V151	三类水下动物形态多样，包括附着生物与腕足生物；查询缺完整结构。
V152	两类参考为花草与标本；查询表格有学名文字，但没有官方数字类映射，文字不自动等于标签证据。
V153	原类花草，另一类壳/软体动物，查询根茎样结构粗不一致，但对象身份尚不确定。
V154	三类参考树与草本叶，查询叶形不足以可靠归类。
V155	原类花草，另一类蝶及幼虫；查询蝶停蓝花，可能反映模型关注不同对象，原标签正确性仍未知。
V156	两类蛾及幼虫，查询背部纹路不能由非专家判定。
V157	三类草本与黄/紫花，查询只有叶，所需器官不齐。
V158	两类蛾且参考翅态多样，不能可靠鉴别。
V159	原类蕨状/微观叶，预测类叶和标本，第三类花草；查询低清无法确定。
V160	原类参考紫花等花态，与查询白花不同，可能为类内变异或标签冲突，不能断言。
V161	两类附着物，另一类还含抽象灰图，物种级区分依据不足。
V162	原类花，预测类蜘蛛，第三类蛾；查询虫与花托并存，可能存在目标对象差异。
V163	两类黄花，需花部和叶形的正式鉴别依据。
V164	三类不同花草，查询多种花混生，无法确定原标签指向哪个对象。
V165	原类花果，预测类细叶标本，查询幼株/叶态，器官对应不足。
V166	原类及预测类蛾，第三类长足昆虫，查询正面低角度使翅纹不可比。
V167	三类参考黄色小鸟，查询绘图带文字但无数字类与文字的官方对应。
V168	三类枝叶、花及标本，查询叶丛无独立鉴别依据。
V169	原类三张均黑白树干鸟，预测类均牛；查询明确为牛类，存在跨大类原标签参考冲突，但仍无权威类定义。
V170	原类参考软体动物，预测类甲虫和统计图；查询甲虫形态与原参考粗冲突，不能据此硬改。
V171	同类参考橙黑蝶及幼虫，与查询大类一致，不作物种真值。
V172	原类参考树形，近邻类小草花，查询叶果绘图可能需要物种与器官知识。
V173	同类参考细长蓝色昆虫，查询末端被裁，不能确认细粒度标签。
V174	原类参考幼虫/茧，预测类蜘蛛，查询同时有蜘蛛及另一带毛对象，目标不唯一。
V175	原类三张花草，预测类蝶/人群，第三类蝶；查询明确蝶，存在跨大类原类参考冲突但类定义未知。
V176	原类含分布图与蜻蜓，预测类全蛇，查询是蛇，粗粒度参考冲突明确但不生成替代标签。
V177	原类大猫、预测类马、第三类小型啮齿动物，查询头骨需骨骼鉴定专业知识。
V178	同类参考有叶枝与红果，器官相似仍不确认标签正确。
V179	原类参考三张昆虫，预测类花草/园景，查询柑橘样切面，与原参考跨大类冲突，保留标签未判定。
V180	两类参考植物与景观，也夹杂其他外观图；查询草地局部无法确认。
V181	三类含树、花、叶与地图/标本，查询绿色花器官缺同状态参考。
V182	参考花果与灌木景，查询花部可比但缺物种语义。
V183	原类参考黄花，另一类灰绿灌木/叶，查询无花，不能排除季节或器官差异。
V184	三类橙黑蝶，中心裁剪确有大量翅部损失，仍不能证明哪一个数字标签正确。
V185	原类参考蜥蜴及蛙，预测类蜥蜴和景观，查询头部被裁且参考混杂。
V186	两类叶、花果与灌丛，查询叶果不能按颜色近似判定。
V187	两类树全景，查询树冠及枝叶细节不足以鉴别。
V188	同类参考花果近景及远景，缺官方类别说明，不把对照计为真实正确。
V189	两类蛾及卵，查询翅纹不能可靠确证。
V190	两类菌菇色彩和形态变化大，查询侧面不足以作物种级判断。
V191	原类黄花和地图，预测类白花/叶，查询细枝小结构无同器官可靠对应。
V192	两类植物参考，查询人工操作多枝样本，单一目标和类别均不明确。
V193	两类花草、显微图和红色花序，查询茎节小花需鉴别依据。
V194	三类蝶蛾混杂并有幼虫，查询白灰翅纹不能可靠识别。
V195	原类参考黄花、白花及叶，另一类黄花与植株；对照与参考不完全一致，不能视为干净标签。
V196	三类长足昆虫，足形和纹路需专业鉴别，查询末端还被裁失。
V197	原类植物根与花，预测类蜗牛；查询根块样物与原参考粗相符但对象仍不确定。
V198	两类均蜗牛及软体动物，壳纹和姿态不足以非专家判定。
V199	三类均花纹蛇，缺可靠鉴别知识。
V200	原类鸟与巢卵，另一类鸟及枝叶，查询羽色相似不能确证细粒度标签。
