class,train_rows,train_groups,active_original_rows,active_target_rows,val_rows,original_correct,v1_correct,corrections,regressions,net
0000,214,214,211,211,24,19,21,2,0,2
0001,197,196,190,191,22,11,0,0,11,-11
0002,163,163,132,132,19,8,6,0,2,-2
0003,215,215,206,206,24,18,21,3,0,3
0004,193,193,191,191,22,19,20,1,0,1
0005,144,142,130,130,16,1,0,0,1,-1
0006,168,168,160,159,19,13,15,3,1,2
0007,222,221,202,202,24,23,24,1,0,1
0008,223,223,148,148,25,12,7,0,5,-5
0009,176,176,162,162,21,14,15,1,0,1
0010,180,177,176,176,20,12,13,1,0,1
0011,160,160,158,159,18,15,15,0,0,0
0012,172,172,161,161,19,15,15,0,0,0
0013,151,149,132,132,16,7,6,1,2,-1
0014,153,153,135,134,17,4,0,0,4,-4
0015,211,211,209,209,24,21,21,0,0,0
0016,200,199,164,164,22,15,18,3,0,3
0017,143,143,120,120,16,1,0,0,1,-1
0018,220,220,159,159,24,1,1,0,0,0
0019,25,25,24,24,3,0,0,0,0,0
0020,166,166,144,144,18,10,9,0,1,-1
0021,198,198,145,145,22,18,16,0,2,-2
0022,196,196,185,185,22,21,22,1,0,1
0023,175,175,126,126,19,6,4,0,2,-2
0024,219,218,192,192,24,12,10,1,3,-2
0025,178,178,156,156,20,17,17,0,0,0
0026,180,180,126,126,20,3,1,0,2,-2
0027,207,207,201,201,23,22,22,0,0,0
0028,202,202,139,139,22,4,6,2,0,2
0029,180,179,171,172,20,14,14,1,1,0
0030,160,160,148,147,18,8,7,0,1,-1
0031,164,164,137,137,18,2,1,0,1,-1
0032,161,161,160,160,18,17,17,0,0,0
0033,194,193,194,194,22,21,21,0,0,0
0034,209,209,161,161,23,14,9,0,5,-5
0035,206,206,203,203,23,20,18,0,2,-2
0036,165,165,165,168,18,16,17,1,0,1
0037,162,162,128,128,19,9,9,0,0,0
0038,167,167,147,147,18,10,9,0,1,-1
0039,166,166,107,107,18,1,0,0,1,-1
0040,192,191,187,187,21,16,18,2,0,2
0041,170,170,170,170,19,17,18,1,0,1
0042,160,160,142,142,18,3,1,0,2,-2
0043,206,206,186,186,23,21,19,0,2,-2
0044,203,203,202,202,23,22,22,0,0,0
0045,223,223,158,158,25,4,3,1,2,-1
0046,12,12,10,10,1,0,0,0,0,0
0047,180,180,169,169,20,11,11,0,0,0
0048,197,197,164,164,22,2,0,0,2,-2
0049,200,200,187,187,22,12,11,1,2,-1
0050,147,147,144,144,16,16,16,0,0,0
0051,176,176,160,160,20,8,8,0,0,0
0052,206,204,182,181,23,19,20,1,0,1
0053,192,190,175,175,21,1,1,1,1,0
0054,193,193,177,177,22,15,16,1,0,1
0055,144,144,132,132,16,9,8,0,1,-1
0056,173,172,156,156,19,15,15,0,0,0
0057,212,212,189,189,24,19,16,0,3,-3
0058,110,109,96,96,12,4,4,0,0,0
0059,220,220,154,154,24,6,4,0,2,-2
0060,167,167,156,156,18,13,13,0,0,0
0061,203,203,185,185,22,9,12,3,0,3
0062,147,147,137,137,16,10,11,1,0,1
0063,207,207,185,186,23,15,13,1,3,-2
0064,168,168,160,159,19,12,11,0,1,-1
0065,196,195,180,180,22,13,13,0,0,0
0066,175,175,175,175,19,14,15,1,0,1
0067,201,201,195,195,22,14,15,1,0,1
0068,221,221,198,197,25,5,5,1,1,0
0069,199,199,152,152,22,1,0,0,1,-1
0070,165,165,144,144,18,12,12,0,0,0
0071,220,219,209,212,24,18,16,0,2,-2
0072,151,150,132,132,17,10,6,0,4,-4
0073,217,217,188,188,24,2,1,0,1,-1
0074,206,206,144,144,23,4,2,0,2,-2
0075,154,154,143,143,17,2,1,0,1,-1
0076,195,195,181,181,22,12,15,4,1,3
0077,203,203,202,202,23,17,17,0,0,0
0078,222,222,193,192,25,1,1,0,0,0
0079,193,193,180,180,22,20,20,2,2,0
0080,223,223,178,178,25,1,0,0,1,-1
0081,143,143,110,109,16,0,0,0,0,0
0082,175,175,158,158,19,1,0,0,1,-1
0083,175,175,121,121,19,0,0,0,0,0
0084,177,177,157,157,20,7,2,0,5,-5
0085,198,198,187,188,22,19,19,0,0,0
0086,164,163,134,134,18,0,0,0,0,0
0087,175,175,172,172,20,19,20,1,0,1
0088,199,197,185,185,22,14,15,1,0,1
0089,150,149,145,145,16,13,12,0,1,-1
0090,166,166,164,164,18,17,17,0,0,0
0091,151,151,94,94,17,1,1,0,0,0
0092,161,161,142,142,18,9,12,3,0,3
0093,160,158,157,157,18,10,9,1,2,-1
0094,200,200,197,197,22,19,21,2,0,2
0095,223,222,178,178,25,12,21,9,0,9
0096,179,179,175,174,20,13,15,2,0,2
0097,136,136,124,125,15,9,7,0,2,-2
0098,150,150,150,150,17,16,15,0,1,-1
0099,180,180,148,148,20,16,17,2,1,1
0100,172,172,156,156,19,12,12,0,0,0
0101,168,168,158,158,19,9,6,0,3,-3
0102,150,150,149,149,17,14,14,0,0,0
0103,209,209,209,209,23,19,21,2,0,2
0104,158,158,127,127,18,12,9,0,3,-3
0105,216,216,188,188,24,21,21,0,0,0
0106,216,216,180,180,24,5,2,0,3,-3
0107,175,175,161,161,20,18,14,0,4,-4
0108,153,152,147,147,17,14,14,0,0,0
0109,212,212,211,211,24,18,20,2,0,2
0110,199,198,192,192,22,14,15,2,1,1
0111,201,200,166,164,22,3,0,0,3,-3
0112,212,211,202,202,23,13,12,1,2,-1
0113,163,163,163,163,18,18,16,0,2,-2
0114,52,52,36,35,6,0,0,0,0,0
0115,176,176,169,169,20,16,15,0,1,-1
0116,176,175,145,145,19,8,1,0,7,-7
0117,204,204,183,183,23,10,8,1,3,-2
0118,158,158,105,105,18,1,0,0,1,-1
0119,156,156,156,156,17,17,17,0,0,0
0120,219,219,200,200,24,19,19,2,2,0
0121,160,160,124,124,18,9,3,0,6,-6
0122,151,151,136,136,17,8,11,3,0,3
0123,175,174,135,135,19,17,17,0,0,0
0124,211,210,206,206,23,22,22,0,0,0
0125,197,197,191,194,22,19,19,0,0,0
0126,208,208,179,179,24,7,3,0,4,-4
0127,211,209,192,192,23,12,15,4,1,3
0128,149,149,127,127,17,12,5,0,7,-7
0129,156,153,140,140,17,9,8,0,1,-1
0130,221,221,166,166,24,1,1,0,0,0
0131,220,218,209,209,24,19,19,0,0,0
0132,156,153,142,142,17,8,4,0,4,-4
0133,217,215,212,212,24,20,20,0,0,0
0134,175,170,162,160,19,4,4,0,0,0
0135,179,179,163,162,20,12,10,1,3,-2
0136,207,207,197,197,23,16,17,1,0,1
0137,145,145,145,145,16,14,15,1,0,1
0138,160,159,147,147,18,11,7,0,4,-4
0139,196,196,163,163,22,8,3,0,5,-5
0140,195,193,147,147,23,4,0,0,4,-4
0141,170,170,100,99,19,1,0,0,1,-1
0142,216,215,179,179,24,10,7,0,3,-3
0143,176,176,161,161,20,11,12,2,1,1
0144,143,143,79,79,16,3,0,0,3,-3
0145,82,82,63,63,9,0,0,0,0,0
0146,199,198,196,197,22,19,19,0,0,0
0147,170,170,151,151,19,10,9,0,1,-1
0148,154,154,144,144,17,9,9,0,0,0
0149,212,212,185,185,24,13,11,0,2,-2
0150,199,199,198,198,22,21,21,0,0,0
0151,175,175,163,164,20,12,11,0,1,-1
0152,140,140,126,125,16,4,4,0,0,0
0153,164,162,152,152,19,14,18,4,0,4
0154,144,143,132,132,16,10,9,0,1,-1
0155,202,200,176,176,22,3,3,0,0,0
0156,202,202,189,190,22,18,19,1,0,1
0157,212,212,194,194,24,14,14,1,1,0
0158,199,199,166,166,22,9,7,0,2,-2
0159,171,169,169,169,19,10,13,3,0,3
0160,214,214,214,214,24,19,19,1,1,0
0161,160,160,137,138,18,16,16,0,0,0
0162,210,210,170,170,23,4,1,0,3,-3
0163,138,138,122,122,15,4,3,0,1,-1
0164,204,204,198,198,23,19,19,0,0,0
0165,202,201,184,184,22,22,22,0,0,0
0166,177,176,146,146,20,12,13,2,1,1
0167,204,204,151,151,23,8,6,2,4,-2
0168,215,215,200,200,24,12,13,1,0,1
0169,211,211,209,210,23,22,22,0,0,0
0170,168,168,168,167,19,17,17,0,0,0
0171,222,221,134,134,25,11,6,0,5,-5
0172,221,221,142,142,25,6,0,0,6,-6
0173,191,190,185,185,22,22,22,0,0,0
0174,176,175,145,145,19,0,1,1,0,1
0175,192,191,191,191,21,18,18,0,0,0
0176,149,149,149,149,16,14,14,0,0,0
0177,199,199,158,157,22,11,10,0,1,-1
0178,151,151,137,137,17,7,7,1,1,0
0179,202,202,116,116,22,0,0,0,0,0
0180,209,208,200,200,23,21,20,0,1,-1
0181,205,205,181,181,23,8,7,2,3,-1
0182,208,205,172,172,25,17,12,1,6,-5
0183,4,4,3,3,1,0,0,0,0,0
0184,214,213,183,183,24,21,20,0,1,-1
0185,150,149,129,128,17,9,3,0,6,-6
0186,160,159,149,149,18,11,10,0,1,-1
0187,170,170,146,146,19,7,6,0,1,-1
0188,164,164,106,106,18,0,0,0,0,0
0189,168,168,155,155,19,3,1,0,2,-2
0190,213,212,213,216,24,23,23,0,0,0
0191,222,222,186,186,25,7,5,0,2,-2
0192,205,205,197,198,23,15,16,1,0,1
0193,150,150,139,139,17,4,5,2,1,1
0194,193,193,176,175,22,7,6,0,1,-1
0195,177,177,175,175,20,18,18,0,0,0
0196,221,220,161,159,24,1,0,0,1,-1
0197,150,150,143,143,17,9,8,0,1,-1
0198,217,217,215,215,24,23,23,0,0,0
0199,208,208,169,169,23,15,13,1,3,-2
0200,167,167,151,150,19,10,0,0,10,-10
0201,220,220,214,214,24,22,22,0,0,0
0202,209,209,181,181,23,5,1,0,4,-4
0203,218,218,158,158,24,15,13,0,2,-2
0204,194,194,175,175,22,14,16,2,0,2
0205,147,147,132,132,16,3,1,0,2,-2
0206,222,221,214,214,25,19,19,2,2,0
0207,213,213,208,208,24,21,16,0,5,-5
0208,153,153,150,150,17,14,14,0,0,0
0209,159,159,155,155,19,11,12,1,0,1
0210,162,162,161,162,18,12,8,0,4,-4
0211,167,167,146,146,18,6,2,0,4,-4
0212,145,145,138,138,16,9,13,4,0,4
0213,162,162,107,107,18,3,3,0,0,0
0214,178,177,168,171,20,15,16,1,0,1
0215,202,202,199,202,22,19,18,1,2,-1
0216,158,158,122,122,18,7,2,0,5,-5
0217,220,218,198,198,24,16,15,0,1,-1
0218,200,199,153,153,22,13,10,3,6,-3
0219,174,173,146,146,19,13,12,0,1,-1
0220,193,192,139,139,21,0,0,0,0,0
0221,172,172,157,157,19,5,1,0,4,-4
0222,148,147,137,137,16,12,13,1,0,1
0223,194,194,192,192,22,22,22,0,0,0
0224,198,198,152,152,22,13,13,1,1,0
0225,140,139,103,103,16,11,11,0,0,0
0226,202,199,168,168,22,15,14,1,2,-1
0227,204,204,199,199,23,23,23,0,0,0
0228,204,203,190,190,23,10,4,0,6,-6
0229,147,147,117,117,16,5,6,1,0,1
0230,195,195,179,179,22,19,19,1,1,0
0231,149,149,143,143,17,13,13,0,0,0
0232,179,179,131,130,20,1,1,0,0,0
0233,207,207,196,196,23,13,16,3,0,3
0234,208,208,177,177,23,2,14,12,0,12
0235,203,203,193,193,22,11,3,0,8,-8
0236,196,196,170,170,22,1,2,1,0,1
0237,136,136,118,118,15,8,9,1,0,1
0238,163,163,128,127,18,3,1,0,2,-2
0239,199,199,153,153,22,6,5,1,2,-1
0240,214,211,206,206,23,21,20,0,1,-1
0241,160,160,154,154,18,14,14,0,0,0
0242,167,167,162,162,19,1,1,0,0,0
0243,215,215,162,162,24,7,7,2,2,0
0244,156,155,142,142,17,13,13,1,1,0
0245,170,169,155,155,19,8,8,1,1,0
0246,215,215,159,159,24,7,1,0,6,-6
0247,201,201,145,145,22,13,8,0,5,-5
0248,220,220,202,202,24,22,21,0,1,-1
0249,173,172,163,163,19,13,11,0,2,-2
0250,173,171,166,166,19,9,8,1,2,-1
0251,139,139,136,136,16,16,14,0,2,-2
0252,208,208,192,192,23,13,14,2,1,1
0253,204,204,184,184,23,18,18,0,0,0
0254,170,169,158,158,19,9,10,1,0,1
0255,155,155,126,126,17,10,2,0,8,-8
0256,142,142,135,135,16,13,14,1,0,1
0257,207,207,200,200,23,16,17,2,1,1
0258,175,175,159,159,19,14,9,0,5,-5
0259,216,215,185,184,24,14,13,0,1,-1
0260,197,197,173,173,22,10,4,0,6,-6
0261,217,217,217,217,25,24,25,1,0,1
0262,193,192,162,162,21,9,10,1,0,1
0263,145,145,135,136,16,11,10,0,1,-1
0264,142,142,82,82,16,0,0,0,0,0
0265,204,204,156,156,23,0,0,0,0,0
0266,157,156,150,150,17,13,13,0,0,0
0267,221,221,219,219,25,18,18,0,0,0
0268,159,159,106,106,18,1,0,0,1,-1
0269,212,209,187,187,23,16,15,2,3,-1
0270,147,147,77,77,16,0,0,0,0,0
0271,169,169,141,140,19,6,5,0,1,-1
0272,136,135,126,126,15,4,5,1,0,1
0273,156,155,132,132,17,2,0,0,2,-2
0274,143,143,117,117,16,2,2,0,0,0
0275,148,148,121,120,16,9,5,0,4,-4
0276,219,219,215,217,24,22,23,1,0,1
0277,214,213,205,205,24,20,18,0,2,-2
0278,146,146,135,135,16,8,5,0,3,-3
0279,203,203,163,163,23,12,12,1,1,0
0280,136,135,136,136,15,12,13,1,0,1
0281,176,176,168,168,20,15,14,1,2,-1
0282,165,165,163,163,18,16,16,0,0,0
0283,199,199,199,199,22,21,21,0,0,0
0284,137,137,119,119,15,0,0,0,0,0
0285,144,143,136,137,16,13,13,1,1,0
0286,215,215,200,196,24,10,8,0,2,-2
0287,212,212,206,206,25,21,23,2,0,2
0288,207,206,203,203,23,20,14,0,6,-6
0289,200,200,198,198,22,22,22,0,0,0
0290,196,195,189,189,22,11,12,1,0,1
0291,145,145,128,128,16,5,1,0,4,-4
0292,201,201,191,190,22,5,1,0,4,-4
0293,205,205,201,201,23,22,21,0,1,-1
0294,175,175,169,169,19,16,17,2,1,1
0295,212,212,208,209,24,20,22,2,0,2
0296,177,177,176,176,20,9,7,0,2,-2
0297,192,191,191,192,21,16,14,0,2,-2
0298,174,174,161,161,19,15,14,0,1,-1
0299,141,141,140,140,16,15,15,0,0,0
0300,205,204,176,176,23,13,9,0,4,-4
0301,149,149,149,149,16,16,16,0,0,0
0302,215,215,215,215,24,22,22,0,0,0
0303,198,198,150,150,22,13,9,0,4,-4
0304,131,131,77,77,14,3,1,0,2,-2
0305,28,28,21,21,3,0,0,0,0,0
0306,200,200,193,193,22,13,12,0,1,-1
0307,159,157,114,114,18,0,0,0,0,0
0308,155,155,98,98,17,0,0,0,0,0
0309,177,174,145,145,20,9,8,1,2,-1
0310,207,207,181,181,23,9,9,1,1,0
0311,149,149,144,144,16,13,13,0,0,0
0312,159,159,151,151,18,14,11,0,3,-3
0313,170,170,144,144,19,6,5,0,1,-1
0314,198,197,157,157,22,0,0,0,0,0
0315,177,177,151,151,20,10,8,0,2,-2
0316,196,196,164,164,22,13,12,1,2,-1
0317,138,138,118,118,15,11,7,0,4,-4
0318,107,107,80,79,12,0,0,0,0,0
0319,194,194,186,182,22,11,8,0,3,-3
0320,216,216,203,203,24,17,14,0,3,-3
0321,169,169,167,167,19,13,15,2,0,2
0322,169,169,169,169,19,19,18,0,1,-1
0323,176,176,168,168,20,5,10,5,0,5
0324,112,112,63,63,12,0,0,0,0,0
0325,180,180,177,177,20,17,13,0,4,-4
0326,170,169,146,146,19,6,4,0,2,-2
0327,222,222,209,209,25,13,13,0,0,0
0328,172,171,167,167,19,18,18,0,0,0
0329,211,211,154,154,24,10,3,0,7,-7
0330,71,71,68,68,8,1,1,1,1,0
0331,209,209,189,189,24,17,11,0,6,-6
0332,153,152,140,140,17,5,2,0,3,-3
0333,168,168,161,161,19,8,7,1,2,-1
0334,179,178,171,171,21,16,16,0,0,0
0335,142,142,117,116,16,5,3,0,2,-2
0336,149,149,141,141,16,6,6,0,0,0
0337,155,154,150,150,17,15,15,0,0,0
0338,179,179,159,159,20,19,20,1,0,1
0339,211,211,209,209,24,16,18,2,0,2
0340,180,180,157,157,20,13,13,1,1,0
0341,136,134,133,133,15,15,15,0,0,0
0342,211,211,199,199,23,18,15,0,3,-3
0343,161,161,138,138,18,1,2,2,1,1
0344,204,204,181,181,23,8,9,1,0,1
0345,172,172,133,133,19,7,4,0,3,-3
0346,146,146,129,129,16,4,6,2,0,2
0347,178,178,167,167,20,13,12,0,1,-1
0348,194,193,191,191,23,22,22,0,0,0
0349,203,202,196,196,22,15,14,0,1,-1
0350,157,157,154,154,18,9,14,5,0,5
0351,208,206,201,201,23,16,15,1,2,-1
0352,141,138,124,124,16,0,0,0,0,0
0353,180,180,178,178,20,11,12,1,0,1
0354,193,193,189,189,22,17,20,3,0,3
0355,146,146,133,133,16,3,0,0,3,-3
0356,198,198,196,196,22,20,21,1,0,1
0357,216,216,214,214,24,21,21,0,0,0
0358,174,174,168,168,19,15,16,1,0,1
0359,217,217,185,182,24,1,0,0,1,-1
0360,168,167,152,152,19,13,13,0,0,0
0361,135,135,96,96,15,2,0,0,2,-2
0362,214,214,197,197,24,24,21,0,3,-3
0363,217,216,198,199,24,23,20,0,3,-3
0364,221,221,131,131,24,0,0,0,0,0
0365,173,173,160,160,19,10,8,0,2,-2
0366,212,212,175,175,24,2,0,0,2,-2
0367,206,205,206,206,23,23,23,0,0,0
0368,197,196,188,188,22,17,17,0,0,0
0369,223,221,208,208,24,16,11,0,5,-5
0370,139,139,116,116,15,10,9,0,1,-1
0371,156,156,147,147,17,13,13,0,0,0
0372,203,203,154,154,22,6,1,0,5,-5
0373,157,157,112,112,17,12,12,0,0,0
0374,173,172,136,136,19,9,6,0,3,-3
0375,139,139,134,134,16,9,7,0,2,-2
0376,208,208,199,199,23,13,14,1,0,1
0377,166,166,157,157,18,13,13,0,0,0
0378,140,140,133,133,16,7,6,0,1,-1
0379,139,139,123,123,15,9,12,3,0,3
0380,222,222,169,169,25,12,6,0,6,-6
0381,169,168,155,155,19,10,10,1,1,0
0382,167,167,154,154,19,2,2,0,0,0
0383,176,175,149,149,20,1,1,0,0,0
0384,157,157,140,139,17,0,0,0,0,0
0385,170,170,151,151,19,1,0,0,1,-1
0386,144,143,87,87,16,8,8,1,1,0
0387,141,141,141,141,16,10,10,0,0,0
0388,210,210,181,181,23,15,10,0,5,-5
0389,138,138,123,123,15,8,8,0,0,0
0390,199,199,179,179,22,11,13,2,0,2
0391,158,158,150,150,18,17,15,0,2,-2
0392,173,173,159,159,19,11,6,1,6,-5
0393,163,162,143,143,18,5,4,0,1,-1
0394,179,177,170,170,20,5,4,1,2,-1
0395,203,199,202,203,22,21,21,0,0,0
0396,201,200,154,154,22,3,0,0,3,-3
0397,194,194,191,191,22,11,13,2,0,2
0398,168,167,162,163,18,14,13,0,1,-1
0399,193,193,188,186,22,15,16,1,0,1
0400,138,138,124,124,15,6,4,0,2,-2
0401,203,203,197,198,23,22,22,1,1,0
0402,221,221,175,175,25,10,7,0,3,-3
0403,193,193,173,173,22,4,4,0,0,0
0404,154,154,150,150,17,3,0,0,3,-3
0405,146,146,124,123,16,4,5,1,0,1
0406,153,153,153,153,17,16,16,0,0,0
0407,89,89,62,62,10,0,0,0,0,0
0408,201,201,182,182,22,9,6,1,4,-3
0409,161,159,130,130,18,6,5,2,3,-1
0410,140,140,129,129,16,13,13,0,0,0
0411,205,205,191,191,23,11,7,0,4,-4
0412,195,195,184,184,22,16,17,1,0,1
0413,20,20,18,18,2,0,0,0,0,0
0414,159,159,153,153,18,14,14,1,1,0
0415,141,141,140,140,16,10,6,0,4,-4
0416,217,217,191,191,24,10,1,0,9,-9
0417,155,155,138,138,17,11,11,0,0,0
0418,135,135,123,123,15,7,7,0,0,0
0419,211,210,203,203,23,11,12,1,0,1
0420,169,169,137,138,19,18,17,0,1,-1
0421,221,221,202,203,24,15,18,3,0,3
0422,156,156,150,150,17,13,14,1,0,1
0423,203,203,180,180,22,16,12,1,5,-4
0424,171,171,145,145,19,7,4,1,4,-3
0425,174,174,170,170,19,19,19,0,0,0
0426,203,203,158,158,23,1,0,0,1,-1
0427,222,222,213,215,25,17,20,3,0,3
0428,158,158,138,139,18,10,10,0,0,0
0429,210,208,189,189,23,2,2,0,0,0
0430,210,208,195,195,23,10,7,0,3,-3
0431,127,127,107,104,14,1,0,0,1,-1
0432,206,204,167,167,24,0,0,0,0,0
0433,152,152,150,150,17,14,14,1,1,0
0434,221,221,204,204,24,17,17,1,1,0
0435,171,171,160,160,19,7,8,3,2,1
0436,147,147,123,123,16,1,0,0,1,-1
0437,160,160,159,158,18,15,15,1,1,0
0438,207,206,186,186,23,2,1,0,1,-1
0439,198,198,187,187,22,17,14,0,3,-3
0440,169,169,148,148,19,8,7,0,1,-1
0441,193,192,149,149,21,13,13,1,1,0
0442,164,164,161,161,18,8,6,0,2,-2
0443,152,152,149,149,17,13,11,0,2,-2
0444,173,173,172,173,19,18,17,0,1,-1
0445,176,175,173,173,20,11,10,0,1,-1
0446,205,205,160,160,23,1,5,4,0,4
0447,175,175,170,170,19,18,18,0,0,0
0448,221,220,201,201,24,14,14,2,2,0
0449,178,178,174,174,20,15,17,2,0,2
0450,218,218,196,196,24,9,8,1,2,-1
0451,214,214,163,163,24,2,1,0,1,-1
0452,161,161,148,148,18,14,14,0,0,0
0453,161,161,146,146,18,11,5,0,6,-6
0454,210,210,192,193,23,17,14,0,3,-3
0455,174,174,171,171,19,16,17,1,0,1
0456,218,217,176,176,24,5,1,0,4,-4
0457,215,214,169,169,25,16,16,2,2,0
0458,125,125,116,116,14,6,6,0,0,0
0459,165,165,125,125,19,5,0,0,5,-5
0460,209,209,187,188,23,15,18,3,0,3
0461,195,195,193,193,22,13,17,4,0,4
0462,208,208,197,197,23,15,13,0,2,-2
0463,195,195,156,156,22,4,4,0,0,0
0464,165,165,152,152,18,2,2,1,1,0
0465,176,176,176,176,20,18,20,2,0,2
0466,195,195,191,191,22,17,18,1,0,1
0467,175,175,138,138,20,2,0,0,2,-2
0468,196,195,191,193,22,20,20,0,0,0
0469,209,209,166,166,23,10,7,2,5,-3
0470,177,177,170,170,20,16,17,1,0,1
0471,193,191,171,171,21,7,4,0,3,-3
0472,218,218,209,209,24,10,7,0,3,-3
0473,211,211,188,188,24,10,10,0,0,0
0474,147,147,130,130,16,10,3,0,7,-7
0475,173,173,133,133,19,0,0,0,0,0
0476,195,195,183,183,22,11,11,0,0,0
0477,178,178,161,161,20,11,15,4,0,4
0478,195,195,182,182,22,10,8,0,2,-2
0479,167,166,156,157,18,10,13,3,0,3
0480,143,143,141,141,16,14,15,1,0,1
0481,166,166,151,152,18,15,16,2,1,1
0482,205,205,153,153,23,3,0,0,3,-3
0483,222,222,172,172,25,2,2,1,1,0
0484,213,213,173,173,24,5,3,1,3,-2
0485,179,179,161,161,20,0,0,0,0,0
0486,171,171,167,167,19,16,17,1,0,1
0487,145,145,126,126,16,1,1,0,0,0
0488,171,170,161,161,19,13,14,1,0,1
0489,174,174,170,170,19,15,15,1,1,0
0490,162,162,137,137,18,1,0,0,1,-1
0491,203,203,174,174,23,13,14,3,2,1
0492,207,206,169,169,23,2,0,0,2,-2
0493,191,191,148,148,22,5,3,0,2,-2
0494,201,201,200,200,22,18,18,0,0,0
0495,169,169,152,152,19,4,0,0,4,-4
0496,219,217,219,221,24,19,19,0,0,0
0497,166,165,158,158,18,15,15,0,0,0
0498,116,116,109,109,13,3,2,0,1,-1
0499,211,211,198,198,23,16,16,1,1,0
0500,212,211,154,154,23,8,2,0,6,-6
0501,171,171,156,156,19,12,12,1,1,0
0502,219,218,157,157,24,2,10,8,0,8
0503,173,173,158,158,19,15,14,0,1,-1
0504,209,207,136,135,23,0,0,0,0,0
0505,164,164,159,159,18,15,16,1,0,1
0506,197,197,191,191,22,12,7,0,5,-5
0507,142,142,132,132,16,14,14,0,0,0
0508,157,157,130,130,17,7,2,0,5,-5
0509,217,217,192,192,24,17,16,1,2,-1
0510,202,202,194,193,22,19,19,0,0,0
0511,145,144,137,137,16,12,12,0,0,0
0512,155,155,155,155,17,17,17,0,0,0
0513,205,205,205,205,23,22,22,0,0,0
0514,167,167,158,158,18,12,12,0,0,0
0515,139,139,139,139,15,13,12,0,1,-1
0516,172,171,153,153,19,10,10,1,1,0
0517,159,159,137,137,18,14,14,1,1,0
0518,167,167,161,162,19,14,15,2,1,1
0519,197,196,177,177,22,14,13,1,2,-1
0520,206,206,201,201,23,18,22,4,0,4
0521,178,178,178,178,20,18,18,0,0,0
0522,204,204,157,157,23,4,0,0,4,-4
0523,193,193,182,184,22,13,16,4,1,3
0524,175,175,143,143,19,10,8,0,2,-2
0525,215,215,198,198,24,3,3,1,1,0
0526,172,172,141,141,19,3,0,0,3,-3
0527,150,150,139,139,17,13,13,0,0,0
0528,196,196,153,153,22,2,0,0,2,-2
0529,142,142,125,122,16,0,0,0,0,0
0530,204,204,164,164,23,1,0,0,1,-1
0531,206,206,166,166,24,7,1,0,6,-6
0532,209,209,202,202,23,19,17,0,2,-2
0533,162,162,121,121,18,4,3,0,1,-1
0534,202,199,192,191,22,16,17,1,0,1
0535,143,143,83,83,16,0,0,0,0,0
0536,221,221,208,208,25,19,18,0,1,-1
0537,166,165,136,136,18,0,0,0,0,0
0538,204,204,167,167,23,3,1,0,2,-2
0539,153,153,112,112,17,14,4,0,10,-10
0540,219,219,200,201,24,13,14,3,2,1
0541,219,219,207,208,24,11,6,0,5,-5
0542,206,205,192,192,23,18,18,0,0,0
0543,203,203,144,144,23,1,0,0,1,-1
0544,149,149,127,127,17,6,4,0,2,-2
0545,140,139,132,132,16,1,0,0,1,-1
0546,216,215,198,198,24,19,20,2,1,1
0547,200,199,177,177,23,13,12,1,2,-1
0548,148,147,113,113,16,8,2,0,6,-6
0549,179,178,179,179,20,19,19,0,0,0
0550,149,149,87,87,17,0,0,0,0,0
0551,203,202,181,181,22,9,9,2,2,0
0552,157,157,137,137,17,11,6,0,5,-5
0553,208,208,202,202,23,21,20,0,1,-1
0554,206,205,188,188,23,15,16,2,1,1
0555,59,59,42,42,6,0,0,0,0,0
0556,149,149,122,122,17,10,14,4,0,4
0557,144,144,130,130,17,14,13,0,1,-1
0558,180,180,156,156,20,1,1,1,1,0
0559,148,146,133,133,16,13,9,0,4,-4
0560,194,190,187,187,21,8,7,0,1,-1
0561,179,179,134,134,21,1,0,0,1,-1
0562,166,166,155,155,18,13,14,2,1,1
0563,163,163,162,162,18,13,11,0,2,-2
0564,158,158,150,150,18,16,13,0,3,-3
0565,221,221,201,201,24,16,16,2,2,0
0566,177,177,159,159,20,13,6,0,7,-7
0567,178,178,153,153,20,6,5,0,1,-1
0568,218,218,196,194,24,9,7,0,2,-2
0569,215,215,199,199,24,15,10,0,5,-5
0570,174,174,162,162,19,10,11,3,2,1
0571,212,211,167,167,23,18,13,0,5,-5
0572,152,151,152,152,17,16,17,1,0,1
0573,137,136,136,136,15,10,9,2,3,-1
0574,204,203,183,183,22,6,5,1,2,-1
0575,162,162,158,158,18,10,5,0,5,-5
0576,208,208,187,187,23,17,15,0,2,-2
0577,174,173,160,160,19,18,18,0,0,0
0578,152,152,146,146,17,17,17,0,0,0
0579,163,163,150,150,18,8,7,1,2,-1
0580,193,193,146,146,22,17,17,2,2,0
0581,139,139,117,117,15,5,3,0,2,-2
0582,207,206,197,197,23,20,20,0,0,0
0583,171,170,135,135,19,13,11,1,3,-2
0584,214,214,202,201,24,12,10,0,2,-2
0585,149,149,127,127,17,11,6,0,5,-5
0586,163,163,157,157,18,6,5,0,1,-1
0587,210,210,172,173,23,12,11,1,2,-1
0588,167,167,148,148,18,12,13,2,1,1
0589,44,44,28,28,5,0,0,0,0,0
0590,139,139,137,137,15,14,13,0,1,-1
0591,209,209,180,180,23,11,10,0,1,-1
0592,165,165,146,146,18,9,5,0,4,-4
0593,156,156,146,146,17,10,4,0,6,-6
0594,193,192,158,158,21,0,0,0,0,0
0595,223,223,211,211,25,18,16,0,2,-2
0596,207,206,182,182,23,8,9,2,1,1
0597,137,136,128,128,15,4,1,0,3,-3
0598,197,197,155,155,22,10,8,2,4,-2
0599,153,152,144,144,17,5,6,2,1,1
0600,219,219,214,214,24,23,22,0,1,-1
0601,211,211,145,145,23,0,1,1,0,1
0602,199,199,167,167,22,15,12,0,3,-3
0603,203,203,105,104,23,2,0,0,2,-2
0604,214,214,150,149,24,8,5,0,3,-3
0605,159,159,138,138,18,12,13,1,0,1
0606,154,154,107,107,18,0,0,0,0,0
0607,168,168,151,151,19,7,3,0,4,-4
0608,223,222,211,210,25,20,19,0,1,-1
0609,213,213,207,207,24,7,8,3,2,1
0610,222,222,193,193,25,3,5,3,1,2
0611,135,135,114,114,15,1,1,0,0,0
0612,208,208,148,148,23,2,2,1,1,0
0613,172,172,153,153,19,8,9,1,0,1
0614,203,203,148,148,23,15,12,0,3,-3
0615,213,213,187,187,24,4,6,3,1,2
0616,176,176,160,160,20,1,2,1,0,1
0617,141,141,132,132,16,7,9,2,0,2
0618,197,197,186,189,22,21,21,0,0,0
0619,216,216,204,204,24,11,11,1,1,0
0620,137,137,133,133,15,12,12,0,0,0
0621,141,141,134,134,16,6,5,0,1,-1
0622,205,205,205,205,23,22,22,0,0,0
0623,168,167,166,166,19,14,17,3,0,3
0624,198,198,198,198,22,21,21,0,0,0
0625,162,161,142,142,18,8,3,0,5,-5
0626,169,169,165,165,19,11,12,1,0,1
0627,135,135,116,116,15,2,0,0,2,-2
0628,139,138,126,126,15,5,3,0,2,-2
0629,192,192,152,152,21,12,6,0,6,-6
0630,195,194,188,188,22,19,20,1,0,1
0631,220,219,217,218,24,24,24,0,0,0
0632,157,157,127,127,18,4,2,0,2,-2
0633,170,170,129,129,19,2,1,0,1,-1
0634,164,164,164,165,18,14,14,0,0,0
0635,163,163,140,140,18,0,0,0,0,0
0636,167,167,153,153,18,11,11,0,0,0
0637,165,165,116,116,18,0,0,0,0,0
0638,199,193,191,191,21,19,20,1,0,1
0639,203,203,192,192,23,16,16,0,0,0
0640,176,176,112,112,20,5,0,0,5,-5
0641,165,165,141,141,18,14,13,0,1,-1
0642,144,139,99,99,16,3,0,0,3,-3
0643,168,167,168,169,18,16,15,0,1,-1
0644,151,150,133,133,18,1,0,0,1,-1
0645,208,208,202,202,23,20,19,0,1,-1
0646,220,220,212,213,24,21,19,0,2,-2
0647,222,222,214,213,25,14,16,4,2,2
0648,197,196,149,149,22,1,0,0,1,-1
0649,194,194,193,193,22,19,20,1,0,1
0650,204,203,202,202,22,18,19,1,0,1
0651,170,170,166,166,19,15,15,0,0,0
0652,146,146,146,146,16,15,15,0,0,0
0653,141,140,119,119,17,3,1,0,2,-2
0654,164,164,150,150,18,11,12,2,1,1
0655,159,159,142,141,18,7,5,2,4,-2
0656,192,189,155,155,22,6,7,2,1,1
0657,173,173,168,168,19,14,14,0,0,0
0658,158,157,146,146,17,14,14,0,0,0
0659,136,136,136,138,15,10,9,0,1,-1
0660,159,159,151,151,18,14,14,0,0,0
0661,167,167,139,139,18,11,7,0,4,-4
0662,169,166,139,139,18,12,8,0,4,-4
0663,148,147,123,123,16,12,11,0,1,-1
0664,211,211,206,206,23,17,16,0,1,-1
0665,201,200,148,148,22,7,3,0,4,-4
0666,166,166,162,161,18,17,16,0,1,-1
0667,209,209,189,189,23,12,7,1,6,-5
0668,167,167,133,133,18,0,0,0,0,0
0669,170,170,160,160,19,10,10,0,0,0
0670,149,149,143,143,16,13,14,1,0,1
0671,37,36,31,31,4,0,0,0,0,0
0672,161,161,155,155,18,17,16,0,1,-1
0673,218,218,203,203,24,10,9,1,2,-1
0674,210,209,206,206,23,17,17,0,0,0
0675,201,200,180,180,22,7,3,0,4,-4
0676,155,155,145,145,17,10,10,1,1,0
0677,140,139,126,126,15,8,6,0,2,-2
0678,162,162,149,149,18,8,6,0,2,-2
0679,137,137,133,133,15,9,8,0,1,-1
0680,166,166,162,162,18,16,16,0,0,0
0681,157,157,152,152,17,12,14,2,0,2
0682,76,76,57,57,8,0,0,0,0,0
0683,198,198,186,186,22,13,13,1,1,0
0684,161,161,148,148,18,8,5,1,4,-3
0685,173,173,169,169,19,17,18,1,0,1
0686,135,135,113,112,15,7,4,0,3,-3
0687,152,152,149,149,17,13,13,0,0,0
0688,163,163,148,146,18,7,1,0,6,-6
0689,171,171,156,156,19,14,15,1,0,1
0690,211,211,189,189,23,12,13,1,0,1
0691,164,164,159,159,18,18,18,0,0,0
0692,158,158,158,158,18,15,15,0,0,0
0693,154,154,143,143,17,1,1,1,1,0
0694,173,173,137,137,19,11,8,0,3,-3
0695,213,213,204,204,24,11,9,1,3,-2
0696,171,171,159,159,19,8,1,0,7,-7
0697,167,167,165,165,19,19,18,0,1,-1
0698,176,175,167,167,20,15,15,0,0,0
0699,176,175,161,161,20,16,12,0,4,-4
0700,222,221,186,186,24,12,9,0,3,-3
0701,193,193,193,193,21,21,21,0,0,0
0702,155,155,153,153,17,15,16,1,0,1
0703,145,145,138,138,16,11,11,0,0,0
0704,209,209,189,189,23,16,14,0,2,-2
0705,167,167,165,165,19,18,17,1,2,-1
0706,134,134,119,119,15,5,5,1,1,0
0707,194,194,168,168,22,7,7,1,1,0
0708,160,160,136,136,18,7,5,0,2,-2
0709,157,157,156,156,18,16,16,0,0,0
0710,213,213,210,210,24,20,18,0,2,-2
0711,179,179,166,166,20,15,15,1,1,0
0712,215,213,191,192,24,16,13,0,3,-3
0713,145,145,142,141,17,6,9,3,0,3
0714,162,162,143,143,18,5,2,0,3,-3
0715,176,174,159,159,19,7,8,1,0,1
0716,177,177,155,155,20,19,17,0,2,-2
0717,178,178,145,145,20,5,6,1,0,1
0718,198,198,198,198,22,20,20,0,0,0
0719,173,173,145,146,19,14,12,0,2,-2
0720,203,203,156,156,22,3,0,0,3,-3
0721,193,193,164,164,21,5,1,0,4,-4
0722,140,139,135,135,16,12,13,1,0,1
0723,92,91,63,63,10,0,0,0,0,0
0724,140,138,128,129,15,13,12,0,1,-1
0725,222,222,175,175,25,15,9,0,6,-6
0726,168,167,138,138,19,1,1,0,0,0
0727,213,213,211,211,24,20,20,1,1,0
0728,195,195,143,143,22,0,0,0,0,0
0729,212,209,174,174,23,7,3,0,4,-4
0730,214,214,131,131,24,0,0,0,0,0
0731,149,149,132,130,17,2,1,0,1,-1
0732,223,220,209,209,25,17,17,0,0,0
0733,200,198,180,180,22,4,3,0,1,-1
0734,169,169,125,125,19,1,0,0,1,-1
0735,154,154,91,91,17,0,0,0,0,0
0736,165,165,158,158,18,14,15,1,0,1
0737,159,159,132,130,18,3,1,0,2,-2
0738,156,156,123,123,17,0,0,0,0,0
0739,171,171,147,147,19,2,6,4,0,4
0740,157,157,129,129,18,9,9,0,0,0
0741,149,149,93,93,16,0,0,0,0,0
0742,151,151,131,131,17,11,9,0,2,-2
0743,202,202,201,201,22,19,19,1,1,0
0744,212,211,202,202,24,20,20,0,0,0
0745,145,145,130,130,16,0,0,0,0,0
0746,162,161,149,149,18,7,8,1,0,1
0747,164,164,162,162,18,18,18,0,0,0
0748,192,192,190,191,21,20,20,0,0,0
0749,211,210,177,177,23,15,14,1,2,-1
