class,train_rows,selected,remaining
0,214,0,214
1,197,0,197
2,163,0,163
3,215,0,215
4,193,0,193
5,144,0,144
6,168,0,168
7,222,0,222
8,223,0,223
9,176,0,176
10,180,0,180
11,160,0,160
12,172,0,172
13,151,0,151
14,153,0,153
15,211,0,211
16,200,0,200
17,143,0,143
18,220,0,220
19,25,0,25
20,166,0,166
21,198,0,198
22,196,0,196
23,175,0,175
24,219,0,219
25,178,0,178
26,180,0,180
27,207,0,207
28,202,0,202
29,180,0,180
30,160,0,160
31,164,0,164
32,161,0,161
33,194,0,194
34,209,0,209
35,206,0,206
36,165,0,165
37,162,0,162
38,167,0,167
39,166,0,166
40,192,0,192
41,170,0,170
42,160,0,160
43,206,0,206
44,203,0,203
45,223,0,223
46,12,0,12
47,180,0,180
48,197,0,197
49,200,0,200
50,147,0,147
51,176,0,176
52,206,0,206
53,192,0,192
54,193,0,193
55,144,0,144
56,173,0,173
57,212,0,212
58,110,0,110
59,220,0,220
60,167,0,167
61,203,0,203
62,147,0,147
63,207,0,207
64,168,0,168
65,196,0,196
66,175,0,175
67,201,0,201
68,221,0,221
69,199,0,199
70,165,0,165
71,220,0,220
72,151,0,151
73,217,0,217
74,206,0,206
75,154,0,154
76,195,0,195
77,203,0,203
78,222,0,222
79,193,0,193
80,223,0,223
81,143,0,143
82,175,0,175
83,175,0,175
84,177,0,177
85,198,0,198
86,164,0,164
87,175,0,175
88,199,0,199
89,150,0,150
90,166,0,166
91,151,0,151
92,161,0,161
93,160,0,160
94,200,0,200
95,223,0,223
96,179,0,179
97,136,0,136
98,150,0,150
99,180,0,180
100,172,0,172
101,168,0,168
102,150,0,150
103,209,0,209
104,158,0,158
105,216,0,216
106,216,0,216
107,175,0,175
108,153,0,153
109,212,0,212
110,199,0,199
111,201,0,201
112,212,0,212
113,163,0,163
114,52,0,52
115,176,0,176
116,176,0,176
117,204,0,204
118,158,0,158
119,156,0,156
120,219,0,219
121,160,0,160
122,151,0,151
123,175,0,175
124,211,0,211
125,197,0,197
126,208,0,208
127,211,0,211
128,149,0,149
129,156,0,156
130,221,0,221
131,220,0,220
132,156,0,156
133,217,0,217
134,175,0,175
135,179,0,179
136,207,0,207
137,145,0,145
138,160,0,160
139,196,0,196
140,195,0,195
141,170,0,170
142,216,0,216
143,176,0,176
144,143,0,143
145,82,0,82
146,199,0,199
147,170,0,170
148,154,0,154
149,212,0,212
150,199,0,199
151,175,0,175
152,140,0,140
153,164,0,164
154,144,0,144
155,202,0,202
156,202,0,202
157,212,0,212
158,199,0,199
159,171,0,171
160,214,0,214
161,160,0,160
162,210,0,210
163,138,0,138
164,204,0,204
165,202,0,202
166,177,0,177
167,204,0,204
168,215,0,215
169,211,0,211
170,168,0,168
171,222,0,222
172,221,0,221
173,191,0,191
174,176,0,176
175,192,0,192
176,149,0,149
177,199,0,199
178,151,0,151
179,202,0,202
180,209,0,209
181,205,0,205
182,208,0,208
183,4,0,4
184,214,0,214
185,150,0,150
186,160,0,160
187,170,0,170
188,164,0,164
189,168,0,168
190,213,0,213
191,222,0,222
192,205,0,205
193,150,0,150
194,193,0,193
195,177,0,177
196,221,0,221
197,150,0,150
198,217,0,217
199,208,0,208
200,167,0,167
201,220,0,220
202,209,0,209
203,218,0,218
204,194,0,194
205,147,0,147
206,222,0,222
207,213,0,213
208,153,0,153
209,159,0,159
210,162,0,162
211,167,0,167
212,145,0,145
213,162,0,162
214,178,0,178
215,202,0,202
216,158,0,158
217,220,0,220
218,200,0,200
219,174,0,174
220,193,0,193
221,172,0,172
222,148,0,148
223,194,0,194
224,198,0,198
225,140,0,140
226,202,0,202
227,204,0,204
228,204,0,204
229,147,0,147
230,195,0,195
231,149,0,149
232,179,0,179
233,207,0,207
234,208,0,208
235,203,0,203
236,196,0,196
237,136,0,136
238,163,0,163
239,199,0,199
240,214,0,214
241,160,0,160
242,167,0,167
243,215,0,215
244,156,0,156
245,170,0,170
246,215,0,215
247,201,0,201
248,220,0,220
249,173,0,173
250,173,0,173
251,139,0,139
252,208,0,208
253,204,0,204
254,170,0,170
255,155,0,155
256,142,0,142
257,207,0,207
258,175,0,175
259,216,0,216
260,197,0,197
261,217,0,217
262,193,0,193
263,145,0,145
264,142,0,142
265,204,0,204
266,157,0,157
267,221,0,221
268,159,0,159
269,212,0,212
270,147,0,147
271,169,0,169
272,136,0,136
273,156,0,156
274,143,0,143
275,148,0,148
276,219,0,219
277,214,0,214
278,146,0,146
279,203,0,203
280,136,0,136
281,176,0,176
282,165,0,165
283,199,0,199
284,137,0,137
285,144,0,144
286,215,0,215
287,212,0,212
288,207,0,207
289,200,0,200
290,196,0,196
291,145,0,145
292,201,0,201
293,205,0,205
294,175,0,175
295,212,0,212
296,177,0,177
297,192,0,192
298,174,0,174
299,141,0,141
300,205,0,205
301,149,0,149
302,215,0,215
303,198,0,198
304,131,0,131
305,28,0,28
306,200,0,200
307,159,0,159
308,155,0,155
309,177,0,177
310,207,0,207
311,149,0,149
312,159,0,159
313,170,0,170
314,198,0,198
315,177,0,177
316,196,0,196
317,138,0,138
318,107,0,107
319,194,0,194
320,216,0,216
321,169,0,169
322,169,0,169
323,176,0,176
324,112,0,112
325,180,0,180
326,170,0,170
327,222,0,222
328,172,0,172
329,211,0,211
330,71,0,71
331,209,0,209
332,153,0,153
333,168,0,168
334,179,0,179
335,142,0,142
336,149,0,149
337,155,0,155
338,179,0,179
339,211,0,211
340,180,0,180
341,136,0,136
342,211,0,211
343,161,0,161
344,204,0,204
345,172,0,172
346,146,0,146
347,178,0,178
348,194,0,194
349,203,0,203
350,157,0,157
351,208,0,208
352,141,0,141
353,180,0,180
354,193,0,193
355,146,0,146
356,198,0,198
357,216,0,216
358,174,0,174
359,217,0,217
360,168,0,168
361,135,0,135
362,214,0,214
363,217,0,217
364,221,0,221
365,173,0,173
366,212,0,212
367,206,0,206
368,197,0,197
369,223,0,223
370,139,0,139
371,156,0,156
372,203,0,203
373,157,0,157
374,173,0,173
375,139,0,139
376,208,0,208
377,166,0,166
378,140,0,140
379,139,0,139
380,222,0,222
381,169,0,169
382,167,0,167
383,176,0,176
384,157,0,157
385,170,0,170
386,144,0,144
387,141,0,141
388,210,0,210
389,138,0,138
390,199,0,199
391,158,0,158
392,173,0,173
393,163,0,163
394,179,0,179
395,203,0,203
396,201,0,201
397,194,0,194
398,168,0,168
399,193,0,193
400,138,0,138
401,203,0,203
402,221,0,221
403,193,0,193
404,154,0,154
405,146,0,146
406,153,0,153
407,89,0,89
408,201,0,201
409,161,0,161
410,140,0,140
411,205,0,205
412,195,0,195
413,20,0,20
414,159,0,159
415,141,0,141
416,217,0,217
417,155,0,155
418,135,0,135
419,211,0,211
420,169,0,169
421,221,0,221
422,156,0,156
423,203,0,203
424,171,0,171
425,174,0,174
426,203,0,203
427,222,0,222
428,158,0,158
429,210,0,210
430,210,0,210
431,127,0,127
432,206,0,206
433,152,0,152
434,221,0,221
435,171,0,171
436,147,0,147
437,160,0,160
438,207,0,207
439,198,0,198
440,169,0,169
441,193,0,193
442,164,0,164
443,152,0,152
444,173,0,173
445,176,0,176
446,205,0,205
447,175,0,175
448,221,0,221
449,178,0,178
450,218,0,218
451,214,0,214
452,161,0,161
453,161,0,161
454,210,0,210
455,174,0,174
456,218,0,218
457,215,0,215
458,125,0,125
459,165,0,165
460,209,0,209
461,195,0,195
462,208,0,208
463,195,0,195
464,165,0,165
465,176,0,176
466,195,0,195
467,175,0,175
468,196,0,196
469,209,0,209
470,177,0,177
471,193,0,193
472,218,0,218
473,211,0,211
474,147,0,147
475,173,0,173
476,195,0,195
477,178,0,178
478,195,0,195
479,167,0,167
480,143,0,143
481,166,0,166
482,205,0,205
483,222,0,222
484,213,0,213
485,179,0,179
486,171,0,171
487,145,0,145
488,171,0,171
489,174,0,174
490,162,0,162
491,203,0,203
492,207,0,207
493,191,0,191
494,201,0,201
495,169,0,169
496,219,0,219
497,166,0,166
498,116,0,116
499,211,0,211
500,212,0,212
501,171,0,171
502,219,0,219
503,173,0,173
504,209,0,209
505,164,0,164
506,197,0,197
507,142,0,142
508,157,0,157
509,217,0,217
510,202,0,202
511,145,0,145
512,155,0,155
513,205,0,205
514,167,0,167
515,139,0,139
516,172,0,172
517,159,0,159
518,167,0,167
519,197,0,197
520,206,0,206
521,178,0,178
522,204,0,204
523,193,0,193
524,175,0,175
525,215,0,215
526,172,0,172
527,150,0,150
528,196,0,196
529,142,0,142
530,204,0,204
531,206,0,206
532,209,0,209
533,162,0,162
534,202,0,202
535,143,0,143
536,221,0,221
537,166,0,166
538,204,0,204
539,153,0,153
540,219,0,219
541,219,0,219
542,206,0,206
543,203,0,203
544,149,0,149
545,140,0,140
546,216,0,216
547,200,0,200
548,148,0,148
549,179,0,179
550,149,0,149
551,203,0,203
552,157,0,157
553,208,0,208
554,206,0,206
555,59,0,59
556,149,0,149
557,144,0,144
558,180,0,180
559,148,0,148
560,194,0,194
561,179,0,179
562,166,0,166
563,163,0,163
564,158,0,158
565,221,0,221
566,177,0,177
567,178,0,178
568,218,0,218
569,215,0,215
570,174,0,174
571,212,0,212
572,152,0,152
573,137,0,137
574,204,0,204
575,162,0,162
576,208,0,208
577,174,0,174
578,152,0,152
579,163,0,163
580,193,0,193
581,139,0,139
582,207,0,207
583,171,0,171
584,214,0,214
585,149,0,149
586,163,0,163
587,210,0,210
588,167,0,167
589,44,0,44
590,139,0,139
591,209,0,209
592,165,0,165
593,156,0,156
594,193,0,193
595,223,0,223
596,207,0,207
597,137,0,137
598,197,0,197
599,153,0,153
600,219,0,219
601,211,0,211
602,199,0,199
603,203,0,203
604,214,0,214
605,159,0,159
606,154,0,154
607,168,0,168
608,223,0,223
609,213,0,213
610,222,0,222
611,135,0,135
612,208,0,208
613,172,0,172
614,203,0,203
615,213,0,213
616,176,0,176
617,141,0,141
618,197,0,197
619,216,0,216
620,137,0,137
621,141,0,141
622,205,0,205
623,168,0,168
624,198,0,198
625,162,0,162
626,169,0,169
627,135,0,135
628,139,0,139
629,192,0,192
630,195,0,195
631,220,0,220
632,157,0,157
633,170,0,170
634,164,0,164
635,163,0,163
636,167,0,167
637,165,0,165
638,199,0,199
639,203,0,203
640,176,0,176
641,165,0,165
642,144,0,144
643,168,0,168
644,151,0,151
645,208,0,208
646,220,0,220
647,222,0,222
648,197,0,197
649,194,0,194
650,204,0,204
651,170,0,170
652,146,0,146
653,141,0,141
654,164,0,164
655,159,0,159
656,192,0,192
657,173,0,173
658,158,0,158
659,136,0,136
660,159,0,159
661,167,0,167
662,169,0,169
663,148,0,148
664,211,0,211
665,201,0,201
666,166,0,166
667,209,0,209
668,167,0,167
669,170,0,170
670,149,0,149
671,37,0,37
672,161,0,161
673,218,0,218
674,210,0,210
675,201,0,201
676,155,0,155
677,140,0,140
678,162,0,162
679,137,0,137
680,166,0,166
681,157,0,157
682,76,0,76
683,198,0,198
684,161,0,161
685,173,0,173
686,135,0,135
687,152,0,152
688,163,0,163
689,171,0,171
690,211,0,211
691,164,0,164
692,158,0,158
693,154,0,154
694,173,0,173
695,213,0,213
696,171,0,171
697,167,0,167
698,176,0,176
699,176,0,176
700,222,0,222
701,193,0,193
702,155,0,155
703,145,0,145
704,209,0,209
705,167,0,167
706,134,0,134
707,194,0,194
708,160,0,160
709,157,0,157
710,213,0,213
711,179,0,179
712,215,0,215
713,145,0,145
714,162,0,162
715,176,0,176
716,177,0,177
717,178,0,178
718,198,0,198
719,173,0,173
720,203,0,203
721,193,0,193
722,140,0,140
723,92,0,92
724,140,0,140
725,222,0,222
726,168,0,168
727,213,0,213
728,195,0,195
729,212,0,212
730,214,0,214
731,149,0,149
732,223,0,223
733,200,0,200
734,169,0,169
735,154,0,154
736,165,0,165
737,159,0,159
738,156,0,156
739,171,0,171
740,157,0,157
741,149,0,149
742,151,0,151
743,202,0,202
744,212,0,212
745,145,0,145
746,162,0,162
747,164,0,164
748,192,0,192
749,211,0,211
