label,val_samples,train_samples,drift,ft_recall,lp_recall,delta_recall
0,24,214,0.02252537012,0.9583333135,0.9166666865,0.04166662693
1,22,197,0.02912513539,0.5909090638,0.4545454681,0.1363635957
2,19,163,0.05338816717,0.5789473653,0.3684210479,0.2105263174
3,24,215,0.05135954544,0.875,0.8333333135,0.04166668653
4,22,193,0.02471753769,0.8636363745,0.8636363745,0
5,16,144,0.0332662873,0.625,0.5625,0.0625
6,19,168,0.03478170186,0.8947368264,0.8421052694,0.05263155699
7,24,222,0.03578245267,1,0.875,0.125
8,25,223,0.04336775839,0.8000000119,0.4399999976,0.3600000143
9,21,176,0.0350501202,0.8571428657,0.7619047761,0.09523808956
10,20,180,0.03878103942,0.6999999881,0.6999999881,0
11,18,160,0.0225441847,0.8888888955,0.8888888955,0
12,19,172,0.03109287843,0.7368420959,0.6842105389,0.05263155699
13,16,151,0.0413663052,0.5625,0.4375,0.125
14,17,153,0.03901691362,0.5882353187,0.5882353187,0
15,24,211,0.02197257243,0.9166666865,0.8333333135,0.08333337307
16,22,200,0.04303409532,0.9090909362,0.6363636255,0.2727273107
17,16,143,0.04597161338,0.625,0.625,0
18,24,220,0.03875759616,0.375,0.2083333284,0.1666666716
19,3,25,0.03245379403,0,0,0
20,18,166,0.04901098832,0.6666666865,0.722222209,-0.05555552244
21,22,198,0.046719376,0.6363636255,0.5909090638,0.04545456171
22,22,196,0.02791800536,0.8636363745,0.7727272511,0.09090912342
23,19,175,0.04135705531,0.3157894611,0.2631579041,0.05263155699
24,24,219,0.03836858273,0.7916666865,0.6666666865,0.125
25,20,178,0.03794040531,0.8500000238,0.8000000119,0.05000001192
26,20,180,0.04662822559,0.6999999881,0.5500000119,0.1499999762
27,23,207,0.03259684891,1,0.9565217495,0.0434782505
28,22,202,0.04653092846,0.6363636255,0.4545454681,0.1818181574
29,20,180,0.03185427934,0.75,0.6999999881,0.05000001192
30,18,160,0.02715830691,0.6111111045,0.555555582,0.05555552244
31,18,164,0.04550390318,0.277777791,0.2222222239,0.05555556715
32,18,161,0.02556131966,1,0.944444418,0.05555558205
33,22,194,0.03048813343,0.9545454383,0.9545454383,0
34,23,209,0.03985033557,0.7391304374,0.6521739364,0.08695650101
35,23,206,0.01978473552,0.9565217495,0.913043499,0.0434782505
36,18,165,0.01779315807,1,1,0
37,19,162,0.04329592362,0.5789473653,0.4210526347,0.1578947306
38,18,167,0.04211262986,0.8333333135,0.777777791,0.05555552244
39,18,166,0.0494886674,0.277777791,0.2222222239,0.05555556715
40,21,192,0.03374901414,0.9523809552,0.9523809552,0
41,19,170,0.01685228758,0.8947368264,0.8947368264,0
42,18,160,0.04131318629,0.5,0.4444444478,0.05555555224
43,23,206,0.02783832513,0.913043499,0.8695651889,0.04347831011
44,23,203,0.02619962581,1,0.9565217495,0.0434782505
45,25,223,0.04182980582,0.6000000238,0.4399999976,0.1600000262
46,1,12,0.02363324165,0,0,0
47,20,180,0.04012425989,0.75,0.6499999762,0.1000000238
48,22,197,0.04217593372,0.5454545617,0.3181818128,0.2272727489
49,22,200,0.04525567591,0.7272727489,0.7272727489,0
50,16,147,0.01792515814,1,1,0
51,20,176,0.03537195176,0.5,0.5,0
52,23,206,0.04023942351,0.8260869384,0.7826086879,0.0434782505
53,21,192,0.05064008385,0.4761904776,0.380952388,0.09523808956
54,22,193,0.03976106271,0.9090909362,0.8636363745,0.04545456171
55,16,144,0.04457210377,0.9375,0.6875,0.25
56,19,173,0.02675121464,0.8421052694,0.8421052694,0
57,24,212,0.02592295967,0.75,0.6666666865,0.08333331347
58,12,110,0.04687523469,0.3333333433,0.1666666716,0.1666666716
59,24,220,0.04267393053,0.7083333135,0.7083333135,0
60,18,167,0.03060017712,0.8333333135,0.722222209,0.1111111045
61,22,203,0.04728724808,0.6818181872,0.5,0.1818181872
62,16,147,0.04825062677,0.8125,0.8125,0
63,23,207,0.04145057127,0.6521739364,0.6956521869,-0.0434782505
64,19,168,0.0354580991,0.6315789223,0.5789473653,0.05263155699
65,22,196,0.02973477356,0.8181818128,0.7727272511,0.04545456171
66,19,175,0.02007934265,0.947368443,0.8947368264,0.05263161659
67,22,201,0.03477977216,0.9090909362,0.8636363745,0.04545456171
68,25,221,0.0345264636,0.6399999857,0.6399999857,0
69,22,199,0.04299951717,0.227272734,0.1818181872,0.04545454681
70,18,165,0.03286329657,0.8333333135,0.777777791,0.05555552244
71,24,220,0.03857954219,0.875,0.7916666865,0.08333331347
72,17,151,0.03800526634,0.8823529482,0.7058823705,0.1764705777
73,24,217,0.04498712346,0.7916666865,0.5416666865,0.25
74,23,206,0.0439357385,0.4782608747,0.3913043439,0.08695653081
75,17,154,0.04498893023,0.5294117928,0.4117647111,0.1176470816
76,22,195,0.03593349457,0.8181818128,0.7727272511,0.04545456171
77,23,203,0.0317729488,0.9565217495,0.9565217495,0
78,25,222,0.03974351659,0.5199999809,0.3199999928,0.1999999881
79,22,193,0.02689502202,0.9545454383,0.8636363745,0.09090906382
80,25,223,0.04185424373,0.4799999893,0.3600000143,0.119999975
81,16,143,0.02550784498,0.5625,0.4375,0.125
82,19,175,0.03880555555,0.5263158083,0.3157894611,0.2105263472
83,19,175,0.04522494972,0.1052631587,0.05263157934,0.05263157934
84,20,177,0.04333641753,0.6999999881,0.5500000119,0.1499999762
85,22,198,0.03557176888,0.8636363745,0.8636363745,0
86,18,164,0.04280837998,0.2222222239,0.2222222239,0
87,20,175,0.03300989047,1,1,0
88,22,199,0.03496301547,0.6818181872,0.6818181872,0
89,16,150,0.0406376943,0.8125,0.875,-0.0625
90,18,166,0.03208654001,0.944444418,0.8888888955,0.05555552244
91,17,151,0.04564509913,0.470588237,0.2352941185,0.2352941185
92,18,161,0.04879934713,0.8888888955,0.777777791,0.1111111045
93,18,160,0.02723318338,0.722222209,0.6111111045,0.1111111045
94,22,200,0.03208231926,0.8181818128,0.7272727489,0.09090906382
95,25,223,0.04299327731,0.8799999952,0.7599999905,0.1200000048
96,20,179,0.03168559447,0.9499999881,0.8500000238,0.09999996424
97,15,136,0.04598299041,0.7333333492,0.6000000238,0.1333333254
98,17,150,0.02375322208,0.9411764741,0.9411764741,0
99,20,180,0.03615992516,0.8000000119,0.8000000119,0
100,19,172,0.03462367132,0.8421052694,0.7894737124,0.05263155699
101,19,168,0.04665070772,0.6315789223,0.5789473653,0.05263155699
102,17,150,0.02788961306,0.8823529482,0.8235294223,0.05882352591
103,23,209,0.03787293285,0.8695651889,0.8695651889,0
104,18,158,0.03877970204,0.6666666865,0.6666666865,0
105,24,216,0.03334918991,0.8333333135,0.75,0.08333331347
106,24,216,0.05479547381,0.5833333135,0.375,0.2083333135
107,20,175,0.03219095245,0.6999999881,0.6999999881,0
108,17,153,0.03457188979,0.8235294223,0.7647058964,0.05882352591
109,24,212,0.02237685956,0.875,0.8333333135,0.04166668653
110,22,199,0.02787943371,0.9090909362,0.8636363745,0.04545456171
111,22,201,0.02761499397,0.2727272809,0.1363636404,0.1363636404
112,23,212,0.03193486854,0.8260869384,0.7391304374,0.08695650101
113,18,163,0.01952571608,1,0.8888888955,0.1111111045
114,6,52,0.03566253185,0.5,0,0.5
115,20,176,0.030501917,0.9499999881,0.75,0.1999999881
116,19,176,0.04514237866,0.6315789223,0.4210526347,0.2105262876
117,23,204,0.04283244163,0.6086956263,0.4782608747,0.1304347515
118,18,158,0.04231446609,0.3333333433,0.3333333433,0
119,17,156,0.01585710794,1,1,0
120,24,219,0.02729558945,0.8333333135,0.7916666865,0.04166662693
121,18,160,0.04630981013,0.777777791,0.5,0.277777791
122,17,151,0.04597061872,0.8823529482,0.7058823705,0.1764705777
123,19,175,0.04236248881,0.8421052694,0.6842105389,0.1578947306
124,23,211,0.0311982017,0.9565217495,0.9565217495,0
125,22,197,0.02959416434,0.9090909362,0.8636363745,0.04545456171
126,24,208,0.04474183917,0.5833333135,0.4583333433,0.1249999702
127,23,211,0.04904595017,0.8260869384,0.7826086879,0.0434782505
128,17,149,0.04741819203,0.7058823705,0.3529411852,0.3529411852
129,17,156,0.04086057097,0.8823529482,0.7058823705,0.1764705777
130,24,221,0.03461781517,0.4166666567,0.2916666567,0.125
131,24,220,0.04731579497,0.875,0.75,0.125
132,17,156,0.0497906059,0.7647058964,0.8235294223,-0.05882352591
133,24,217,0.0359888114,0.9166666865,0.8333333135,0.08333337307
134,19,175,0.04087687656,0.7368420959,0.4210526347,0.3157894611
135,20,179,0.03260425106,0.5,0.4499999881,0.05000001192
136,23,207,0.0381430164,0.8695651889,0.6956521869,0.173913002
137,16,145,0.02314666286,0.9375,0.9375,0
138,18,160,0.03608331457,0.8888888955,0.722222209,0.1666666865
139,22,196,0.04960935935,0.5909090638,0.4090909064,0.1818181574
140,23,195,0.04872217402,0.7391304374,0.3913043439,0.3478260934
141,19,170,0.04377778247,0.2105263174,0.1052631587,0.1052631587
142,24,216,0.04177816585,0.625,0.4583333433,0.1666666567
143,20,176,0.03183691204,0.8999999762,0.8500000238,0.04999995232
144,16,143,0.04101765528,0.5625,0.3125,0.25
145,9,82,0.05103466287,0.2222222239,0.2222222239,0
146,22,199,0.0251495,0.9090909362,0.9090909362,0
147,19,170,0.04643385857,0.8421052694,0.6842105389,0.1578947306
148,17,154,0.0370233953,0.5882353187,0.5294117928,0.05882352591
149,24,212,0.04857191443,0.7916666865,0.6666666865,0.125
150,22,199,0.02305363491,0.9545454383,0.8636363745,0.09090906382
151,20,175,0.03590650111,0.6000000238,0.5500000119,0.05000001192
152,16,140,0.02914023027,0.5,0.4375,0.0625
153,19,164,0.02936952934,0.8421052694,0.6842105389,0.1578947306
154,16,144,0.03456066176,0.9375,0.875,0.0625
155,22,202,0.049659729,0.6363636255,0.5,0.1363636255
156,22,202,0.02413362265,0.8636363745,0.6818181872,0.1818181872
157,24,212,0.04902635142,0.7916666865,0.625,0.1666666865
158,22,199,0.04374390841,0.5,0.4090909064,0.09090909362
159,19,171,0.03387364745,1,0.947368443,0.05263155699
160,24,214,0.02506399155,0.9583333135,0.875,0.08333331347
161,18,160,0.03416344523,0.8333333135,0.777777791,0.05555552244
162,23,210,0.04924496263,0.5217391253,0.3478260934,0.1739130318
163,15,138,0.03548387066,0.7333333492,0.6000000238,0.1333333254
164,23,204,0.02432929724,0.7826086879,0.7826086879,0
165,22,202,0.03325480223,0.9545454383,0.8636363745,0.09090906382
166,20,177,0.0462045297,0.6000000238,0.5,0.1000000238
167,23,204,0.04337413236,0.5217391253,0.3478260934,0.1739130318
168,24,215,0.03303233907,0.625,0.625,0
169,23,211,0.02628711052,0.913043499,0.8695651889,0.04347831011
170,19,168,0.02390950918,0.8421052694,0.8421052694,0
171,25,222,0.04231965914,0.4799999893,0.400000006,0.07999998331
172,25,221,0.04521342367,0.3600000143,0.2399999946,0.1200000197
173,22,191,0.02912266925,1,1,0
174,19,176,0.0534212701,0.6315789223,0.2631579041,0.3684210181
175,21,192,0.03749853745,0.8571428657,0.8095238209,0.04761904478
176,16,149,0.0202053152,0.9375,0.8125,0.125
177,22,199,0.04559211433,0.6818181872,0.5909090638,0.09090912342
178,17,151,0.03636984155,0.7647058964,0.7058823705,0.05882352591
179,22,202,0.04281600565,0.3181818128,0.2727272809,0.04545453191
180,23,209,0.03237916902,0.913043499,0.8695651889,0.04347831011
181,23,205,0.05322048813,0.5217391253,0.3478260934,0.1739130318
182,25,208,0.04366632923,0.8000000119,0.6399999857,0.1600000262
183,1,4,0.03080493212,0,0,0
184,24,214,0.03745600954,0.9583333135,0.8333333135,0.125
185,17,150,0.03385493904,0.8823529482,0.8235294223,0.05882352591
186,18,160,0.04870213941,0.722222209,0.6666666865,0.05555552244
187,19,170,0.03653140739,0.3684210479,0.3157894611,0.05263158679
188,18,164,0.04148545116,0.3888888955,0.277777791,0.1111111045
189,19,168,0.03471691906,0.7368420959,0.4736842215,0.2631578743
190,24,213,0.01800922304,0.9583333135,0.9583333135,0
191,25,222,0.05056408793,0.7599999905,0.4799999893,0.2800000012
192,23,205,0.04084086046,0.9565217495,0.9565217495,0
193,17,150,0.03466268629,0.9411764741,0.7058823705,0.2352941036
194,22,193,0.03365764022,0.7272727489,0.7272727489,0
195,20,177,0.02951721847,0.8999999762,0.8500000238,0.04999995232
196,24,221,0.0421060808,0.125,0.125,0
197,17,150,0.03899202868,0.6470588446,0.5882353187,0.05882352591
198,24,217,0.02429955266,0.9166666865,0.8333333135,0.08333337307
199,23,208,0.04077186808,0.8695651889,0.7391304374,0.1304347515
200,19,167,0.0257032644,0.947368443,0.7368420959,0.2105263472
201,24,220,0.03205088153,0.9166666865,0.875,0.04166668653
202,23,209,0.04150551558,0.6956521869,0.4782608747,0.2173913121
203,24,218,0.04716026783,0.6666666865,0.4583333433,0.2083333433
204,22,194,0.03981988505,0.7272727489,0.6818181872,0.04545456171
205,16,147,0.05660759285,0.6875,0.5,0.1875
206,25,222,0.04861986637,0.8799999952,0.6800000072,0.1999999881
207,24,213,0.02727797814,0.875,0.7916666865,0.08333331347
208,17,153,0.04044385627,0.8823529482,0.8823529482,0
209,19,159,0.03177360445,0.7894737124,0.5789473653,0.2105263472
210,18,162,0.03225780278,0.8333333135,0.8333333135,0
211,18,167,0.04636589065,0.722222209,0.555555582,0.1666666269
212,16,145,0.04170795903,0.8125,0.6875,0.125
213,18,162,0.05121843517,0.3333333433,0.277777791,0.05555555224
214,20,178,0.02807669714,0.8500000238,0.8500000238,0
215,22,202,0.01903942972,0.9090909362,0.9090909362,0
216,18,158,0.0374535732,0.3888888955,0.3888888955,0
217,24,220,0.03926565871,0.8333333135,0.7916666865,0.04166662693
218,22,200,0.03729274496,0.5909090638,0.5454545617,0.04545450211
219,19,174,0.036828354,0.7368420959,0.6842105389,0.05263155699
220,21,193,0.04726710543,0.4761904776,0.2380952388,0.2380952388
221,19,172,0.04567864165,0.7894737124,0.6315789223,0.1578947902
222,16,148,0.03831080347,1,0.9375,0.0625
223,22,194,0.02785786241,0.9545454383,0.9545454383,0
224,22,198,0.04294537008,0.7272727489,0.6818181872,0.04545456171
225,16,140,0.05396939442,0.625,0.5625,0.0625
226,22,202,0.04432607815,0.8181818128,0.7727272511,0.04545456171
227,23,204,0.02834253386,1,1,0
228,23,204,0.05111734942,0.7826086879,0.5217391253,0.2608695626
229,16,147,0.05016708374,0.625,0.4375,0.1875
230,22,195,0.0378170535,0.8636363745,0.8181818128,0.04545456171
231,17,149,0.02502316982,0.8235294223,0.8235294223,0
232,20,179,0.03936227039,0.200000003,0.05000000075,0.1500000022
233,23,207,0.03858748451,0.7391304374,0.6956521869,0.0434782505
234,23,208,0.03950376436,0.8695651889,0.6956521869,0.173913002
235,22,203,0.04401353747,0.6818181872,0.6363636255,0.04545456171
236,22,196,0.05260979012,0.2727272809,0.227272734,0.04545454681
237,15,136,0.044363074,0.6666666865,0.400000006,0.2666666806
238,18,163,0.04865016416,0.277777791,0.277777791,0
239,22,199,0.04903670773,0.8636363745,0.4545454681,0.4090909064
240,23,214,0.03631174937,1,0.913043499,0.08695650101
241,18,160,0.03672198951,0.722222209,0.6666666865,0.05555552244
242,19,167,0.02173234336,0.8947368264,0.6842105389,0.2105262876
243,24,215,0.04190021753,0.4166666567,0.4583333433,-0.04166668653
244,17,156,0.03914771229,0.8235294223,0.8235294223,0
245,19,170,0.05188511685,0.7368420959,0.7368420959,0
246,24,215,0.03778946772,0.25,0.1666666716,0.08333332837
247,22,201,0.03860501945,0.6818181872,0.2727272809,0.4090909064
248,24,220,0.03136374801,0.9583333135,0.9166666865,0.04166662693
249,19,173,0.04235536605,0.7368420959,0.6842105389,0.05263155699
250,19,173,0.04191585258,0.8947368264,0.8947368264,0
251,16,139,0.02496665344,1,1,0
252,23,208,0.04393122345,0.8695651889,0.6956521869,0.173913002
253,23,204,0.03919585049,0.913043499,0.7826086879,0.1304348111
254,19,170,0.03743334115,0.7368420959,0.7368420959,0
255,17,155,0.04371204972,0.8235294223,0.470588237,0.3529411852
256,16,142,0.03431996331,0.75,0.6875,0.0625
257,23,207,0.03199614584,0.7391304374,0.7826086879,-0.0434782505
258,19,175,0.0337510705,0.7368420959,0.6842105389,0.05263155699
259,24,216,0.04738686979,0.75,0.625,0.125
260,22,197,0.03972670063,0.7727272511,0.6818181872,0.09090906382
261,25,217,0.03472220525,1,1,0
262,21,193,0.0439235419,0.7619047761,0.571428597,0.1904761791
263,16,145,0.03029910102,0.9375,0.6875,0.25
264,16,142,0.04168844968,0.125,0.0625,0.0625
265,23,204,0.04183261842,0.1739130467,0,0.1739130467
266,17,157,0.03235766292,0.7647058964,0.6470588446,0.1176470518
267,25,221,0.0237172395,0.9200000167,0.8399999738,0.08000004292
268,18,159,0.04792660847,0.4444444478,0.2222222239,0.2222222239
269,23,212,0.04722110182,0.7826086879,0.4782608747,0.3043478131
270,16,147,0.03986408189,0.1875,0.1875,0
271,19,169,0.04353545234,0.7894737124,0.6842105389,0.1052631736
272,15,136,0.03444697335,0.6000000238,0.5333333611,0.06666666269
273,17,156,0.03958377242,0.7647058964,0.3529411852,0.4117647111
274,16,143,0.04147440195,0.4375,0.3125,0.125
275,16,148,0.03614747897,0.75,0.625,0.125
276,24,219,0.02711465023,0.9166666865,0.9166666865,0
277,24,214,0.0243182797,0.9583333135,0.875,0.08333331347
278,16,146,0.03877897933,0.6875,0.6875,0
279,23,203,0.04756331071,0.7391304374,0.6521739364,0.08695650101
280,15,136,0.02807203121,0.7333333492,0.6666666865,0.06666666269
281,20,176,0.0407673195,0.8999999762,0.8999999762,0
282,18,165,0.0287451949,0.8888888955,0.777777791,0.1111111045
283,22,199,0.02415363677,1,0.9545454383,0.04545456171
284,15,137,0.04884003848,0.5333333611,0.400000006,0.1333333552
285,16,144,0.03643226251,0.8125,0.75,0.0625
286,24,215,0.03013168834,0.6666666865,0.5,0.1666666865
287,25,212,0.03888015077,0.8799999952,0.8799999952,0
288,23,207,0.03152150288,0.8695651889,0.8695651889,0
289,22,200,0.01715047471,1,0.9545454383,0.04545456171
290,22,196,0.04687196389,0.6363636255,0.6363636255,0
291,16,145,0.04470548779,0.8125,0.4375,0.375
292,22,201,0.03951798007,0.5454545617,0.3181818128,0.2272727489
293,23,205,0.03495768458,0.9565217495,0.8695651889,0.08695656061
294,19,175,0.02541713975,0.8947368264,0.947368443,-0.05263161659
295,24,212,0.03274002299,0.875,0.9166666865,-0.04166668653
296,20,177,0.02401757613,0.8500000238,0.8500000238,0
297,21,192,0.03742615506,0.9047619104,0.8571428657,0.04761904478
298,19,174,0.03218877688,0.8421052694,0.8421052694,0
299,16,141,0.02025004476,1,0.875,0.125
300,23,205,0.05091286823,0.6956521869,0.5217391253,0.1739130616
301,16,149,0.02488590032,1,1,0
302,24,215,0.02885034867,0.9583333135,0.9166666865,0.04166662693
303,22,198,0.04414805397,0.5909090638,0.5454545617,0.04545450211
304,14,131,0.04319968447,0.3571428657,0.2857142985,0.07142856717
305,3,28,0.0513138175,0,0,0
306,22,200,0.03998572752,0.9090909362,0.7727272511,0.1363636851
307,18,159,0.02595432848,0.1666666716,0.05555555597,0.1111111157
308,17,155,0.04084747657,0.1764705926,0.1176470593,0.05882353336
309,20,177,0.04541552439,0.75,0.6999999881,0.05000001192
310,23,207,0.03763281927,0.5217391253,0.5217391253,0
311,16,149,0.03468837216,0.875,0.8125,0.0625
312,18,159,0.04981721565,0.8333333135,0.6111111045,0.222222209
313,19,170,0.03920254484,0.3684210479,0.2631579041,0.1052631438
314,22,198,0.04200222343,0.3636363745,0.3636363745,0
315,20,177,0.04131643474,0.8000000119,0.6000000238,0.1999999881
316,22,196,0.03317227587,0.6818181872,0.5909090638,0.09090912342
317,15,138,0.0346996896,0.8000000119,0.6666666865,0.1333333254
318,12,107,0.03181168437,0.08333333582,0,0.08333333582
319,22,194,0.02776424401,0.6818181872,0.6818181872,0
320,24,216,0.0465320535,0.875,0.625,0.25
321,19,169,0.04325412959,0.8947368264,0.6842105389,0.2105262876
322,19,169,0.02685309947,1,0.947368443,0.05263155699
323,20,176,0.03789944202,0.9499999881,1,-0.05000001192
324,12,112,0.04602278769,0.08333333582,0,0.08333333582
325,20,180,0.02651843429,1,0.8999999762,0.1000000238
326,19,170,0.04218684509,0.5789473653,0.4210526347,0.1578947306
327,25,222,0.05248282105,0.6399999857,0.6800000072,-0.04000002146
328,19,172,0.02219121158,0.947368443,0.947368443,0
329,24,211,0.0421804525,0.7916666865,0.375,0.4166666865
330,8,71,0.03816906363,0.5,0.5,0
331,24,209,0.04924520478,0.7916666865,0.75,0.04166668653
332,17,153,0.04018631577,0.7058823705,0.4117647111,0.2941176593
333,19,168,0.02419829369,0.7894737124,0.6842105389,0.1052631736
334,21,179,0.03352651,0.7619047761,0.7619047761,0
335,16,142,0.04132627323,0.5625,0.375,0.1875
336,16,149,0.03096317872,0.75,0.75,0
337,17,155,0.0222304184,1,0.8823529482,0.1176470518
338,20,179,0.03569330648,0.9499999881,0.9499999881,0
339,24,211,0.029657593,0.7916666865,0.75,0.04166668653
340,20,180,0.04581416771,0.8000000119,0.6999999881,0.1000000238
341,15,136,0.02601753548,0.9333333373,0.9333333373,0
342,23,211,0.0336499922,0.913043499,0.8695651889,0.04347831011
343,18,161,0.05521818995,0.777777791,0.5,0.277777791
344,23,204,0.0464861095,0.6956521869,0.4347825944,0.2608695924
345,19,172,0.03928477317,0.4210526347,0.3684210479,0.05263158679
346,16,146,0.04677360132,0.75,0.625,0.125
347,20,178,0.04336406291,0.8500000238,0.75,0.1000000238
348,23,194,0.03115590475,0.913043499,0.8695651889,0.04347831011
349,22,203,0.03207636252,0.6818181872,0.6818181872,0
350,18,157,0.04009569436,0.8888888955,0.8333333135,0.05555558205
351,23,208,0.02804084681,0.7826086879,0.7826086879,0
352,16,141,0.05618483201,0.6875,0.3125,0.375
353,20,180,0.04407439008,0.75,0.5500000119,0.1999999881
354,22,193,0.03229159489,0.8636363745,0.9090909362,-0.04545456171
355,16,146,0.04878339544,0.8125,0.75,0.0625
356,22,198,0.02402461134,0.9545454383,0.9090909362,0.04545450211
357,24,216,0.02690185793,0.9583333135,0.9166666865,0.04166662693
358,19,174,0.02751221508,0.8947368264,0.8421052694,0.05263155699
359,24,217,0.02793397568,0.3333333433,0.25,0.08333334327
360,19,168,0.03682858124,0.8421052694,0.7894737124,0.05263155699
361,15,135,0.04356682301,0.5333333611,0.3333333433,0.2000000179
362,24,214,0.05518950149,0.8333333135,0.5416666865,0.2916666269
363,24,217,0.03917205334,0.9166666865,0.6666666865,0.25
364,24,221,0.04180889204,0.08333333582,0.04166666791,0.04166666791
365,19,173,0.04960625991,0.7894737124,0.5789473653,0.2105263472
366,24,212,0.04933667183,0.6666666865,0.375,0.2916666865
367,23,206,0.02186330594,0.9565217495,0.913043499,0.0434782505
368,22,197,0.03107633442,0.8181818128,0.7727272511,0.04545456171
369,24,223,0.03385030851,0.875,0.75,0.125
370,15,139,0.04295071587,0.6000000238,0.4666666687,0.1333333552
371,17,156,0.03347174451,0.7647058964,0.7647058964,0
372,22,203,0.03653958067,0.5,0.4090909064,0.09090909362
373,17,157,0.04301996529,0.6470588446,0.5882353187,0.05882352591
374,19,173,0.04783230647,0.7894737124,0.5263158083,0.2631579041
375,16,139,0.03338575363,0.9375,0.9375,0
376,23,208,0.04229750112,0.6521739364,0.6956521869,-0.0434782505
377,18,166,0.03252168,0.777777791,0.6666666865,0.1111111045
378,16,140,0.03550599143,0.5625,0.5,0.0625
379,15,139,0.03607121482,0.8000000119,0.7333333492,0.06666666269
380,25,222,0.04807169735,0.7599999905,0.5199999809,0.2400000095
381,19,169,0.03370098397,0.5789473653,0.5263158083,0.05263155699
382,19,167,0.03002057038,0.6842105389,0.6315789223,0.05263161659
383,20,176,0.03534201533,0.25,0.150000006,0.09999999404
384,17,157,0.03862807155,0.470588237,0.2352941185,0.2352941185
385,19,170,0.04582959414,0.6315789223,0.6315789223,0
386,16,144,0.04462284222,0.4375,0.375,0.0625
387,16,141,0.03291776776,0.75,0.75,0
388,23,210,0.04014112055,0.6956521869,0.4782608747,0.2173913121
389,15,138,0.04134142399,0.5333333611,0.4666666687,0.0666666925
390,22,199,0.02736460604,0.5454545617,0.5454545617,0
391,18,158,0.02184371836,0.8888888955,1,-0.1111111045
392,19,173,0.0344487913,0.6842105389,0.5263158083,0.1578947306
393,18,163,0.05092486367,0.6111111045,0.3888888955,0.222222209
394,20,179,0.04358625412,0.8000000119,0.6499999762,0.1500000358
395,22,203,0.02533922903,1,1,0
396,22,201,0.04874051735,0.3181818128,0.227272734,0.09090907872
397,22,194,0.03599481657,0.6818181872,0.6363636255,0.04545456171
398,18,168,0.03160627559,0.8888888955,0.777777791,0.1111111045
399,22,193,0.02983091027,0.8181818128,0.7727272511,0.04545456171
400,15,138,0.04768270999,0.4666666687,0.4666666687,0
401,23,203,0.02228120156,0.913043499,0.8695651889,0.04347831011
402,25,221,0.04306839406,0.5199999809,0.4399999976,0.07999998331
403,22,193,0.04629579559,0.5454545617,0.4545454681,0.09090909362
404,17,154,0.02624466456,0.7058823705,0.6470588446,0.05882352591
405,16,146,0.03781208396,0.625,0.5625,0.0625
406,17,153,0.02593882568,1,0.9411764741,0.05882352591
407,10,89,0.04432008415,0.1000000015,0.1000000015,0
408,22,201,0.03676295653,0.6363636255,0.5909090638,0.04545456171
409,18,161,0.04704008624,0.6666666865,0.722222209,-0.05555552244
410,16,140,0.03273174912,0.8125,0.8125,0
411,23,205,0.05027277395,0.7826086879,0.5217391253,0.2608695626
412,22,195,0.04786306247,0.8181818128,0.7272727489,0.09090906382
413,2,20,0.03421646357,0,0,0
414,18,159,0.03221494332,0.8888888955,0.8333333135,0.05555558205
415,16,141,0.02822599187,1,0.9375,0.0625
416,24,217,0.04333643615,0.5416666865,0.5,0.04166668653
417,17,155,0.04518918321,0.8235294223,0.7058823705,0.1176470518
418,15,135,0.039130155,0.7333333492,0.7333333492,0
419,23,211,0.03865439072,0.6521739364,0.7391304374,-0.08695650101
420,19,169,0.03550007939,0.7894737124,0.7368420959,0.05263161659
421,24,221,0.02410107106,0.9583333135,0.9166666865,0.04166662693
422,17,156,0.03875435889,0.8235294223,0.7058823705,0.1176470518
423,22,203,0.04789869487,0.8636363745,0.7727272511,0.09090912342
424,19,171,0.0376560092,0.4736842215,0.4210526347,0.05263158679
425,19,174,0.02287026122,1,1,0
426,23,203,0.03535149246,0.3913043439,0.3043478131,0.08695653081
427,25,222,0.0345800668,0.6800000072,0.6800000072,0
428,18,158,0.03613405675,0.777777791,0.777777791,0
429,23,210,0.04300949723,0.5217391253,0.3913043439,0.1304347813
430,23,210,0.03788729757,0.7826086879,0.6086956263,0.1739130616
431,14,127,0.04170084372,0.4285714328,0.2857142985,0.1428571343
432,24,206,0.05356718227,0.2916666567,0.2083333284,0.08333332837
433,17,152,0.02981434204,0.9411764741,0.9411764741,0
434,24,221,0.03885910287,0.8333333135,0.75,0.08333331347
435,19,171,0.02931586653,0.8421052694,0.7894737124,0.05263155699
436,16,147,0.04754347354,0.3125,0.1875,0.125
437,18,160,0.0324591957,0.8333333135,0.8333333135,0
438,23,207,0.0469066985,0.6956521869,0.5652173758,0.1304348111
439,22,198,0.0343679823,0.8181818128,0.8181818128,0
440,19,169,0.03896090388,0.8421052694,0.7368420959,0.1052631736
441,21,193,0.03542272374,0.6666666865,0.6666666865,0
442,18,164,0.03038317896,0.722222209,0.722222209,0
443,17,152,0.02699146606,0.8823529482,0.8823529482,0
444,19,173,0.02837484144,0.947368443,0.947368443,0
445,20,176,0.03957086802,0.8000000119,0.75,0.05000001192
446,23,205,0.04593034834,0.6956521869,0.5217391253,0.1739130616
447,19,175,0.03127319738,1,0.947368443,0.05263155699
448,24,221,0.03851855919,0.875,0.75,0.125
449,20,178,0.02705768868,1,0.8500000238,0.1499999762
450,24,218,0.047283981,0.5833333135,0.5833333135,0
451,24,214,0.0485089235,0.5833333135,0.5416666865,0.04166662693
452,18,161,0.03310557082,0.777777791,0.6666666865,0.1111111045
453,18,161,0.04105203226,0.8333333135,0.6666666865,0.1666666269
454,23,210,0.04102950171,0.7826086879,0.6521739364,0.1304347515
455,19,174,0.02172366902,0.947368443,0.7894737124,0.1578947306
456,24,218,0.04849042371,0.5416666865,0.2916666567,0.2500000298
457,25,215,0.0509634167,0.7200000286,0.6800000072,0.04000002146
458,14,125,0.03419408947,0.571428597,0.5,0.07142859697
459,19,165,0.04279624298,0.7894737124,0.6315789223,0.1578947902
460,23,209,0.02809971012,0.6956521869,0.5652173758,0.1304348111
461,22,195,0.02730307169,0.9090909362,0.7727272511,0.1363636851
462,23,208,0.04133664072,0.9565217495,0.8695651889,0.08695656061
463,22,195,0.04486135766,0.5909090638,0.5,0.09090906382
464,18,165,0.0501273647,0.6666666865,0.6111111045,0.05555558205
465,20,176,0.02481019497,0.9499999881,1,-0.05000001192
466,22,195,0.03683695197,0.7727272511,0.6818181872,0.09090906382
467,20,175,0.05016713217,0.200000003,0.200000003,0
468,22,196,0.0244093705,1,0.9545454383,0.04545456171
469,23,209,0.0402999334,0.8260869384,0.4347825944,0.3913043439
470,20,177,0.0407830216,0.8999999762,0.8999999762,0
471,21,193,0.05088250339,0.7619047761,0.5238095522,0.2380952239
472,24,218,0.02904769778,0.7916666865,0.75,0.04166668653
473,24,211,0.0398507528,0.5833333135,0.5,0.08333331347
474,16,147,0.03278626129,0.875,0.625,0.25
475,19,173,0.04335318506,0.3684210479,0.1578947306,0.2105263174
476,22,195,0.04383938387,0.9090909362,0.6363636255,0.2727273107
477,20,178,0.03279582411,0.8999999762,0.8500000238,0.04999995232
478,22,195,0.04778508842,0.8181818128,0.6363636255,0.1818181872
479,18,167,0.03382254019,0.8333333135,0.555555582,0.2777777314
480,16,143,0.03341797367,0.875,0.875,0
481,18,166,0.02639555,0.777777791,0.777777791,0
482,23,205,0.04656946287,0.5217391253,0.4782608747,0.0434782505
483,25,222,0.05214745551,0.4799999893,0.2399999946,0.2399999946
484,24,213,0.03990400955,0.5833333135,0.3333333433,0.2499999702
485,20,179,0.04214537889,0.400000006,0.25,0.150000006
486,19,171,0.02609195188,0.8421052694,0.7894737124,0.05263155699
487,16,145,0.05202079192,0.5,0.375,0.125
488,19,171,0.0341036655,0.8421052694,0.8421052694,0
489,19,174,0.02543898299,0.947368443,0.947368443,0
490,18,162,0.04920013994,0.5,0.277777791,0.222222209
491,23,203,0.03892559186,0.6086956263,0.5217391253,0.08695650101
492,23,207,0.05502132699,0.6521739364,0.2608695626,0.3913043737
493,22,191,0.05606368929,0.7727272511,0.5,0.2727272511
494,22,201,0.02817831002,0.9090909362,0.8181818128,0.09090912342
495,19,169,0.04124421999,0.5263158083,0.5263158083,0
496,24,219,0.02442303859,0.7916666865,0.7916666865,0
497,18,166,0.03417120874,0.944444418,0.6666666865,0.2777777314
498,13,116,0.03755396232,0.9230769277,0.769230783,0.1538461447
499,23,211,0.04137905687,0.913043499,0.8695651889,0.04347831011
500,23,212,0.04134535044,0.3913043439,0.3913043439,0
501,19,171,0.0504973717,0.8947368264,0.7894737124,0.105263114
502,24,219,0.04469026998,0.5833333135,0.5833333135,0
503,19,173,0.04718573764,0.8947368264,0.8421052694,0.05263155699
504,23,209,0.037253391,0.2173912972,0.1739130467,0.0434782505
505,18,164,0.03172889724,0.8333333135,0.8888888955,-0.05555558205
506,22,197,0.0356942527,0.8181818128,0.7272727489,0.09090906382
507,16,142,0.0270713456,0.9375,0.8125,0.125
508,17,157,0.0559877567,0.7647058964,0.4117647111,0.3529411852
509,24,217,0.04219402373,0.7916666865,0.7083333135,0.08333337307
510,22,202,0.03092922643,0.9090909362,0.7727272511,0.1363636851
511,16,145,0.03477595747,0.8125,0.8125,0
512,17,155,0.02262012102,1,1,0
513,23,205,0.02176583,0.913043499,0.8695651889,0.04347831011
514,18,167,0.0349124521,0.8888888955,0.777777791,0.1111111045
515,15,139,0.0214006789,0.9333333373,0.9333333373,0
516,19,172,0.04234879091,0.5789473653,0.5789473653,0
517,18,159,0.04408495873,0.777777791,0.6111111045,0.1666666865
518,19,167,0.04257107154,0.8421052694,0.7894737124,0.05263155699
519,22,197,0.02887399867,0.8636363745,0.6818181872,0.1818181872
520,23,206,0.0269530341,0.913043499,0.8695651889,0.04347831011
521,20,178,0.02704133466,0.8999999762,0.8999999762,0
522,23,204,0.03817512095,0.5652173758,0.5217391253,0.0434782505
523,22,193,0.04372159764,0.9090909362,0.7727272511,0.1363636851
524,19,175,0.04196120426,0.6315789223,0.5263158083,0.105263114
525,24,215,0.05128755048,0.4166666567,0.3333333433,0.08333331347
526,19,172,0.04842044413,0.5789473653,0.3157894611,0.2631579041
527,17,150,0.03420231864,0.9411764741,0.8235294223,0.1176470518
528,22,196,0.04501014948,0.6818181872,0.5,0.1818181872
529,16,142,0.02845832705,0.625,0.5625,0.0625
530,23,204,0.04631525651,0.7826086879,0.6956521869,0.08695650101
531,24,206,0.05121497437,0.7083333135,0.6666666865,0.04166662693
532,23,209,0.02823042311,0.7826086879,0.7391304374,0.0434782505
533,18,162,0.05371404812,0.6666666865,0.3333333433,0.3333333433
534,22,202,0.04106412828,0.7727272511,0.6818181872,0.09090906382
535,16,143,0.04416531324,0.0625,0.125,-0.0625
536,25,221,0.03705377132,0.8399999738,0.7599999905,0.07999998331
537,18,166,0.04067734629,0.555555582,0.3333333433,0.2222222388
538,23,204,0.05009709299,0.5217391253,0.3478260934,0.1739130318
539,17,153,0.04099981487,0.6470588446,0.5294117928,0.1176470518
540,24,219,0.04841259122,0.6666666865,0.5416666865,0.125
541,24,219,0.03467641398,0.7083333135,0.7083333135,0
542,23,206,0.03819783404,0.8260869384,0.8260869384,0
543,23,203,0.04529198259,0.3043478131,0.3043478131,0
544,17,149,0.05034027249,0.5882353187,0.4117647111,0.1764706075
545,16,140,0.03660264984,0.5,0.4375,0.0625
546,24,216,0.04146229103,0.9166666865,0.8333333135,0.08333337307
547,23,200,0.02892333455,0.8260869384,0.7826086879,0.0434782505
548,16,148,0.04396073893,0.5625,0.5625,0
549,20,179,0.02337463573,0.9499999881,0.9499999881,0
550,17,149,0.03703405708,0.1176470593,0.05882352963,0.05882352963
551,22,203,0.03755285591,0.7272727489,0.5909090638,0.1363636851
552,17,157,0.0401962772,0.7058823705,0.7647058964,-0.05882352591
553,23,208,0.03311328217,1,1,0
554,23,206,0.03923987597,0.7826086879,0.6956521869,0.08695650101
555,6,59,0.03171471879,0.1666666716,0.1666666716,0
556,17,149,0.04632797465,0.8823529482,0.7647058964,0.1176470518
557,17,144,0.03749784827,0.8235294223,0.8235294223,0
558,20,180,0.0395687148,0.8000000119,0.6999999881,0.1000000238
559,16,148,0.0500032641,0.75,0.6875,0.0625
560,21,194,0.04728397354,0.571428597,0.5238095522,0.04761904478
561,21,179,0.04474558681,0.190476194,0.09523809701,0.09523809701
562,18,166,0.04297761992,0.8333333135,0.777777791,0.05555552244
563,18,163,0.02125412226,0.8333333135,0.777777791,0.05555552244
564,18,158,0.03235562146,0.8333333135,0.777777791,0.05555552244
565,24,221,0.04525874183,0.7083333135,0.625,0.08333331347
566,20,177,0.04315853119,0.8999999762,0.6999999881,0.1999999881
567,20,178,0.02807158232,0.5500000119,0.5,0.05000001192
568,24,218,0.02970840968,0.8333333135,0.75,0.08333331347
569,24,215,0.0433151722,0.6666666865,0.4166666567,0.2500000298
570,19,174,0.03928155079,0.8947368264,0.7894737124,0.105263114
571,23,212,0.04440044239,0.7826086879,0.5652173758,0.2173913121
572,17,152,0.0144941071,1,1,0
573,15,137,0.02753406391,0.9333333373,0.7333333492,0.1999999881
574,22,204,0.05360031128,0.5,0.4090909064,0.09090909362
575,18,162,0.03365850449,0.777777791,0.6666666865,0.1111111045
576,23,208,0.03438878804,0.8695651889,0.7391304374,0.1304347515
577,19,174,0.03725011274,0.8421052694,0.8421052694,0
578,17,152,0.03382419422,1,1,0
579,18,163,0.04449810088,0.8333333135,0.6666666865,0.1666666269
580,22,193,0.03518752754,0.9090909362,0.7727272511,0.1363636851
581,15,139,0.02857710049,0.8000000119,0.7333333492,0.06666666269
582,23,207,0.03627882153,0.8695651889,0.8260869384,0.0434782505
583,19,171,0.04609905556,0.6842105389,0.5263158083,0.1578947306
584,24,214,0.04467860982,0.6666666865,0.625,0.04166668653
585,17,149,0.04135078564,0.5882353187,0.5294117928,0.05882352591
586,18,163,0.04525996372,0.8888888955,0.8333333135,0.05555558205
587,23,210,0.04483042657,0.6086956263,0.6086956263,0
588,18,167,0.04493811354,0.777777791,0.6666666865,0.1111111045
589,5,44,0.03802014515,0,0,0
590,15,139,0.02589716204,0.8666666746,0.8666666746,0
591,23,209,0.0481938608,0.8260869384,0.6521739364,0.173913002
592,18,165,0.05579237267,0.8333333135,0.4444444478,0.3888888657
593,17,156,0.04371356964,0.8235294223,0.7647058964,0.05882352591
594,21,193,0.03250225261,0.190476194,0.04761904851,0.1428571455
595,25,223,0.04068668187,0.8399999738,0.6800000072,0.1599999666
596,23,207,0.03791477159,0.5652173758,0.4782608747,0.08695650101
597,15,137,0.04443408176,0.6000000238,0.4666666687,0.1333333552
598,22,197,0.05042959377,0.7727272511,0.3636363745,0.4090908766
599,17,153,0.05516949296,0.5294117928,0.3529411852,0.1764706075
600,24,219,0.03347786143,0.9583333135,0.9166666865,0.04166662693
601,23,211,0.05069197714,0.5652173758,0.3478260934,0.2173912823
602,22,199,0.05740827695,0.8636363745,0.6818181872,0.1818181872
603,23,203,0.04447666556,0.1739130467,0.1739130467,0
604,24,214,0.04654816911,0.25,0.125,0.125
605,18,159,0.03532927856,0.6666666865,0.555555582,0.1111111045
606,18,154,0.04333899915,0.1666666716,0.05555555597,0.1111111157
607,19,168,0.03977089003,0.7894737124,0.6315789223,0.1578947902
608,25,223,0.03088235296,0.9200000167,0.8799999952,0.04000002146
609,24,213,0.04059966281,0.75,0.75,0
610,25,222,0.04146938026,0.7200000286,0.6000000238,0.1200000048
611,15,135,0.05344418809,0.2666666806,0.400000006,-0.1333333254
612,23,208,0.04216294363,0.4782608747,0.3478260934,0.1304347813
613,19,172,0.0463225767,0.5789473653,0.4210526347,0.1578947306
614,23,203,0.04091476277,0.6521739364,0.6521739364,0
615,24,213,0.03247044235,0.7916666865,0.6666666865,0.125
616,20,176,0.03876038641,0.75,0.5500000119,0.1999999881
617,16,141,0.03561841324,0.6875,0.6875,0
618,22,197,0.02212366648,0.8181818128,0.8636363745,-0.04545456171
619,24,216,0.0353644453,0.6666666865,0.625,0.04166668653
620,15,137,0.03818149865,0.8000000119,0.8000000119,0
621,16,141,0.04246660694,0.6875,0.5625,0.125
622,23,205,0.017423857,0.9565217495,0.913043499,0.0434782505
623,19,168,0.02490345389,0.8947368264,0.7894737124,0.105263114
624,22,198,0.01801281609,0.9545454383,0.9090909362,0.04545450211
625,18,162,0.04612129927,0.8333333135,0.5,0.3333333135
626,19,169,0.04000911489,0.6315789223,0.5263158083,0.105263114
627,15,135,0.05284048244,0.400000006,0.200000003,0.200000003
628,15,139,0.03621438891,0.6666666865,0.6000000238,0.06666666269
629,21,192,0.0482843779,0.7142857313,0.6666666865,0.04761904478
630,22,195,0.03360899165,1,1,0
631,24,220,0.03196772933,0.9583333135,0.9166666865,0.04166662693
632,18,157,0.05141445249,0.6666666865,0.555555582,0.1111111045
633,19,170,0.04465809092,0.6842105389,0.5789473653,0.1052631736
634,18,164,0.03202314675,0.8333333135,0.722222209,0.1111111045
635,18,163,0.038401559,0.555555582,0.3888888955,0.1666666865
636,18,167,0.04469608888,0.722222209,0.722222209,0
637,18,165,0.04748497531,0.1666666716,0.05555555597,0.1111111157
638,21,199,0.02600729838,0.9523809552,0.9047619104,0.04761904478
639,23,203,0.04192372411,0.7826086879,0.7391304374,0.0434782505
640,20,176,0.04017118365,0.150000006,0,0.150000006
641,18,165,0.04392617196,0.777777791,0.5,0.277777791
642,16,144,0.04131069779,0.4375,0.4375,0
643,18,168,0.02707282454,0.944444418,0.8888888955,0.05555552244
644,18,151,0.03862226382,0.4444444478,0.277777791,0.1666666567
645,23,208,0.0460173972,0.913043499,0.8260869384,0.08695656061
646,24,220,0.0226385463,0.9583333135,0.9583333135,0
647,25,222,0.02976914868,0.7200000286,0.7200000286,0
648,22,197,0.04194213822,0.4545454681,0.3636363745,0.09090909362
649,22,194,0.03171907365,0.9545454383,1,-0.04545456171
650,22,204,0.03644386306,0.9090909362,0.9090909362,0
651,19,170,0.03166401014,0.8947368264,0.8421052694,0.05263155699
652,16,146,0.01362489909,0.9375,0.9375,0
653,17,141,0.05664123967,0.6470588446,0.5882353187,0.05882352591
654,18,164,0.03598026931,0.777777791,0.5,0.277777791
655,18,159,0.03239673749,0.777777791,0.722222209,0.05555558205
656,22,192,0.04252897203,0.5,0.3636363745,0.1363636255
657,19,173,0.03112632595,0.8421052694,0.7894737124,0.05263155699
658,17,158,0.03119562566,0.9411764741,0.8235294223,0.1176470518
659,15,136,0.02924349345,0.8000000119,0.6000000238,0.1999999881
660,18,159,0.03687993437,0.8333333135,0.8333333135,0
661,18,167,0.04349931702,0.8333333135,0.722222209,0.1111111045
662,18,169,0.04375425726,0.722222209,0.6111111045,0.1111111045
663,16,148,0.04282018915,0.8125,0.75,0.0625
664,23,211,0.02744645625,0.8260869384,0.7826086879,0.0434782505
665,22,201,0.0400368236,0.7272727489,0.5454545617,0.1818181872
666,18,166,0.02820224315,0.8333333135,0.8888888955,-0.05555558205
667,23,209,0.0432943441,0.6086956263,0.5217391253,0.08695650101
668,18,167,0.03864202276,0.2222222239,0.1111111119,0.1111111119
669,19,170,0.04673456028,0.8421052694,0.5263158083,0.3157894611
670,16,149,0.03046817333,0.875,0.8125,0.0625
671,4,37,0.05614751577,0,0,0
672,18,161,0.0323308669,0.777777791,0.6666666865,0.1111111045
673,24,218,0.05223868787,0.7083333135,0.5,0.2083333135
674,23,210,0.04219798371,0.8695651889,0.7391304374,0.1304347515
675,22,201,0.05617002025,0.5909090638,0.5,0.09090906382
676,17,155,0.03877301514,0.5882353187,0.6470588446,-0.05882352591
677,15,140,0.03643574566,0.6666666865,0.5333333611,0.1333333254
678,18,162,0.04188090935,0.6111111045,0.6666666865,-0.05555558205
679,15,137,0.04534780607,0.6666666865,0.4666666687,0.2000000179
680,18,166,0.03361301869,0.8888888955,0.8888888955,0
681,17,157,0.03913220391,0.7058823705,0.6470588446,0.05882352591
682,8,76,0.03137115389,0.25,0.125,0.125
683,22,198,0.03557427227,0.7272727489,0.7272727489,0
684,18,161,0.05323947966,0.8333333135,0.722222209,0.1111111045
685,19,173,0.03266494349,0.8947368264,0.8947368264,0
686,15,135,0.04541487992,0.5333333611,0.3333333433,0.2000000179
687,17,152,0.03148103133,0.7647058964,0.7647058964,0
688,18,163,0.02795155905,0.722222209,0.6111111045,0.1111111045
689,19,171,0.03963867947,0.947368443,0.8421052694,0.1052631736
690,23,211,0.04094233364,0.7826086879,0.6956521869,0.08695650101
691,18,164,0.0246144738,1,0.944444418,0.05555558205
692,18,158,0.02781028487,0.8888888955,0.8888888955,0
693,17,154,0.02871464007,0.8235294223,0.3529411852,0.470588237
694,19,173,0.04432120919,0.6315789223,0.5263158083,0.105263114
695,24,213,0.04695992172,0.6666666865,0.5833333135,0.08333337307
696,19,171,0.05368353054,0.7894737124,0.5789473653,0.2105263472
697,19,167,0.02227282152,0.8947368264,0.8947368264,0
698,20,176,0.03564729542,0.9499999881,0.8500000238,0.09999996424
699,20,176,0.02811202966,0.8999999762,0.8500000238,0.04999995232
700,24,222,0.03915890306,0.8333333135,0.5833333135,0.25
701,21,193,0.01852944121,1,1,0
702,17,155,0.03087276965,0.9411764741,0.9411764741,0
703,16,145,0.04194232449,0.8125,0.625,0.1875
704,23,209,0.04179703444,0.913043499,0.8260869384,0.08695656061
705,19,167,0.02553409338,0.8947368264,0.8947368264,0
706,15,134,0.05936165154,0.5333333611,0.2666666806,0.2666666806
707,22,194,0.05954036862,0.4090909064,0.4090909064,0
708,18,160,0.0391629003,0.555555582,0.4444444478,0.1111111343
709,18,157,0.0303555131,1,0.944444418,0.05555558205
710,24,213,0.03558723256,0.9166666865,0.7916666865,0.125
711,20,179,0.03289813921,0.8500000238,0.8000000119,0.05000001192
712,24,215,0.03660817817,0.6666666865,0.7083333135,-0.04166662693
713,17,145,0.03927375004,0.8235294223,0.7647058964,0.05882352591
714,18,162,0.0466203168,0.722222209,0.6111111045,0.1111111045
715,19,176,0.03874538839,0.6315789223,0.6315789223,0
716,20,177,0.02868579701,0.5500000119,0.6000000238,-0.05000001192
717,20,178,0.05046889186,0.5500000119,0.349999994,0.2000000179
718,22,198,0.02438783459,0.9090909362,0.9090909362,0
719,19,173,0.02293710038,0.7894737124,0.7894737124,0
720,22,203,0.05503635108,0.6363636255,0.4090909064,0.2272727191
721,21,193,0.04585663974,0.5238095522,0.380952388,0.1428571641
722,16,140,0.03700857237,0.875,0.875,0
723,10,92,0.04681263492,0.1000000015,0.1000000015,0
724,15,140,0.02295843326,0.8666666746,0.8000000119,0.06666666269
725,25,222,0.04734250158,0.6000000238,0.4799999893,0.1200000346
726,19,168,0.04185162857,0.3684210479,0.2105263174,0.1578947306
727,24,213,0.02820733376,0.9583333135,0.9166666865,0.04166662693
728,22,195,0.04109045491,0.09090909362,0.09090909362,0
729,23,212,0.04776602238,0.7391304374,0.5652173758,0.1739130616
730,24,214,0.03870808333,0.04166666791,0.04166666791,0
731,17,149,0.0437528193,0.6470588446,0.3529411852,0.2941176593
732,25,223,0.0387840569,0.7599999905,0.6399999857,0.1200000048
733,22,200,0.05103841797,0.5,0.4090909064,0.09090909362
734,19,169,0.05318356678,0.6315789223,0.4210526347,0.2105262876
735,17,154,0.04764553532,0.2941176593,0.2352941185,0.05882354081
736,18,165,0.0465481393,0.8888888955,0.6111111045,0.277777791
737,18,159,0.04045026749,0.3888888955,0.3333333433,0.05555555224
738,17,156,0.0434384346,0.470588237,0.3529411852,0.1176470518
739,19,171,0.02819440328,0.6315789223,0.4736842215,0.1578947008
740,18,157,0.04488019273,0.6666666865,0.4444444478,0.2222222388
741,16,149,0.04370049387,0.3125,0.1875,0.125
742,17,151,0.04623188451,0.8235294223,0.7647058964,0.05882352591
743,22,202,0.02414851077,1,0.9545454383,0.04545456171
744,24,212,0.04199290276,0.75,0.7916666865,-0.04166668653
745,16,145,0.04502234608,0.5,0.375,0.125
746,18,162,0.03152374551,0.5,0.4444444478,0.05555555224
747,18,164,0.02180741914,0.944444418,0.8888888955,0.05555552244
748,21,192,0.02080304921,0.9523809552,0.9047619104,0.04761904478
749,23,211,0.04623669758,0.7826086879,0.6521739364,0.1304347515
