label,class_name,total_groups,train_groups,val_groups,train_samples,val_samples,validation_status,segment,correct,recall,actual_training_exposures_to_selected_epoch
0,0000,238,214,24,214,24,covered_noisy_labels,head,22,0.9166666865348816,4280
1,0001,218,196,22,197,22,covered_noisy_labels,head,10,0.4545454680919647,3940
2,0002,181,163,18,163,19,covered_noisy_labels,head,7,0.3684210479259491,3260
3,0003,239,215,24,215,24,covered_noisy_labels,head,20,0.8333333134651184,4300
4,0004,215,193,22,193,22,covered_noisy_labels,head,19,0.8636363744735718,3860
5,0005,158,142,16,144,16,covered_noisy_labels,head,9,0.5625,2880
6,0006,187,168,19,168,19,covered_noisy_labels,head,16,0.8421052694320679,3360
7,0007,245,221,24,222,24,covered_noisy_labels,head,21,0.875,4440
8,0008,248,223,25,223,25,covered_noisy_labels,head,11,0.4399999976158142,4460
9,0009,196,176,20,176,21,covered_noisy_labels,head,16,0.761904776096344,3520
10,0010,197,177,20,180,20,covered_noisy_labels,head,14,0.699999988079071,3600
11,0011,178,160,18,160,18,covered_noisy_labels,head,16,0.8888888955116272,3200
12,0012,191,172,19,172,19,covered_noisy_labels,head,13,0.6842105388641357,3440
13,0013,165,149,16,151,16,covered_noisy_labels,head,7,0.4375,3020
14,0014,170,153,17,153,17,covered_noisy_labels,head,10,0.5882353186607361,3060
15,0015,235,211,24,211,24,covered_noisy_labels,head,20,0.8333333134651184,4220
16,0016,221,199,22,200,22,covered_noisy_labels,head,14,0.6363636255264282,4000
17,0017,159,143,16,143,16,covered_noisy_labels,head,10,0.625,2860
18,0018,244,220,24,220,24,covered_noisy_labels,head,5,0.2083333283662796,4400
19,0019,28,25,3,25,3,covered_noisy_labels,middle,0,0.0,500
20,0020,184,166,18,166,18,covered_noisy_labels,head,13,0.7222222089767456,3320
21,0021,220,198,22,198,22,covered_noisy_labels,head,13,0.5909090638160706,3960
22,0022,218,196,22,196,22,covered_noisy_labels,head,17,0.7727272510528564,3920
23,0023,194,175,19,175,19,covered_noisy_labels,head,5,0.2631579041481018,3500
24,0024,242,218,24,219,24,covered_noisy_labels,head,16,0.6666666865348816,4380
25,0025,198,178,20,178,20,covered_noisy_labels,head,16,0.800000011920929,3560
26,0026,200,180,20,180,20,covered_noisy_labels,head,11,0.550000011920929,3600
27,0027,230,207,23,207,23,covered_noisy_labels,head,22,0.95652174949646,4140
28,0028,224,202,22,202,22,covered_noisy_labels,head,10,0.4545454680919647,4040
29,0029,199,179,20,180,20,covered_noisy_labels,head,14,0.699999988079071,3600
30,0030,178,160,18,160,18,covered_noisy_labels,head,10,0.5555555820465088,3200
31,0031,182,164,18,164,18,covered_noisy_labels,head,4,0.2222222238779068,3280
32,0032,179,161,18,161,18,covered_noisy_labels,head,17,0.9444444179534912,3220
33,0033,215,193,22,194,22,covered_noisy_labels,head,21,0.9545454382896423,3880
34,0034,232,209,23,209,23,covered_noisy_labels,head,15,0.6521739363670349,4180
35,0035,229,206,23,206,23,covered_noisy_labels,head,21,0.9130434989929199,4120
36,0036,183,165,18,165,18,covered_noisy_labels,head,18,1.0,3300
37,0037,180,162,18,162,19,covered_noisy_labels,head,8,0.42105263471603394,3240
38,0038,185,167,18,167,18,covered_noisy_labels,head,14,0.7777777910232544,3340
39,0039,184,166,18,166,18,covered_noisy_labels,head,4,0.2222222238779068,3320
40,0040,212,191,21,192,21,covered_noisy_labels,head,20,0.9523809552192688,3840
41,0041,189,170,19,170,19,covered_noisy_labels,head,17,0.8947368264198303,3400
42,0042,178,160,18,160,18,covered_noisy_labels,head,8,0.4444444477558136,3200
43,0043,229,206,23,206,23,covered_noisy_labels,head,20,0.8695651888847351,4120
44,0044,226,203,23,203,23,covered_noisy_labels,head,22,0.95652174949646,4060
45,0045,248,223,25,223,25,covered_noisy_labels,head,11,0.4399999976158142,4460
46,0046,13,12,1,12,1,covered_noisy_labels,tail,0,0.0,240
47,0047,200,180,20,180,20,covered_noisy_labels,head,13,0.6499999761581421,3600
48,0048,219,197,22,197,22,covered_noisy_labels,head,7,0.3181818127632141,3940
49,0049,222,200,22,200,22,covered_noisy_labels,head,16,0.7272727489471436,4000
50,0050,163,147,16,147,16,covered_noisy_labels,head,16,1.0,2940
51,0051,196,176,20,176,20,covered_noisy_labels,head,10,0.5,3520
52,0052,227,204,23,206,23,covered_noisy_labels,head,18,0.782608687877655,4120
53,0053,211,190,21,192,21,covered_noisy_labels,head,8,0.380952388048172,3840
54,0054,215,193,22,193,22,covered_noisy_labels,head,19,0.8636363744735718,3860
55,0055,160,144,16,144,16,covered_noisy_labels,head,11,0.6875,2880
56,0056,191,172,19,173,19,covered_noisy_labels,head,16,0.8421052694320679,3460
57,0057,236,212,24,212,24,covered_noisy_labels,head,16,0.6666666865348816,4240
58,0058,121,109,12,110,12,covered_noisy_labels,head,2,0.1666666716337204,2200
59,0059,244,220,24,220,24,covered_noisy_labels,head,17,0.7083333134651184,4400
60,0060,185,167,18,167,18,covered_noisy_labels,head,13,0.7222222089767456,3340
61,0061,225,203,22,203,22,covered_noisy_labels,head,11,0.5,4060
62,0062,163,147,16,147,16,covered_noisy_labels,head,13,0.8125,2940
63,0063,230,207,23,207,23,covered_noisy_labels,head,16,0.695652186870575,4140
64,0064,187,168,19,168,19,covered_noisy_labels,head,11,0.5789473652839661,3360
65,0065,217,195,22,196,22,covered_noisy_labels,head,17,0.7727272510528564,3920
66,0066,194,175,19,175,19,covered_noisy_labels,head,17,0.8947368264198303,3500
67,0067,223,201,22,201,22,covered_noisy_labels,head,19,0.8636363744735718,4020
68,0068,246,221,25,221,25,covered_noisy_labels,head,16,0.6399999856948853,4420
69,0069,221,199,22,199,22,covered_noisy_labels,head,4,0.1818181872367859,3980
70,0070,183,165,18,165,18,covered_noisy_labels,head,14,0.7777777910232544,3300
71,0071,243,219,24,220,24,covered_noisy_labels,head,19,0.7916666865348816,4400
72,0072,167,150,17,151,17,covered_noisy_labels,head,12,0.7058823704719543,3020
73,0073,241,217,24,217,24,covered_noisy_labels,head,13,0.5416666865348816,4340
74,0074,229,206,23,206,23,covered_noisy_labels,head,9,0.3913043439388275,4120
75,0075,171,154,17,154,17,covered_noisy_labels,head,7,0.4117647111415863,3080
76,0076,217,195,22,195,22,covered_noisy_labels,head,17,0.7727272510528564,3900
77,0077,226,203,23,203,23,covered_noisy_labels,head,22,0.95652174949646,4060
78,0078,247,222,25,222,25,covered_noisy_labels,head,8,0.3199999928474426,4440
79,0079,215,193,22,193,22,covered_noisy_labels,head,19,0.8636363744735718,3860
80,0080,248,223,25,223,25,covered_noisy_labels,head,9,0.36000001430511475,4460
81,0081,159,143,16,143,16,covered_noisy_labels,head,7,0.4375,2860
82,0082,194,175,19,175,19,covered_noisy_labels,head,6,0.31578946113586426,3500
83,0083,194,175,19,175,19,covered_noisy_labels,head,1,0.05263157933950424,3500
84,0084,197,177,20,177,20,covered_noisy_labels,head,11,0.550000011920929,3540
85,0085,220,198,22,198,22,covered_noisy_labels,head,19,0.8636363744735718,3960
86,0086,181,163,18,164,18,covered_noisy_labels,head,4,0.2222222238779068,3280
87,0087,195,175,20,175,20,covered_noisy_labels,head,20,1.0,3500
88,0088,219,197,22,199,22,covered_noisy_labels,head,15,0.6818181872367859,3980
89,0089,165,149,16,150,16,covered_noisy_labels,head,14,0.875,3000
90,0090,184,166,18,166,18,covered_noisy_labels,head,16,0.8888888955116272,3320
91,0091,168,151,17,151,17,covered_noisy_labels,head,4,0.23529411852359772,3020
92,0092,179,161,18,161,18,covered_noisy_labels,head,14,0.7777777910232544,3220
93,0093,176,158,18,160,18,covered_noisy_labels,head,11,0.6111111044883728,3200
94,0094,222,200,22,200,22,covered_noisy_labels,head,16,0.7272727489471436,4000
95,0095,247,222,25,223,25,covered_noisy_labels,head,19,0.7599999904632568,4460
96,0096,199,179,20,179,20,covered_noisy_labels,head,17,0.8500000238418579,3580
97,0097,151,136,15,136,15,covered_noisy_labels,head,9,0.6000000238418579,2720
98,0098,167,150,17,150,17,covered_noisy_labels,head,16,0.9411764740943909,3000
99,0099,200,180,20,180,20,covered_noisy_labels,head,16,0.800000011920929,3600
100,0100,191,172,19,172,19,covered_noisy_labels,head,15,0.7894737124443054,3440
101,0101,187,168,19,168,19,covered_noisy_labels,head,11,0.5789473652839661,3360
102,0102,167,150,17,150,17,covered_noisy_labels,head,14,0.8235294222831726,3000
103,0103,232,209,23,209,23,covered_noisy_labels,head,20,0.8695651888847351,4180
104,0104,176,158,18,158,18,covered_noisy_labels,head,12,0.6666666865348816,3160
105,0105,240,216,24,216,24,covered_noisy_labels,head,18,0.75,4320
106,0106,240,216,24,216,24,covered_noisy_labels,head,9,0.375,4320
107,0107,194,175,19,175,20,covered_noisy_labels,head,14,0.699999988079071,3500
108,0108,169,152,17,153,17,covered_noisy_labels,head,13,0.7647058963775635,3060
109,0109,236,212,24,212,24,covered_noisy_labels,head,20,0.8333333134651184,4240
110,0110,220,198,22,199,22,covered_noisy_labels,head,19,0.8636363744735718,3980
111,0111,222,200,22,201,22,covered_noisy_labels,head,3,0.13636364042758942,4020
112,0112,234,211,23,212,23,covered_noisy_labels,head,17,0.739130437374115,4240
113,0113,181,163,18,163,18,covered_noisy_labels,head,16,0.8888888955116272,3260
114,0114,58,52,6,52,6,covered_noisy_labels,middle,0,0.0,1040
115,0115,196,176,20,176,20,covered_noisy_labels,head,15,0.75,3520
116,0116,194,175,19,176,19,covered_noisy_labels,head,8,0.42105263471603394,3520
117,0117,227,204,23,204,23,covered_noisy_labels,head,11,0.47826087474823,4080
118,0118,176,158,18,158,18,covered_noisy_labels,head,6,0.3333333432674408,3160
119,0119,173,156,17,156,17,covered_noisy_labels,head,17,1.0,3120
120,0120,243,219,24,219,24,covered_noisy_labels,head,19,0.7916666865348816,4380
121,0121,178,160,18,160,18,covered_noisy_labels,head,9,0.5,3200
122,0122,168,151,17,151,17,covered_noisy_labels,head,12,0.7058823704719543,3020
123,0123,193,174,19,175,19,covered_noisy_labels,head,13,0.6842105388641357,3500
124,0124,233,210,23,211,23,covered_noisy_labels,head,22,0.95652174949646,4220
125,0125,219,197,22,197,22,covered_noisy_labels,head,19,0.8636363744735718,3940
126,0126,231,208,23,208,24,covered_noisy_labels,head,11,0.4583333432674408,4160
127,0127,232,209,23,211,23,covered_noisy_labels,head,18,0.782608687877655,4220
128,0128,166,149,17,149,17,covered_noisy_labels,head,6,0.3529411852359772,2980
129,0129,170,153,17,156,17,covered_noisy_labels,head,12,0.7058823704719543,3120
130,0130,245,221,24,221,24,covered_noisy_labels,head,7,0.2916666567325592,4420
131,0131,242,218,24,220,24,covered_noisy_labels,head,18,0.75,4400
132,0132,170,153,17,156,17,covered_noisy_labels,head,14,0.8235294222831726,3120
133,0133,239,215,24,217,24,covered_noisy_labels,head,20,0.8333333134651184,4340
134,0134,189,170,19,175,19,covered_noisy_labels,head,8,0.42105263471603394,3500
135,0135,199,179,20,179,20,covered_noisy_labels,head,9,0.44999998807907104,3580
136,0136,230,207,23,207,23,covered_noisy_labels,head,16,0.695652186870575,4140
137,0137,161,145,16,145,16,covered_noisy_labels,head,15,0.9375,2900
138,0138,177,159,18,160,18,covered_noisy_labels,head,13,0.7222222089767456,3200
139,0139,218,196,22,196,22,covered_noisy_labels,head,9,0.40909090638160706,3920
140,0140,215,193,22,195,23,covered_noisy_labels,head,9,0.3913043439388275,3900
141,0141,189,170,19,170,19,covered_noisy_labels,head,2,0.10526315867900848,3400
142,0142,239,215,24,216,24,covered_noisy_labels,head,11,0.4583333432674408,4320
143,0143,196,176,20,176,20,covered_noisy_labels,head,17,0.8500000238418579,3520
144,0144,159,143,16,143,16,covered_noisy_labels,head,5,0.3125,2860
145,0145,91,82,9,82,9,covered_noisy_labels,middle,2,0.2222222238779068,1640
146,0146,220,198,22,199,22,covered_noisy_labels,head,20,0.9090909361839294,3980
147,0147,189,170,19,170,19,covered_noisy_labels,head,13,0.6842105388641357,3400
148,0148,171,154,17,154,17,covered_noisy_labels,head,9,0.529411792755127,3080
149,0149,236,212,24,212,24,covered_noisy_labels,head,16,0.6666666865348816,4240
150,0150,221,199,22,199,22,covered_noisy_labels,head,19,0.8636363744735718,3980
151,0151,195,175,20,175,20,covered_noisy_labels,head,11,0.550000011920929,3500
152,0152,156,140,16,140,16,covered_noisy_labels,head,7,0.4375,2800
153,0153,180,162,18,164,19,covered_noisy_labels,head,13,0.6842105388641357,3280
154,0154,159,143,16,144,16,covered_noisy_labels,head,14,0.875,2880
155,0155,222,200,22,202,22,covered_noisy_labels,head,11,0.5,4040
156,0156,224,202,22,202,22,covered_noisy_labels,head,15,0.6818181872367859,4040
157,0157,236,212,24,212,24,covered_noisy_labels,head,15,0.625,4240
158,0158,221,199,22,199,22,covered_noisy_labels,head,9,0.40909090638160706,3980
159,0159,188,169,19,171,19,covered_noisy_labels,head,18,0.9473684430122375,3420
160,0160,238,214,24,214,24,covered_noisy_labels,head,21,0.875,4280
161,0161,178,160,18,160,18,covered_noisy_labels,head,14,0.7777777910232544,3200
162,0162,233,210,23,210,23,covered_noisy_labels,head,8,0.3478260934352875,4200
163,0163,153,138,15,138,15,covered_noisy_labels,head,9,0.6000000238418579,2760
164,0164,227,204,23,204,23,covered_noisy_labels,head,18,0.782608687877655,4080
165,0165,223,201,22,202,22,covered_noisy_labels,head,19,0.8636363744735718,4040
166,0166,196,176,20,177,20,covered_noisy_labels,head,10,0.5,3540
167,0167,227,204,23,204,23,covered_noisy_labels,head,8,0.3478260934352875,4080
168,0168,239,215,24,215,24,covered_noisy_labels,head,15,0.625,4300
169,0169,234,211,23,211,23,covered_noisy_labels,head,20,0.8695651888847351,4220
170,0170,187,168,19,168,19,covered_noisy_labels,head,16,0.8421052694320679,3360
171,0171,246,221,25,222,25,covered_noisy_labels,head,10,0.4000000059604645,4440
172,0172,246,221,25,221,25,covered_noisy_labels,head,6,0.23999999463558197,4420
173,0173,211,190,21,191,22,covered_noisy_labels,head,22,1.0,3820
174,0174,194,175,19,176,19,covered_noisy_labels,head,5,0.2631579041481018,3520
175,0175,212,191,21,192,21,covered_noisy_labels,head,17,0.8095238208770752,3840
176,0176,165,149,16,149,16,covered_noisy_labels,head,13,0.8125,2980
177,0177,221,199,22,199,22,covered_noisy_labels,head,13,0.5909090638160706,3980
178,0178,168,151,17,151,17,covered_noisy_labels,head,12,0.7058823704719543,3020
179,0179,224,202,22,202,22,covered_noisy_labels,head,6,0.27272728085517883,4040
180,0180,231,208,23,209,23,covered_noisy_labels,head,20,0.8695651888847351,4180
181,0181,228,205,23,205,23,covered_noisy_labels,head,8,0.3478260934352875,4100
182,0182,228,205,23,208,25,covered_noisy_labels,head,16,0.6399999856948853,4160
183,0183,5,4,1,4,1,covered_noisy_labels,tail,0,0.0,80
184,0184,237,213,24,214,24,covered_noisy_labels,head,20,0.8333333134651184,4280
185,0185,166,149,17,150,17,covered_noisy_labels,head,14,0.8235294222831726,3000
186,0186,177,159,18,160,18,covered_noisy_labels,head,12,0.6666666865348816,3200
187,0187,189,170,19,170,19,covered_noisy_labels,head,6,0.31578946113586426,3400
188,0188,182,164,18,164,18,covered_noisy_labels,head,5,0.2777777910232544,3280
189,0189,187,168,19,168,19,covered_noisy_labels,head,9,0.4736842215061188,3360
190,0190,236,212,24,213,24,covered_noisy_labels,head,23,0.9583333134651184,4260
191,0191,247,222,25,222,25,covered_noisy_labels,head,12,0.47999998927116394,4440
192,0192,228,205,23,205,23,covered_noisy_labels,head,22,0.95652174949646,4100
193,0193,167,150,17,150,17,covered_noisy_labels,head,12,0.7058823704719543,3000
194,0194,215,193,22,193,22,covered_noisy_labels,head,16,0.7272727489471436,3860
195,0195,197,177,20,177,20,covered_noisy_labels,head,17,0.8500000238418579,3540
196,0196,244,220,24,221,24,covered_noisy_labels,head,3,0.125,4420
197,0197,167,150,17,150,17,covered_noisy_labels,head,10,0.5882353186607361,3000
198,0198,241,217,24,217,24,covered_noisy_labels,head,20,0.8333333134651184,4340
199,0199,231,208,23,208,23,covered_noisy_labels,head,17,0.739130437374115,4160
200,0200,186,167,19,167,19,covered_noisy_labels,head,14,0.7368420958518982,3340
201,0201,244,220,24,220,24,covered_noisy_labels,head,21,0.875,4400
202,0202,232,209,23,209,23,covered_noisy_labels,head,11,0.47826087474823,4180
203,0203,242,218,24,218,24,covered_noisy_labels,head,11,0.4583333432674408,4360
204,0204,216,194,22,194,22,covered_noisy_labels,head,15,0.6818181872367859,3880
205,0205,163,147,16,147,16,covered_noisy_labels,head,8,0.5,2940
206,0206,246,221,25,222,25,covered_noisy_labels,head,17,0.6800000071525574,4440
207,0207,237,213,24,213,24,covered_noisy_labels,head,19,0.7916666865348816,4260
208,0208,170,153,17,153,17,covered_noisy_labels,head,15,0.8823529481887817,3060
209,0209,177,159,18,159,19,covered_noisy_labels,head,11,0.5789473652839661,3180
210,0210,180,162,18,162,18,covered_noisy_labels,head,15,0.8333333134651184,3240
211,0211,185,167,18,167,18,covered_noisy_labels,head,10,0.5555555820465088,3340
212,0212,161,145,16,145,16,covered_noisy_labels,head,11,0.6875,2900
213,0213,180,162,18,162,18,covered_noisy_labels,head,5,0.2777777910232544,3240
214,0214,197,177,20,178,20,covered_noisy_labels,head,17,0.8500000238418579,3560
215,0215,224,202,22,202,22,covered_noisy_labels,head,20,0.9090909361839294,4040
216,0216,176,158,18,158,18,covered_noisy_labels,head,7,0.3888888955116272,3160
217,0217,242,218,24,220,24,covered_noisy_labels,head,19,0.7916666865348816,4400
218,0218,221,199,22,200,22,covered_noisy_labels,head,12,0.5454545617103577,4000
219,0219,192,173,19,174,19,covered_noisy_labels,head,13,0.6842105388641357,3480
220,0220,213,192,21,193,21,covered_noisy_labels,head,5,0.2380952388048172,3860
221,0221,191,172,19,172,19,covered_noisy_labels,head,12,0.6315789222717285,3440
222,0222,163,147,16,148,16,covered_noisy_labels,head,15,0.9375,2960
223,0223,216,194,22,194,22,covered_noisy_labels,head,21,0.9545454382896423,3880
224,0224,220,198,22,198,22,covered_noisy_labels,head,15,0.6818181872367859,3960
225,0225,155,139,16,140,16,covered_noisy_labels,head,9,0.5625,2800
226,0226,221,199,22,202,22,covered_noisy_labels,head,17,0.7727272510528564,4040
227,0227,227,204,23,204,23,covered_noisy_labels,head,23,1.0,4080
228,0228,226,203,23,204,23,covered_noisy_labels,head,12,0.52173912525177,4080
229,0229,163,147,16,147,16,covered_noisy_labels,head,7,0.4375,2940
230,0230,217,195,22,195,22,covered_noisy_labels,head,18,0.8181818127632141,3900
231,0231,166,149,17,149,17,covered_noisy_labels,head,14,0.8235294222831726,2980
232,0232,199,179,20,179,20,covered_noisy_labels,head,1,0.05000000074505806,3580
233,0233,230,207,23,207,23,covered_noisy_labels,head,16,0.695652186870575,4140
234,0234,231,208,23,208,23,covered_noisy_labels,head,16,0.695652186870575,4160
235,0235,225,203,22,203,22,covered_noisy_labels,head,14,0.6363636255264282,4060
236,0236,218,196,22,196,22,covered_noisy_labels,head,5,0.22727273404598236,3920
237,0237,151,136,15,136,15,covered_noisy_labels,head,6,0.4000000059604645,2720
238,0238,181,163,18,163,18,covered_noisy_labels,head,5,0.2777777910232544,3260
239,0239,221,199,22,199,22,covered_noisy_labels,head,10,0.4545454680919647,3980
240,0240,234,211,23,214,23,covered_noisy_labels,head,21,0.9130434989929199,4280
241,0241,178,160,18,160,18,covered_noisy_labels,head,12,0.6666666865348816,3200
242,0242,186,167,19,167,19,covered_noisy_labels,head,13,0.6842105388641357,3340
243,0243,239,215,24,215,24,covered_noisy_labels,head,11,0.4583333432674408,4300
244,0244,172,155,17,156,17,covered_noisy_labels,head,14,0.8235294222831726,3120
245,0245,188,169,19,170,19,covered_noisy_labels,head,14,0.7368420958518982,3400
246,0246,239,215,24,215,24,covered_noisy_labels,head,4,0.1666666716337204,4300
247,0247,223,201,22,201,22,covered_noisy_labels,head,6,0.27272728085517883,4020
248,0248,244,220,24,220,24,covered_noisy_labels,head,22,0.9166666865348816,4400
249,0249,191,172,19,173,19,covered_noisy_labels,head,13,0.6842105388641357,3460
250,0250,190,171,19,173,19,covered_noisy_labels,head,17,0.8947368264198303,3460
251,0251,155,139,16,139,16,covered_noisy_labels,head,16,1.0,2780
252,0252,231,208,23,208,23,covered_noisy_labels,head,16,0.695652186870575,4160
253,0253,227,204,23,204,23,covered_noisy_labels,head,18,0.782608687877655,4080
254,0254,188,169,19,170,19,covered_noisy_labels,head,14,0.7368420958518982,3400
255,0255,172,155,17,155,17,covered_noisy_labels,head,8,0.47058823704719543,3100
256,0256,158,142,16,142,16,covered_noisy_labels,head,11,0.6875,2840
257,0257,230,207,23,207,23,covered_noisy_labels,head,18,0.782608687877655,4140
258,0258,194,175,19,175,19,covered_noisy_labels,head,13,0.6842105388641357,3500
259,0259,239,215,24,216,24,covered_noisy_labels,head,15,0.625,4320
260,0260,219,197,22,197,22,covered_noisy_labels,head,15,0.6818181872367859,3940
261,0261,241,217,24,217,25,covered_noisy_labels,head,25,1.0,4340
262,0262,213,192,21,193,21,covered_noisy_labels,head,12,0.5714285969734192,3860
263,0263,161,145,16,145,16,covered_noisy_labels,head,11,0.6875,2900
264,0264,158,142,16,142,16,covered_noisy_labels,head,1,0.0625,2840
265,0265,227,204,23,204,23,covered_noisy_labels,head,0,0.0,4080
266,0266,173,156,17,157,17,covered_noisy_labels,head,11,0.6470588445663452,3140
267,0267,246,221,25,221,25,covered_noisy_labels,head,21,0.8399999737739563,4420
268,0268,177,159,18,159,18,covered_noisy_labels,head,4,0.2222222238779068,3180
269,0269,232,209,23,212,23,covered_noisy_labels,head,11,0.47826087474823,4240
270,0270,163,147,16,147,16,covered_noisy_labels,head,3,0.1875,2940
271,0271,188,169,19,169,19,covered_noisy_labels,head,13,0.6842105388641357,3380
272,0272,150,135,15,136,15,covered_noisy_labels,head,8,0.5333333611488342,2720
273,0273,172,155,17,156,17,covered_noisy_labels,head,6,0.3529411852359772,3120
274,0274,159,143,16,143,16,covered_noisy_labels,head,5,0.3125,2860
275,0275,164,148,16,148,16,covered_noisy_labels,head,10,0.625,2960
276,0276,243,219,24,219,24,covered_noisy_labels,head,22,0.9166666865348816,4380
277,0277,237,213,24,214,24,covered_noisy_labels,head,21,0.875,4280
278,0278,162,146,16,146,16,covered_noisy_labels,head,11,0.6875,2920
279,0279,226,203,23,203,23,covered_noisy_labels,head,15,0.6521739363670349,4060
280,0280,150,135,15,136,15,covered_noisy_labels,head,10,0.6666666865348816,2720
281,0281,196,176,20,176,20,covered_noisy_labels,head,18,0.8999999761581421,3520
282,0282,183,165,18,165,18,covered_noisy_labels,head,14,0.7777777910232544,3300
283,0283,221,199,22,199,22,covered_noisy_labels,head,21,0.9545454382896423,3980
284,0284,152,137,15,137,15,covered_noisy_labels,head,6,0.4000000059604645,2740
285,0285,159,143,16,144,16,covered_noisy_labels,head,12,0.75,2880
286,0286,239,215,24,215,24,covered_noisy_labels,head,12,0.5,4300
287,0287,236,212,24,212,25,covered_noisy_labels,head,22,0.8799999952316284,4240
288,0288,229,206,23,207,23,covered_noisy_labels,head,20,0.8695651888847351,4140
289,0289,222,200,22,200,22,covered_noisy_labels,head,21,0.9545454382896423,4000
290,0290,217,195,22,196,22,covered_noisy_labels,head,14,0.6363636255264282,3920
291,0291,161,145,16,145,16,covered_noisy_labels,head,7,0.4375,2900
292,0292,223,201,22,201,22,covered_noisy_labels,head,7,0.3181818127632141,4020
293,0293,228,205,23,205,23,covered_noisy_labels,head,20,0.8695651888847351,4100
294,0294,194,175,19,175,19,covered_noisy_labels,head,18,0.9473684430122375,3500
295,0295,236,212,24,212,24,covered_noisy_labels,head,22,0.9166666865348816,4240
296,0296,197,177,20,177,20,covered_noisy_labels,head,17,0.8500000238418579,3540
297,0297,212,191,21,192,21,covered_noisy_labels,head,18,0.8571428656578064,3840
298,0298,193,174,19,174,19,covered_noisy_labels,head,16,0.8421052694320679,3480
299,0299,157,141,16,141,16,covered_noisy_labels,head,14,0.875,2820
300,0300,227,204,23,205,23,covered_noisy_labels,head,12,0.52173912525177,4100
301,0301,165,149,16,149,16,covered_noisy_labels,head,16,1.0,2980
302,0302,239,215,24,215,24,covered_noisy_labels,head,22,0.9166666865348816,4300
303,0303,220,198,22,198,22,covered_noisy_labels,head,12,0.5454545617103577,3960
304,0304,145,131,14,131,14,covered_noisy_labels,head,4,0.2857142984867096,2620
305,0305,31,28,3,28,3,covered_noisy_labels,middle,0,0.0,560
306,0306,222,200,22,200,22,covered_noisy_labels,head,17,0.7727272510528564,4000
307,0307,175,157,18,159,18,covered_noisy_labels,head,1,0.0555555559694767,3180
308,0308,172,155,17,155,17,covered_noisy_labels,head,2,0.11764705926179886,3100
309,0309,193,174,19,177,20,covered_noisy_labels,head,14,0.699999988079071,3540
310,0310,230,207,23,207,23,covered_noisy_labels,head,12,0.52173912525177,4140
311,0311,165,149,16,149,16,covered_noisy_labels,head,13,0.8125,2980
312,0312,177,159,18,159,18,covered_noisy_labels,head,11,0.6111111044883728,3180
313,0313,189,170,19,170,19,covered_noisy_labels,head,5,0.2631579041481018,3400
314,0314,219,197,22,198,22,covered_noisy_labels,head,8,0.3636363744735718,3960
315,0315,197,177,20,177,20,covered_noisy_labels,head,12,0.6000000238418579,3540
316,0316,218,196,22,196,22,covered_noisy_labels,head,13,0.5909090638160706,3920
317,0317,153,138,15,138,15,covered_noisy_labels,head,10,0.6666666865348816,2760
318,0318,119,107,12,107,12,covered_noisy_labels,head,0,0.0,2140
319,0319,216,194,22,194,22,covered_noisy_labels,head,15,0.6818181872367859,3880
320,0320,240,216,24,216,24,covered_noisy_labels,head,15,0.625,4320
321,0321,188,169,19,169,19,covered_noisy_labels,head,13,0.6842105388641357,3380
322,0322,188,169,19,169,19,covered_noisy_labels,head,18,0.9473684430122375,3380
323,0323,196,176,20,176,20,covered_noisy_labels,head,20,1.0,3520
324,0324,124,112,12,112,12,covered_noisy_labels,head,0,0.0,2240
325,0325,200,180,20,180,20,covered_noisy_labels,head,18,0.8999999761581421,3600
326,0326,188,169,19,170,19,covered_noisy_labels,head,8,0.42105263471603394,3400
327,0327,247,222,25,222,25,covered_noisy_labels,head,16,0.6399999856948853,4440
328,0328,190,171,19,172,19,covered_noisy_labels,head,18,0.9473684430122375,3440
329,0329,235,211,24,211,24,covered_noisy_labels,head,9,0.375,4220
330,0330,79,71,8,71,8,covered_noisy_labels,middle,4,0.5,1420
331,0331,232,209,23,209,24,covered_noisy_labels,head,18,0.75,4180
332,0332,169,152,17,153,17,covered_noisy_labels,head,7,0.4117647111415863,3060
333,0333,187,168,19,168,19,covered_noisy_labels,head,13,0.6842105388641357,3360
334,0334,198,178,20,179,21,covered_noisy_labels,head,16,0.761904776096344,3580
335,0335,158,142,16,142,16,covered_noisy_labels,head,6,0.375,2840
336,0336,165,149,16,149,16,covered_noisy_labels,head,12,0.75,2980
337,0337,171,154,17,155,17,covered_noisy_labels,head,15,0.8823529481887817,3100
338,0338,199,179,20,179,20,covered_noisy_labels,head,19,0.949999988079071,3580
339,0339,235,211,24,211,24,covered_noisy_labels,head,18,0.75,4220
340,0340,200,180,20,180,20,covered_noisy_labels,head,14,0.699999988079071,3600
341,0341,149,134,15,136,15,covered_noisy_labels,head,14,0.9333333373069763,2720
342,0342,234,211,23,211,23,covered_noisy_labels,head,20,0.8695651888847351,4220
343,0343,179,161,18,161,18,covered_noisy_labels,head,9,0.5,3220
344,0344,227,204,23,204,23,covered_noisy_labels,head,10,0.43478259444236755,4080
345,0345,191,172,19,172,19,covered_noisy_labels,head,7,0.3684210479259491,3440
346,0346,162,146,16,146,16,covered_noisy_labels,head,10,0.625,2920
347,0347,198,178,20,178,20,covered_noisy_labels,head,15,0.75,3560
348,0348,215,193,22,194,23,covered_noisy_labels,head,20,0.8695651888847351,3880
349,0349,224,202,22,203,22,covered_noisy_labels,head,15,0.6818181872367859,4060
350,0350,175,157,18,157,18,covered_noisy_labels,head,15,0.8333333134651184,3140
351,0351,229,206,23,208,23,covered_noisy_labels,head,18,0.782608687877655,4160
352,0352,153,138,15,141,16,covered_noisy_labels,head,5,0.3125,2820
353,0353,200,180,20,180,20,covered_noisy_labels,head,11,0.550000011920929,3600
354,0354,215,193,22,193,22,covered_noisy_labels,head,20,0.9090909361839294,3860
355,0355,162,146,16,146,16,covered_noisy_labels,head,12,0.75,2920
356,0356,220,198,22,198,22,covered_noisy_labels,head,20,0.9090909361839294,3960
357,0357,240,216,24,216,24,covered_noisy_labels,head,22,0.9166666865348816,4320
358,0358,193,174,19,174,19,covered_noisy_labels,head,16,0.8421052694320679,3480
359,0359,241,217,24,217,24,covered_noisy_labels,head,6,0.25,4340
360,0360,186,167,19,168,19,covered_noisy_labels,head,15,0.7894737124443054,3360
361,0361,150,135,15,135,15,covered_noisy_labels,head,5,0.3333333432674408,2700
362,0362,238,214,24,214,24,covered_noisy_labels,head,13,0.5416666865348816,4280
363,0363,240,216,24,217,24,covered_noisy_labels,head,16,0.6666666865348816,4340
364,0364,245,221,24,221,24,covered_noisy_labels,head,1,0.0416666679084301,4420
365,0365,192,173,19,173,19,covered_noisy_labels,head,11,0.5789473652839661,3460
366,0366,236,212,24,212,24,covered_noisy_labels,head,9,0.375,4240
367,0367,228,205,23,206,23,covered_noisy_labels,head,21,0.9130434989929199,4120
368,0368,218,196,22,197,22,covered_noisy_labels,head,17,0.7727272510528564,3940
369,0369,245,221,24,223,24,covered_noisy_labels,head,18,0.75,4460
370,0370,154,139,15,139,15,covered_noisy_labels,head,7,0.46666666865348816,2780
371,0371,173,156,17,156,17,covered_noisy_labels,head,13,0.7647058963775635,3120
372,0372,225,203,22,203,22,covered_noisy_labels,head,9,0.40909090638160706,4060
373,0373,174,157,17,157,17,covered_noisy_labels,head,10,0.5882353186607361,3140
374,0374,191,172,19,173,19,covered_noisy_labels,head,10,0.5263158082962036,3460
375,0375,155,139,16,139,16,covered_noisy_labels,head,15,0.9375,2780
376,0376,231,208,23,208,23,covered_noisy_labels,head,16,0.695652186870575,4160
377,0377,184,166,18,166,18,covered_noisy_labels,head,12,0.6666666865348816,3320
378,0378,156,140,16,140,16,covered_noisy_labels,head,8,0.5,2800
379,0379,154,139,15,139,15,covered_noisy_labels,head,11,0.7333333492279053,2780
380,0380,247,222,25,222,25,covered_noisy_labels,head,13,0.5199999809265137,4440
381,0381,187,168,19,169,19,covered_noisy_labels,head,10,0.5263158082962036,3380
382,0382,186,167,19,167,19,covered_noisy_labels,head,12,0.6315789222717285,3340
383,0383,195,175,20,176,20,covered_noisy_labels,head,3,0.15000000596046448,3520
384,0384,174,157,17,157,17,covered_noisy_labels,head,4,0.23529411852359772,3140
385,0385,189,170,19,170,19,covered_noisy_labels,head,12,0.6315789222717285,3400
386,0386,159,143,16,144,16,covered_noisy_labels,head,6,0.375,2880
387,0387,157,141,16,141,16,covered_noisy_labels,head,12,0.75,2820
388,0388,233,210,23,210,23,covered_noisy_labels,head,11,0.47826087474823,4200
389,0389,153,138,15,138,15,covered_noisy_labels,head,7,0.46666666865348816,2760
390,0390,221,199,22,199,22,covered_noisy_labels,head,12,0.5454545617103577,3980
391,0391,176,158,18,158,18,covered_noisy_labels,head,18,1.0,3160
392,0392,192,173,19,173,19,covered_noisy_labels,head,10,0.5263158082962036,3460
393,0393,180,162,18,163,18,covered_noisy_labels,head,7,0.3888888955116272,3260
394,0394,197,177,20,179,20,covered_noisy_labels,head,13,0.6499999761581421,3580
395,0395,221,199,22,203,22,covered_noisy_labels,head,22,1.0,4060
396,0396,222,200,22,201,22,covered_noisy_labels,head,5,0.22727273404598236,4020
397,0397,216,194,22,194,22,covered_noisy_labels,head,14,0.6363636255264282,3880
398,0398,185,167,18,168,18,covered_noisy_labels,head,14,0.7777777910232544,3360
399,0399,215,193,22,193,22,covered_noisy_labels,head,17,0.7727272510528564,3860
400,0400,153,138,15,138,15,covered_noisy_labels,head,7,0.46666666865348816,2760
401,0401,226,203,23,203,23,covered_noisy_labels,head,20,0.8695651888847351,4060
402,0402,246,221,25,221,25,covered_noisy_labels,head,11,0.4399999976158142,4420
403,0403,215,193,22,193,22,covered_noisy_labels,head,10,0.4545454680919647,3860
404,0404,171,154,17,154,17,covered_noisy_labels,head,11,0.6470588445663452,3080
405,0405,162,146,16,146,16,covered_noisy_labels,head,9,0.5625,2920
406,0406,170,153,17,153,17,covered_noisy_labels,head,16,0.9411764740943909,3060
407,0407,99,89,10,89,10,covered_noisy_labels,middle,1,0.10000000149011612,1780
408,0408,223,201,22,201,22,covered_noisy_labels,head,13,0.5909090638160706,4020
409,0409,177,159,18,161,18,covered_noisy_labels,head,13,0.7222222089767456,3220
410,0410,156,140,16,140,16,covered_noisy_labels,head,13,0.8125,2800
411,0411,228,205,23,205,23,covered_noisy_labels,head,12,0.52173912525177,4100
412,0412,217,195,22,195,22,covered_noisy_labels,head,16,0.7272727489471436,3900
413,0413,22,20,2,20,2,covered_noisy_labels,middle,0,0.0,400
414,0414,177,159,18,159,18,covered_noisy_labels,head,15,0.8333333134651184,3180
415,0415,157,141,16,141,16,covered_noisy_labels,head,15,0.9375,2820
416,0416,241,217,24,217,24,covered_noisy_labels,head,12,0.5,4340
417,0417,172,155,17,155,17,covered_noisy_labels,head,12,0.7058823704719543,3100
418,0418,150,135,15,135,15,covered_noisy_labels,head,11,0.7333333492279053,2700
419,0419,233,210,23,211,23,covered_noisy_labels,head,17,0.739130437374115,4220
420,0420,188,169,19,169,19,covered_noisy_labels,head,14,0.7368420958518982,3380
421,0421,245,221,24,221,24,covered_noisy_labels,head,22,0.9166666865348816,4420
422,0422,173,156,17,156,17,covered_noisy_labels,head,12,0.7058823704719543,3120
423,0423,225,203,22,203,22,covered_noisy_labels,head,17,0.7727272510528564,4060
424,0424,190,171,19,171,19,covered_noisy_labels,head,8,0.42105263471603394,3420
425,0425,193,174,19,174,19,covered_noisy_labels,head,19,1.0,3480
426,0426,226,203,23,203,23,covered_noisy_labels,head,7,0.30434781312942505,4060
427,0427,247,222,25,222,25,covered_noisy_labels,head,17,0.6800000071525574,4440
428,0428,176,158,18,158,18,covered_noisy_labels,head,14,0.7777777910232544,3160
429,0429,231,208,23,210,23,covered_noisy_labels,head,9,0.3913043439388275,4200
430,0430,231,208,23,210,23,covered_noisy_labels,head,14,0.6086956262588501,4200
431,0431,141,127,14,127,14,covered_noisy_labels,head,4,0.2857142984867096,2540
432,0432,227,204,23,206,24,covered_noisy_labels,head,5,0.2083333283662796,4120
433,0433,169,152,17,152,17,covered_noisy_labels,head,16,0.9411764740943909,3040
434,0434,245,221,24,221,24,covered_noisy_labels,head,18,0.75,4420
435,0435,190,171,19,171,19,covered_noisy_labels,head,16,0.8421052694320679,3420
436,0436,163,147,16,147,16,covered_noisy_labels,head,3,0.1875,2940
437,0437,178,160,18,160,18,covered_noisy_labels,head,15,0.8333333134651184,3200
438,0438,229,206,23,207,23,covered_noisy_labels,head,13,0.5652173757553101,4140
439,0439,220,198,22,198,22,covered_noisy_labels,head,18,0.8181818127632141,3960
440,0440,188,169,19,169,19,covered_noisy_labels,head,14,0.7368420958518982,3380
441,0441,213,192,21,193,21,covered_noisy_labels,head,14,0.6666666865348816,3860
442,0442,182,164,18,164,18,covered_noisy_labels,head,13,0.7222222089767456,3280
443,0443,169,152,17,152,17,covered_noisy_labels,head,15,0.8823529481887817,3040
444,0444,192,173,19,173,19,covered_noisy_labels,head,18,0.9473684430122375,3460
445,0445,195,175,20,176,20,covered_noisy_labels,head,15,0.75,3520
446,0446,228,205,23,205,23,covered_noisy_labels,head,12,0.52173912525177,4100
447,0447,194,175,19,175,19,covered_noisy_labels,head,18,0.9473684430122375,3500
448,0448,244,220,24,221,24,covered_noisy_labels,head,18,0.75,4420
449,0449,198,178,20,178,20,covered_noisy_labels,head,17,0.8500000238418579,3560
450,0450,242,218,24,218,24,covered_noisy_labels,head,14,0.5833333134651184,4360
451,0451,238,214,24,214,24,covered_noisy_labels,head,13,0.5416666865348816,4280
452,0452,179,161,18,161,18,covered_noisy_labels,head,12,0.6666666865348816,3220
453,0453,179,161,18,161,18,covered_noisy_labels,head,12,0.6666666865348816,3220
454,0454,233,210,23,210,23,covered_noisy_labels,head,15,0.6521739363670349,4200
455,0455,193,174,19,174,19,covered_noisy_labels,head,15,0.7894737124443054,3480
456,0456,241,217,24,218,24,covered_noisy_labels,head,7,0.2916666567325592,4360
457,0457,238,214,24,215,25,covered_noisy_labels,head,17,0.6800000071525574,4300
458,0458,139,125,14,125,14,covered_noisy_labels,head,7,0.5,2500
459,0459,183,165,18,165,19,covered_noisy_labels,head,12,0.6315789222717285,3300
460,0460,232,209,23,209,23,covered_noisy_labels,head,13,0.5652173757553101,4180
461,0461,217,195,22,195,22,covered_noisy_labels,head,17,0.7727272510528564,3900
462,0462,231,208,23,208,23,covered_noisy_labels,head,20,0.8695651888847351,4160
463,0463,217,195,22,195,22,covered_noisy_labels,head,11,0.5,3900
464,0464,183,165,18,165,18,covered_noisy_labels,head,11,0.6111111044883728,3300
465,0465,196,176,20,176,20,covered_noisy_labels,head,20,1.0,3520
466,0466,217,195,22,195,22,covered_noisy_labels,head,15,0.6818181872367859,3900
467,0467,195,175,20,175,20,covered_noisy_labels,head,4,0.20000000298023224,3500
468,0468,217,195,22,196,22,covered_noisy_labels,head,21,0.9545454382896423,3920
469,0469,232,209,23,209,23,covered_noisy_labels,head,10,0.43478259444236755,4180
470,0470,197,177,20,177,20,covered_noisy_labels,head,18,0.8999999761581421,3540
471,0471,212,191,21,193,21,covered_noisy_labels,head,11,0.523809552192688,3860
472,0472,242,218,24,218,24,covered_noisy_labels,head,18,0.75,4360
473,0473,235,211,24,211,24,covered_noisy_labels,head,12,0.5,4220
474,0474,163,147,16,147,16,covered_noisy_labels,head,10,0.625,2940
475,0475,192,173,19,173,19,covered_noisy_labels,head,3,0.15789473056793213,3460
476,0476,217,195,22,195,22,covered_noisy_labels,head,14,0.6363636255264282,3900
477,0477,198,178,20,178,20,covered_noisy_labels,head,17,0.8500000238418579,3560
478,0478,217,195,22,195,22,covered_noisy_labels,head,14,0.6363636255264282,3900
479,0479,184,166,18,167,18,covered_noisy_labels,head,10,0.5555555820465088,3340
480,0480,159,143,16,143,16,covered_noisy_labels,head,14,0.875,2860
481,0481,184,166,18,166,18,covered_noisy_labels,head,14,0.7777777910232544,3320
482,0482,228,205,23,205,23,covered_noisy_labels,head,11,0.47826087474823,4100
483,0483,247,222,25,222,25,covered_noisy_labels,head,6,0.23999999463558197,4440
484,0484,237,213,24,213,24,covered_noisy_labels,head,8,0.3333333432674408,4260
485,0485,199,179,20,179,20,covered_noisy_labels,head,5,0.25,3580
486,0486,190,171,19,171,19,covered_noisy_labels,head,15,0.7894737124443054,3420
487,0487,161,145,16,145,16,covered_noisy_labels,head,6,0.375,2900
488,0488,189,170,19,171,19,covered_noisy_labels,head,16,0.8421052694320679,3420
489,0489,193,174,19,174,19,covered_noisy_labels,head,18,0.9473684430122375,3480
490,0490,180,162,18,162,18,covered_noisy_labels,head,5,0.2777777910232544,3240
491,0491,226,203,23,203,23,covered_noisy_labels,head,12,0.52173912525177,4060
492,0492,229,206,23,207,23,covered_noisy_labels,head,6,0.260869562625885,4140
493,0493,212,191,21,191,22,covered_noisy_labels,head,11,0.5,3820
494,0494,223,201,22,201,22,covered_noisy_labels,head,18,0.8181818127632141,4020
495,0495,188,169,19,169,19,covered_noisy_labels,head,10,0.5263158082962036,3380
496,0496,241,217,24,219,24,covered_noisy_labels,head,19,0.7916666865348816,4380
497,0497,183,165,18,166,18,covered_noisy_labels,head,12,0.6666666865348816,3320
498,0498,129,116,13,116,13,covered_noisy_labels,head,10,0.7692307829856873,2320
499,0499,234,211,23,211,23,covered_noisy_labels,head,20,0.8695651888847351,4220
500,0500,234,211,23,212,23,covered_noisy_labels,head,9,0.3913043439388275,4240
501,0501,190,171,19,171,19,covered_noisy_labels,head,15,0.7894737124443054,3420
502,0502,242,218,24,219,24,covered_noisy_labels,head,14,0.5833333134651184,4380
503,0503,192,173,19,173,19,covered_noisy_labels,head,16,0.8421052694320679,3460
504,0504,230,207,23,209,23,covered_noisy_labels,head,4,0.17391304671764374,4180
505,0505,182,164,18,164,18,covered_noisy_labels,head,16,0.8888888955116272,3280
506,0506,219,197,22,197,22,covered_noisy_labels,head,16,0.7272727489471436,3940
507,0507,158,142,16,142,16,covered_noisy_labels,head,13,0.8125,2840
508,0508,174,157,17,157,17,covered_noisy_labels,head,7,0.4117647111415863,3140
509,0509,241,217,24,217,24,covered_noisy_labels,head,17,0.7083333134651184,4340
510,0510,224,202,22,202,22,covered_noisy_labels,head,17,0.7727272510528564,4040
511,0511,160,144,16,145,16,covered_noisy_labels,head,13,0.8125,2900
512,0512,172,155,17,155,17,covered_noisy_labels,head,17,1.0,3100
513,0513,228,205,23,205,23,covered_noisy_labels,head,20,0.8695651888847351,4100
514,0514,185,167,18,167,18,covered_noisy_labels,head,14,0.7777777910232544,3340
515,0515,154,139,15,139,15,covered_noisy_labels,head,14,0.9333333373069763,2780
516,0516,190,171,19,172,19,covered_noisy_labels,head,11,0.5789473652839661,3440
517,0517,177,159,18,159,18,covered_noisy_labels,head,11,0.6111111044883728,3180
518,0518,186,167,19,167,19,covered_noisy_labels,head,15,0.7894737124443054,3340
519,0519,218,196,22,197,22,covered_noisy_labels,head,15,0.6818181872367859,3940
520,0520,229,206,23,206,23,covered_noisy_labels,head,20,0.8695651888847351,4120
521,0521,198,178,20,178,20,covered_noisy_labels,head,18,0.8999999761581421,3560
522,0522,227,204,23,204,23,covered_noisy_labels,head,12,0.52173912525177,4080
523,0523,215,193,22,193,22,covered_noisy_labels,head,17,0.7727272510528564,3860
524,0524,194,175,19,175,19,covered_noisy_labels,head,10,0.5263158082962036,3500
525,0525,239,215,24,215,24,covered_noisy_labels,head,8,0.3333333432674408,4300
526,0526,191,172,19,172,19,covered_noisy_labels,head,6,0.31578946113586426,3440
527,0527,167,150,17,150,17,covered_noisy_labels,head,14,0.8235294222831726,3000
528,0528,218,196,22,196,22,covered_noisy_labels,head,11,0.5,3920
529,0529,158,142,16,142,16,covered_noisy_labels,head,9,0.5625,2840
530,0530,227,204,23,204,23,covered_noisy_labels,head,16,0.695652186870575,4080
531,0531,229,206,23,206,24,covered_noisy_labels,head,16,0.6666666865348816,4120
532,0532,232,209,23,209,23,covered_noisy_labels,head,17,0.739130437374115,4180
533,0533,180,162,18,162,18,covered_noisy_labels,head,6,0.3333333432674408,3240
534,0534,221,199,22,202,22,covered_noisy_labels,head,15,0.6818181872367859,4040
535,0535,159,143,16,143,16,covered_noisy_labels,head,2,0.125,2860
536,0536,246,221,25,221,25,covered_noisy_labels,head,19,0.7599999904632568,4420
537,0537,183,165,18,166,18,covered_noisy_labels,head,6,0.3333333432674408,3320
538,0538,227,204,23,204,23,covered_noisy_labels,head,8,0.3478260934352875,4080
539,0539,170,153,17,153,17,covered_noisy_labels,head,9,0.529411792755127,3060
540,0540,243,219,24,219,24,covered_noisy_labels,head,13,0.5416666865348816,4380
541,0541,243,219,24,219,24,covered_noisy_labels,head,17,0.7083333134651184,4380
542,0542,228,205,23,206,23,covered_noisy_labels,head,19,0.8260869383811951,4120
543,0543,226,203,23,203,23,covered_noisy_labels,head,7,0.30434781312942505,4060
544,0544,166,149,17,149,17,covered_noisy_labels,head,7,0.4117647111415863,2980
545,0545,155,139,16,140,16,covered_noisy_labels,head,7,0.4375,2800
546,0546,239,215,24,216,24,covered_noisy_labels,head,19,0.7916666865348816,4320
547,0547,221,199,22,200,23,covered_noisy_labels,head,18,0.782608687877655,4000
548,0548,163,147,16,148,16,covered_noisy_labels,head,9,0.5625,2960
549,0549,198,178,20,179,20,covered_noisy_labels,head,19,0.949999988079071,3580
550,0550,166,149,17,149,17,covered_noisy_labels,head,2,0.11764705926179886,2980
551,0551,224,202,22,203,22,covered_noisy_labels,head,13,0.5909090638160706,4060
552,0552,174,157,17,157,17,covered_noisy_labels,head,13,0.7647058963775635,3140
553,0553,231,208,23,208,23,covered_noisy_labels,head,23,1.0,4160
554,0554,228,205,23,206,23,covered_noisy_labels,head,16,0.695652186870575,4120
555,0555,65,59,6,59,6,covered_noisy_labels,middle,1,0.1666666716337204,1180
556,0556,166,149,17,149,17,covered_noisy_labels,head,13,0.7647058963775635,2980
557,0557,160,144,16,144,17,covered_noisy_labels,head,14,0.8235294222831726,2880
558,0558,200,180,20,180,20,covered_noisy_labels,head,14,0.699999988079071,3600
559,0559,162,146,16,148,16,covered_noisy_labels,head,11,0.6875,2960
560,0560,211,190,21,194,21,covered_noisy_labels,head,11,0.523809552192688,3880
561,0561,199,179,20,179,21,covered_noisy_labels,head,2,0.095238097012043,3580
562,0562,184,166,18,166,18,covered_noisy_labels,head,14,0.7777777910232544,3320
563,0563,181,163,18,163,18,covered_noisy_labels,head,14,0.7777777910232544,3260
564,0564,176,158,18,158,18,covered_noisy_labels,head,14,0.7777777910232544,3160
565,0565,245,221,24,221,24,covered_noisy_labels,head,15,0.625,4420
566,0566,197,177,20,177,20,covered_noisy_labels,head,14,0.699999988079071,3540
567,0567,198,178,20,178,20,covered_noisy_labels,head,10,0.5,3560
568,0568,242,218,24,218,24,covered_noisy_labels,head,18,0.75,4360
569,0569,239,215,24,215,24,covered_noisy_labels,head,10,0.4166666567325592,4300
570,0570,193,174,19,174,19,covered_noisy_labels,head,15,0.7894737124443054,3480
571,0571,234,211,23,212,23,covered_noisy_labels,head,13,0.5652173757553101,4240
572,0572,168,151,17,152,17,covered_noisy_labels,head,17,1.0,3040
573,0573,151,136,15,137,15,covered_noisy_labels,head,11,0.7333333492279053,2740
574,0574,225,203,22,204,22,covered_noisy_labels,head,9,0.40909090638160706,4080
575,0575,180,162,18,162,18,covered_noisy_labels,head,12,0.6666666865348816,3240
576,0576,231,208,23,208,23,covered_noisy_labels,head,17,0.739130437374115,4160
577,0577,192,173,19,174,19,covered_noisy_labels,head,16,0.8421052694320679,3480
578,0578,169,152,17,152,17,covered_noisy_labels,head,17,1.0,3040
579,0579,181,163,18,163,18,covered_noisy_labels,head,12,0.6666666865348816,3260
580,0580,215,193,22,193,22,covered_noisy_labels,head,17,0.7727272510528564,3860
581,0581,154,139,15,139,15,covered_noisy_labels,head,11,0.7333333492279053,2780
582,0582,229,206,23,207,23,covered_noisy_labels,head,19,0.8260869383811951,4140
583,0583,189,170,19,171,19,covered_noisy_labels,head,10,0.5263158082962036,3420
584,0584,238,214,24,214,24,covered_noisy_labels,head,15,0.625,4280
585,0585,166,149,17,149,17,covered_noisy_labels,head,9,0.529411792755127,2980
586,0586,181,163,18,163,18,covered_noisy_labels,head,15,0.8333333134651184,3260
587,0587,233,210,23,210,23,covered_noisy_labels,head,14,0.6086956262588501,4200
588,0588,185,167,18,167,18,covered_noisy_labels,head,12,0.6666666865348816,3340
589,0589,49,44,5,44,5,covered_noisy_labels,middle,0,0.0,880
590,0590,154,139,15,139,15,covered_noisy_labels,head,13,0.8666666746139526,2780
591,0591,232,209,23,209,23,covered_noisy_labels,head,15,0.6521739363670349,4180
592,0592,183,165,18,165,18,covered_noisy_labels,head,8,0.4444444477558136,3300
593,0593,173,156,17,156,17,covered_noisy_labels,head,13,0.7647058963775635,3120
594,0594,213,192,21,193,21,covered_noisy_labels,head,1,0.0476190485060215,3860
595,0595,248,223,25,223,25,covered_noisy_labels,head,17,0.6800000071525574,4460
596,0596,229,206,23,207,23,covered_noisy_labels,head,11,0.47826087474823,4140
597,0597,151,136,15,137,15,covered_noisy_labels,head,7,0.46666666865348816,2740
598,0598,219,197,22,197,22,covered_noisy_labels,head,8,0.3636363744735718,3940
599,0599,169,152,17,153,17,covered_noisy_labels,head,6,0.3529411852359772,3060
600,0600,243,219,24,219,24,covered_noisy_labels,head,22,0.9166666865348816,4380
601,0601,234,211,23,211,23,covered_noisy_labels,head,7,0.30434781312942505,4220
602,0602,221,199,22,199,22,covered_noisy_labels,head,15,0.6818181872367859,3980
603,0603,226,203,23,203,23,covered_noisy_labels,head,4,0.17391304671764374,4060
604,0604,238,214,24,214,24,covered_noisy_labels,head,3,0.125,4280
605,0605,177,159,18,159,18,covered_noisy_labels,head,11,0.6111111044883728,3180
606,0606,171,154,17,154,18,covered_noisy_labels,head,1,0.0555555559694767,3080
607,0607,187,168,19,168,19,covered_noisy_labels,head,12,0.6315789222717285,3360
608,0608,247,222,25,223,25,covered_noisy_labels,head,22,0.8799999952316284,4460
609,0609,237,213,24,213,24,covered_noisy_labels,head,18,0.75,4260
610,0610,247,222,25,222,25,covered_noisy_labels,head,15,0.6000000238418579,4440
611,0611,150,135,15,135,15,covered_noisy_labels,head,6,0.4000000059604645,2700
612,0612,231,208,23,208,23,covered_noisy_labels,head,8,0.3478260934352875,4160
613,0613,191,172,19,172,19,covered_noisy_labels,head,8,0.42105263471603394,3440
614,0614,226,203,23,203,23,covered_noisy_labels,head,15,0.6521739363670349,4060
615,0615,237,213,24,213,24,covered_noisy_labels,head,16,0.6666666865348816,4260
616,0616,196,176,20,176,20,covered_noisy_labels,head,11,0.550000011920929,3520
617,0617,157,141,16,141,16,covered_noisy_labels,head,11,0.6875,2820
618,0618,219,197,22,197,22,covered_noisy_labels,head,19,0.8636363744735718,3940
619,0619,240,216,24,216,24,covered_noisy_labels,head,15,0.625,4320
620,0620,152,137,15,137,15,covered_noisy_labels,head,12,0.800000011920929,2740
621,0621,157,141,16,141,16,covered_noisy_labels,head,9,0.5625,2820
622,0622,228,205,23,205,23,covered_noisy_labels,head,21,0.9130434989929199,4100
623,0623,186,167,19,168,19,covered_noisy_labels,head,15,0.7894737124443054,3360
624,0624,220,198,22,198,22,covered_noisy_labels,head,20,0.9090909361839294,3960
625,0625,179,161,18,162,18,covered_noisy_labels,head,9,0.5,3240
626,0626,188,169,19,169,19,covered_noisy_labels,head,10,0.5263158082962036,3380
627,0627,150,135,15,135,15,covered_noisy_labels,head,3,0.20000000298023224,2700
628,0628,153,138,15,139,15,covered_noisy_labels,head,9,0.6000000238418579,2780
629,0629,213,192,21,192,21,covered_noisy_labels,head,14,0.6666666865348816,3840
630,0630,216,194,22,195,22,covered_noisy_labels,head,22,1.0,3900
631,0631,243,219,24,220,24,covered_noisy_labels,head,22,0.9166666865348816,4400
632,0632,175,157,18,157,18,covered_noisy_labels,head,10,0.5555555820465088,3140
633,0633,189,170,19,170,19,covered_noisy_labels,head,11,0.5789473652839661,3400
634,0634,182,164,18,164,18,covered_noisy_labels,head,13,0.7222222089767456,3280
635,0635,181,163,18,163,18,covered_noisy_labels,head,7,0.3888888955116272,3260
636,0636,185,167,18,167,18,covered_noisy_labels,head,13,0.7222222089767456,3340
637,0637,183,165,18,165,18,covered_noisy_labels,head,1,0.0555555559694767,3300
638,0638,214,193,21,199,21,covered_noisy_labels,head,19,0.9047619104385376,3980
639,0639,226,203,23,203,23,covered_noisy_labels,head,17,0.739130437374115,4060
640,0640,196,176,20,176,20,covered_noisy_labels,head,0,0.0,3520
641,0641,183,165,18,165,18,covered_noisy_labels,head,9,0.5,3300
642,0642,155,139,16,144,16,covered_noisy_labels,head,7,0.4375,2880
643,0643,185,167,18,168,18,covered_noisy_labels,head,16,0.8888888955116272,3360
644,0644,167,150,17,151,18,covered_noisy_labels,head,5,0.2777777910232544,3020
645,0645,231,208,23,208,23,covered_noisy_labels,head,19,0.8260869383811951,4160
646,0646,244,220,24,220,24,covered_noisy_labels,head,23,0.9583333134651184,4400
647,0647,247,222,25,222,25,covered_noisy_labels,head,18,0.7200000286102295,4440
648,0648,218,196,22,197,22,covered_noisy_labels,head,8,0.3636363744735718,3940
649,0649,216,194,22,194,22,covered_noisy_labels,head,22,1.0,3880
650,0650,225,203,22,204,22,covered_noisy_labels,head,20,0.9090909361839294,4080
651,0651,189,170,19,170,19,covered_noisy_labels,head,16,0.8421052694320679,3400
652,0652,162,146,16,146,16,covered_noisy_labels,head,15,0.9375,2920
653,0653,156,140,16,141,17,covered_noisy_labels,head,10,0.5882353186607361,2820
654,0654,182,164,18,164,18,covered_noisy_labels,head,9,0.5,3280
655,0655,177,159,18,159,18,covered_noisy_labels,head,13,0.7222222089767456,3180
656,0656,210,189,21,192,22,covered_noisy_labels,head,8,0.3636363744735718,3840
657,0657,192,173,19,173,19,covered_noisy_labels,head,15,0.7894737124443054,3460
658,0658,174,157,17,158,17,covered_noisy_labels,head,14,0.8235294222831726,3160
659,0659,151,136,15,136,15,covered_noisy_labels,head,9,0.6000000238418579,2720
660,0660,177,159,18,159,18,covered_noisy_labels,head,15,0.8333333134651184,3180
661,0661,185,167,18,167,18,covered_noisy_labels,head,13,0.7222222089767456,3340
662,0662,184,166,18,169,18,covered_noisy_labels,head,11,0.6111111044883728,3380
663,0663,163,147,16,148,16,covered_noisy_labels,head,12,0.75,2960
664,0664,234,211,23,211,23,covered_noisy_labels,head,18,0.782608687877655,4220
665,0665,222,200,22,201,22,covered_noisy_labels,head,12,0.5454545617103577,4020
666,0666,184,166,18,166,18,covered_noisy_labels,head,16,0.8888888955116272,3320
667,0667,232,209,23,209,23,covered_noisy_labels,head,12,0.52173912525177,4180
668,0668,185,167,18,167,18,covered_noisy_labels,head,2,0.1111111119389534,3340
669,0669,189,170,19,170,19,covered_noisy_labels,head,10,0.5263158082962036,3400
670,0670,165,149,16,149,16,covered_noisy_labels,head,13,0.8125,2980
671,0671,40,36,4,37,4,covered_noisy_labels,middle,0,0.0,740
672,0672,179,161,18,161,18,covered_noisy_labels,head,12,0.6666666865348816,3220
673,0673,242,218,24,218,24,covered_noisy_labels,head,12,0.5,4360
674,0674,232,209,23,210,23,covered_noisy_labels,head,17,0.739130437374115,4200
675,0675,222,200,22,201,22,covered_noisy_labels,head,11,0.5,4020
676,0676,172,155,17,155,17,covered_noisy_labels,head,11,0.6470588445663452,3100
677,0677,154,139,15,140,15,covered_noisy_labels,head,8,0.5333333611488342,2800
678,0678,180,162,18,162,18,covered_noisy_labels,head,12,0.6666666865348816,3240
679,0679,152,137,15,137,15,covered_noisy_labels,head,7,0.46666666865348816,2740
680,0680,184,166,18,166,18,covered_noisy_labels,head,16,0.8888888955116272,3320
681,0681,174,157,17,157,17,covered_noisy_labels,head,11,0.6470588445663452,3140
682,0682,84,76,8,76,8,covered_noisy_labels,middle,1,0.125,1520
683,0683,220,198,22,198,22,covered_noisy_labels,head,16,0.7272727489471436,3960
684,0684,179,161,18,161,18,covered_noisy_labels,head,13,0.7222222089767456,3220
685,0685,192,173,19,173,19,covered_noisy_labels,head,17,0.8947368264198303,3460
686,0686,150,135,15,135,15,covered_noisy_labels,head,5,0.3333333432674408,2700
687,0687,169,152,17,152,17,covered_noisy_labels,head,13,0.7647058963775635,3040
688,0688,181,163,18,163,18,covered_noisy_labels,head,11,0.6111111044883728,3260
689,0689,190,171,19,171,19,covered_noisy_labels,head,16,0.8421052694320679,3420
690,0690,234,211,23,211,23,covered_noisy_labels,head,16,0.695652186870575,4220
691,0691,182,164,18,164,18,covered_noisy_labels,head,17,0.9444444179534912,3280
692,0692,176,158,18,158,18,covered_noisy_labels,head,16,0.8888888955116272,3160
693,0693,171,154,17,154,17,covered_noisy_labels,head,6,0.3529411852359772,3080
694,0694,192,173,19,173,19,covered_noisy_labels,head,10,0.5263158082962036,3460
695,0695,237,213,24,213,24,covered_noisy_labels,head,15,0.625,4260
696,0696,190,171,19,171,19,covered_noisy_labels,head,11,0.5789473652839661,3420
697,0697,186,167,19,167,19,covered_noisy_labels,head,17,0.8947368264198303,3340
698,0698,195,175,20,176,20,covered_noisy_labels,head,17,0.8500000238418579,3520
699,0699,194,175,19,176,20,covered_noisy_labels,head,17,0.8500000238418579,3520
700,0700,245,221,24,222,24,covered_noisy_labels,head,14,0.5833333134651184,4440
701,0701,214,193,21,193,21,covered_noisy_labels,head,21,1.0,3860
702,0702,172,155,17,155,17,covered_noisy_labels,head,16,0.9411764740943909,3100
703,0703,161,145,16,145,16,covered_noisy_labels,head,10,0.625,2900
704,0704,232,209,23,209,23,covered_noisy_labels,head,19,0.8260869383811951,4180
705,0705,186,167,19,167,19,covered_noisy_labels,head,17,0.8947368264198303,3340
706,0706,149,134,15,134,15,covered_noisy_labels,head,4,0.2666666805744171,2680
707,0707,216,194,22,194,22,covered_noisy_labels,head,9,0.40909090638160706,3880
708,0708,178,160,18,160,18,covered_noisy_labels,head,8,0.4444444477558136,3200
709,0709,175,157,18,157,18,covered_noisy_labels,head,17,0.9444444179534912,3140
710,0710,237,213,24,213,24,covered_noisy_labels,head,19,0.7916666865348816,4260
711,0711,199,179,20,179,20,covered_noisy_labels,head,15,0.75,3580
712,0712,237,213,24,215,24,covered_noisy_labels,head,17,0.7083333134651184,4300
713,0713,161,145,16,145,17,covered_noisy_labels,head,13,0.7647058963775635,2900
714,0714,180,162,18,162,18,covered_noisy_labels,head,11,0.6111111044883728,3240
715,0715,193,174,19,176,19,covered_noisy_labels,head,12,0.6315789222717285,3520
716,0716,197,177,20,177,20,covered_noisy_labels,head,12,0.6000000238418579,3540
717,0717,198,178,20,178,20,covered_noisy_labels,head,7,0.3499999940395355,3560
718,0718,220,198,22,198,22,covered_noisy_labels,head,20,0.9090909361839294,3960
719,0719,192,173,19,173,19,covered_noisy_labels,head,15,0.7894737124443054,3460
720,0720,225,203,22,203,22,covered_noisy_labels,head,9,0.40909090638160706,4060
721,0721,214,193,21,193,21,covered_noisy_labels,head,8,0.380952388048172,3860
722,0722,155,139,16,140,16,covered_noisy_labels,head,14,0.875,2800
723,0723,101,91,10,92,10,covered_noisy_labels,middle,1,0.10000000149011612,1840
724,0724,153,138,15,140,15,covered_noisy_labels,head,12,0.800000011920929,2800
725,0725,247,222,25,222,25,covered_noisy_labels,head,12,0.47999998927116394,4440
726,0726,186,167,19,168,19,covered_noisy_labels,head,4,0.21052631735801697,3360
727,0727,237,213,24,213,24,covered_noisy_labels,head,22,0.9166666865348816,4260
728,0728,217,195,22,195,22,covered_noisy_labels,head,2,0.09090909361839294,3900
729,0729,232,209,23,212,23,covered_noisy_labels,head,13,0.5652173757553101,4240
730,0730,238,214,24,214,24,covered_noisy_labels,head,1,0.0416666679084301,4280
731,0731,166,149,17,149,17,covered_noisy_labels,head,6,0.3529411852359772,2980
732,0732,244,220,24,223,25,covered_noisy_labels,head,16,0.6399999856948853,4460
733,0733,220,198,22,200,22,covered_noisy_labels,head,9,0.40909090638160706,4000
734,0734,188,169,19,169,19,covered_noisy_labels,head,8,0.42105263471603394,3380
735,0735,171,154,17,154,17,covered_noisy_labels,head,4,0.23529411852359772,3080
736,0736,183,165,18,165,18,covered_noisy_labels,head,11,0.6111111044883728,3300
737,0737,177,159,18,159,18,covered_noisy_labels,head,6,0.3333333432674408,3180
738,0738,173,156,17,156,17,covered_noisy_labels,head,6,0.3529411852359772,3120
739,0739,190,171,19,171,19,covered_noisy_labels,head,9,0.4736842215061188,3420
740,0740,175,157,18,157,18,covered_noisy_labels,head,8,0.4444444477558136,3140
741,0741,165,149,16,149,16,covered_noisy_labels,head,3,0.1875,2980
742,0742,168,151,17,151,17,covered_noisy_labels,head,13,0.7647058963775635,3020
743,0743,224,202,22,202,22,covered_noisy_labels,head,21,0.9545454382896423,4040
744,0744,235,211,24,212,24,covered_noisy_labels,head,19,0.7916666865348816,4240
745,0745,161,145,16,145,16,covered_noisy_labels,head,6,0.375,2900
746,0746,179,161,18,162,18,covered_noisy_labels,head,8,0.4444444477558136,3240
747,0747,182,164,18,164,18,covered_noisy_labels,head,16,0.8888888955116272,3280
748,0748,213,192,21,192,21,covered_noisy_labels,head,19,0.9047619104385376,3840
749,0749,233,210,23,211,23,covered_noisy_labels,head,15,0.6521739363670349,4220
