submission_id,experiment_id,git_commit,checkpoint_path,checkpoint_sha256,checkpoint_epoch,split_seed,train_seed,split_dir,val_csv_sha256,local_micro_accuracy,local_macro_accuracy,prediction_csv_sha256,zip_internal_csv_sha256,submission_zip_sha256,online_accuracy,local_online_gap,num_predictions,submission_time,notes
D3_STRICT_20260712_123554,D3_STRICT,a831752d7eca579d6a80d3fdc73ea4a05bba7013,/home/lux1/noise/outputs/data/d3_strict/seed42/checkpoints/best.pt,45cbfb1eed38eed7efcfb014063082c3067a70407b0d52a152633aeed675cda3,49,,,,,0.7065723148507174,0.7060997486114502,79e5562902d1e71c83ac07bb6c25b8abb24af164ec44a5930cddc12f56110d27,,79e5562902d1e71c83ac07bb6c25b8abb24af164ec44a5930cddc12f56110d27,0.573397,0.13317531485071732,,2026-07-12T12:35:54Z,"D3_STRICT: train-only dedup, frozen CLIP, seed=42, platform=57.3397%"
D3_STRICT_20260712_124916,D3_STRICT,38194b90befe07dbd8acdcda7f1250da9b8eb430,/home/lux1/noise/outputs/data/d3_strict/seed42/checkpoints/best.pt,45cbfb1eed38eed7efcfb014063082c3067a70407b0d52a152633aeed675cda3,49,42,42,outputs/data/d3_strict/seed42,70a63d5a5f358a9f1ea5613c45c0904d1a30cbab8cd8241db70363d5de417c2c,0.7065723148507174,0.7060997486114502,79e5562902d1e71c83ac07bb6c25b8abb24af164ec44a5930cddc12f56110d27,79e5562902d1e71c83ac07bb6c25b8abb24af164ec44a5930cddc12f56110d27,72036e7b1ff6604968c71835e73850e414770f5bfea1e62a23b789ba59ee54e6,0.573397,0.13317531485071732,24967,2026-07-12T12:49:16Z,"D3_STRICT: train-only dedup, frozen CLIP, seed=42, platform=57.3397%, 24967 predictions"
TA1_TTA_FLIP_20260713_054824,TA1_TTA_FLIP,,outputs/data/d3_strict/seed42/checkpoints/best.pt,45cbfb1eed38eed7efcfb014063082c3067a70407b0d52a152633aeed675cda3,49,42,42,outputs/data/d3_strict/seed42,,0.7080263668088407,0.7076032757759094,1642a9927ded9855766cfcbb6785b033bbedb0437c4d5cfa22b74e872247ab4c,1642a9927ded9855766cfcbb6785b033bbedb0437c4d5cfa22b74e872247ab4c,6fac5374e48cb70228fdd405f1090f5610fd5de82a25dd974547819dd675fb52,0.58309,0.12493636680884068,24967,2026-07-13T05:48:24Z,TA1 TTA horizontal_flip on D3 best.pt; platform +0.97pp vs D3 (57.34%->58.31%)
B2_GCE07_20260713_060422,B2_GCE07,,/home/lux1/noise/outputs/gce/gce_q07_b2/seed42/checkpoints/best.pt,458f664847ecf02b226d7a5b2c0226be726ad48f1161040a4e0ce6425d2f7353,41,42,42,outputs/data/d3_strict/seed42,,0.6959092671578131,0.6953801512718201,b734de27889543bccad0428da02a45505df84ef5775d3b77b37815f24ac979f7,b734de27889543bccad0428da02a45505df84ef5775d3b77b37815f24ac979f7,1fcdef8a1aaebab0acbe85a4a5a1d8d2cb4dc5db585b97813bcc40ff85262733,0.589578,0.10633126715781305,24967,2026-07-13T06:04:22Z,"B2 GCE q=0.7 on D3 train; local -1.07pp but platform 58.9578% (+1.62pp vs D3); best platform score; causal audit passed (identical visual encoder, paired samples)"
B1_LS005_20260713_070654,B1_LS005,,,,,42,42,outputs/data/d3_strict/seed42,,,,,,,0.573918,,24967,2026-07-13T07:06:54Z,B1 Label Smoothing eps=0.05; platform 57.3918% (+0.05pp vs D3); essentially flat
B3_PROTO_STATIC_20260713_070554,B3_PROTO_STATIC,,/home/lux1/noise/outputs/proto/r3_weight/seed42/checkpoints/best.pt,7d07715d7aca45f6108ba264cbe6ffd907210fee283a73edf595a73fcf2958af,41,42,42,outputs/data/d3_strict/seed42,70a63d5a5f358a9f1ea5613c45c0904d1a30cbab8cd8241db70363d5de417c2c,0.7019193485847227,0.7014404535293579,a4def3edb8a90b55e7f3c4ec7180d0e8ad08f667a4e139b1dc9a3175a181772b,a4def3edb8a90b55e7f3c4ec7180d0e8ad08f667a4e139b1dc9a3175a181772b,fa03312f511ad9d4afa55119c9022740ef5088bcad39c102c28c696700bc6fff,0.580526,0.1213933485847227,24967,2026-07-13T07:05:54Z,"B3 prototype-confidence static weighting on D3 train; local -0.47pp but platform 58.0526% (+0.71pp vs D3); same pattern as B2 (local-negative, platform-positive); causal audit passed"
B2_GCE07_TTA2_20260713_063025,tools/infer_tta.py (B2_GCE07 + flip),7a989f0,/home/lux1/noise/outputs/gce/gce_q07_b2/seed42/checkpoints/best.pt,458f664847ecf02b226d7a5b2c0226be726ad48f1161040a4e0ce6425d2f7353,41,42,42,outputs/data/d3_strict/seed42,,0.699884,,0132560f28a06e271d56314e40f105d7da10875b98f984c5c73c9b579486f42b,0132560f28a06e271d56314e40f105d7da10875b98f984c5c73c9b579486f42b,ca7562f542773754e233bd63201553416cb3636e90790b0732384fd9d1cd8337,0.594064,0.105820,24967,2026-07-13T06:30:25Z,"B2_GCE07 + 2-view horizontal-flip TTA; platform 59.4064% (+2.07pp vs D3, +0.45pp vs B2 bare); best submission yet"
B2_GCE05_BARE_20260716,B2_GCE05,,outputs/gce/gce_q05/seed42/checkpoints/best.pt,,50,42,42,outputs/baselines/ref/seed42,,0.6949,0.6949,,,,0.596200,,24967,2026-07-16,GCE q=0.5 pure; bare=59.62% (+0.66pp vs q=0.7 bare); ref split
B2_GCE05_TTA_20260716,B2_GCE05,,outputs/gce/gce_q05/seed42/checkpoints/best.pt,,50,42,42,outputs/baselines/ref/seed42,,,,,,,0.601600,,24967,2026-07-16,GCE q=0.5 pure TTA=60.16% (+0.75pp vs q=0.7 TTA); ref split
W1_CE5_GCE05_BARE_20260716,W1_CE5_GCE05,,outputs/gce/ce5_gce_q05/seed42/checkpoints/best.pt,,50,42,42,outputs/baselines/ref/seed42,,0.7314,0.7309,,,,0.596100,,24967,2026-07-16,CE5 warmup + GCE q=0.5; bare=59.61% (=pure q=0.5; local +3.65pp→platform +0); ref split
W1_CE5_GCE05_TTA_20260716,W1_CE5_GCE05,,outputs/gce/ce5_gce_q05/seed42/checkpoints/best.pt,,50,42,42,outputs/baselines/ref/seed42,,,,,,,0.602500,,24967,2026-07-16,CE5 warmup + GCE q=0.5 TTA=60.25% (+0.09pp vs pure q=0.5 TTA); ref split
W1_GCE05_MIXUP_BARE_20260716,W1_GCE05_MIXUP,,outputs/mixup/gce05_mixup/seed42/checkpoints/best.pt,,46,42,42,outputs/baselines/ref/seed42,,0.7116,,,,,0.598600,,24967,2026-07-16,MixUp + GCE q=0.5; bare=59.86% (was BEST bare before OOF); ref split
W1_GCE05_MIXUP_TTA_20260716,W1_GCE05_MIXUP,,outputs/mixup/gce05_mixup/seed42/checkpoints/best.pt,,46,42,42,outputs/baselines/ref/seed42,,,,,,,0.603600,,24967,2026-07-16,MixUp + GCE q=0.5 TTA=60.36% (former 2nd best TTA); ref split
F1_STRICT_20260713_172429,ft_lnpost,3b2a8ac578a0296bea362878c90b6f941bee24ab,/home/lux1/noise/outputs/ft/lnpost/seed42/checkpoints/best.pt,57119016f6b59a0bc3bec0518eb6834099c244e4f56bd8278fe6e4d37f9d225f,4,42,42,outputs/baselines/ref/seed42,70a63d5a5f358a9f1ea5613c45c0904d1a30cbab8cd8241db70363d5de417c2c,0.707832,0.701034,2daacc0f5ca7f983ed042c7926ff9bf40d3fa1c05c83ff069b23b139d9739ae2,2daacc0f5ca7f983ed042c7926ff9bf40d3fa1c05c83ff069b23b139d9739ae2,c0c67bfb8b3a2c01319400170c418fd6edd29e5104cb66a4a30ce0b6b97cee63,0.569231,0.137601,24967,2026-07-13T17:24:29Z,"ft_lnpost: CE loss, unfreeze ln_post+visual.proj; local +0.13pp but platform 56.92% (-0.42pp vs ref); CLOSED; GCE retest was recommended"
PW_V1_TTA2_20260713_174122,pw_v1,fe2a153,/home/lux1/noise/outputs/proto/pw_v1/seed42/checkpoints/best.pt,7d07715d7aca45f6108ba264cbe6ffd907210fee283a73edf595a73fcf2958af,41,42,42,outputs/baselines/ref/seed42,70a63d5a5f358a9f1ea5613c45c0904d1a30cbab8cd8241db70363d5de417c2c,0.701919,0.701440,ab924b71987d2c9d65e77ee79fb0e35748061203956ca9befd18192645cdb40d,ab924b71987d2c9d65e77ee79fb0e35748061203956ca9befd18192645cdb40d,03dcaeace1ced1ef6fd915de5be1dc75cf212ee7b1ad7dd82f213dee72e584e0,0.587215,0.114704,24967,2026-07-13T17:41:22Z,pw_v1 + 2-view horizontal-flip TTA; platform 58.7215% (+0.67pp vs bare 58.05%); TTA gain confirmed
COS_S10_LEARN_20260713_194317,cos_s10_learn,925c880,outputs/archive/cos_hyper/search/lr_5e-03__wd_1e-04/checkpoints/best.pt,9f793881d1b2235de53f1c54254eae3dfe358fe0db058bf256463845b763e7bd,46,,,,,0.6361,,,,,0.533464,,24967,2026-07-13T19:43:17Z,cosine head learnable scale=10; local 63.61% platform 53.35% (-4.0pp vs ref 57.34%); CLOSED direction
GCE_Q07_S2026_TTA2_20260713_202047,gce_q07_s2026,e4c95ef,outputs/gce/gce_q07/seed2026/checkpoints/best.pt,,35,42,2026,outputs/baselines/ref/seed42,,0.695328,,,,,0.594865,,24967,2026-07-13T20:20:47Z,gce_q07 seed2026 + 2-view flip TTA; platform 59.4865% (+0.08pp vs seed42 59.4064%); multi-seed CONFIRMED stable
BASE_CE_S42_20260713_214549,base_ce,5e6fc3d,outputs/baselines/base_ce/seed42/checkpoints/best.pt,a22f103c2899a725c353692b5f13089bb7591e951d6a7d553e6eba1d61d9594d,47,42,42,outputs/baselines/base_ce/seed42,,0.705409,,,,,0.572195,,24967,2026-07-13T21:45:49Z,"base_ce (no dedup, CE, original train); platform 57.2195%; dedup benefit vs ref only +0.12pp (57.34%->57.22% inverted!)"
W2_EMA_LOSS_TTA2_20260714_000527,w2_ema_loss,605a262,outputs/ema/loss/seed42/checkpoints/best.pt,572232e5c42e96c3f0df59abe2da433deef293195f253bdbd243e8b0f0751d49,41,42,42,outputs/baselines/ref/seed42,,0.694164,,,,,0.593864,,24967,2026-07-14T00:05:27Z,w2_ema_loss (GCE+EMA Loss soft weighting) + TTA; platform 59.3864% (-0.02pp vs gce_q07+TTA 59.4064%); essentially flat; EMA loss provides no generalization gain over vanilla GCE
W2_PROTO_MIN04_TTA2_20260714_113324,w2_proto_min04,b0dd852,outputs/proto/min04/seed42/checkpoints/best.pt,1a7f95021efe3491eaf91a2b99b028b2218b63ec031acc3e27196c02f1a99b1b,37,42,42,outputs/baselines/ref/seed42,,0.6876,,,,,0.588216,,24967,2026-07-14T11:33:24Z,w2_proto_min04 (GCE+prototype) + TTA; platform 58.82% (-0.58pp vs gce_q07+TTA 59.41%); prototype weighting HURTS under GCE; RAW only 497/500 classes; TTA gain near zero (+0.06pp); CLOSED
W2_PROTO_MIN04_RAW_20260714_060745,w2_proto_min04,b0dd852,outputs/proto/min04/seed42/checkpoints/best.pt,1a7f95021efe3491eaf91a2b99b028b2218b63ec031acc3e27196c02f1a99b1b,37,42,42,outputs/baselines/ref/seed42,,0.687573,,,,,0.583771,,24967,2026-07-14T06:08:11Z,w2_proto_min04 (GCE+prototype) RAW single-view no TTA; platform 58.3771pct (-0.58pp vs gce_q07 bare 58.9578pct); prototype weighting HURTS under GCE; local-online gap=0.1038; RAW only 497/500 classes; CLOSED
S_OOF_DISCRETE_BARE_20260717,S_OOF_DISCRETE,,outputs/oof/discrete/seed42/checkpoints/best.pt,,,42,42,outputs/data/d3_strict/seed42,,0.6865,,,,,0.592823,,24967,2026-07-17,OOF 3-tier weight (0.3/0.6/1.0); bare=59.28% (-0.58pp vs MixUp); eliminated
S_OOF_DISCRETE_TTA_20260717,S_OOF_DISCRETE,,outputs/oof/discrete/seed42/checkpoints/best.pt,,,42,42,outputs/data/d3_strict/seed42,,,,,,,0.592823,,24967,2026-07-17,"OOF 3-tier TTA=59.28% (=bare, TTA zero gain); eliminated"
S_OOF_ZERO_0001_BARE_20260718,S_OOF_ZERO_0001,,outputs/oof/zero_0001/seed42/checkpoints/best.pt,,44,42,42,outputs/data/d3_strict/seed42,,0.6937,0.6937,,,,0.599551,,24967,2026-07-18,"OOF binary zero p<0.001 (7% excluded); bare=59.96% (NEW BEST, +0.10pp over D3_MIXUP control)"
S_OOF_ZERO_0001_TTA_20260718,S_OOF_ZERO_0001,,outputs/oof/zero_0001/seed42/checkpoints/best.pt,,44,42,42,outputs/data/d3_strict/seed42,,,,,,,0.602796,,24967,2026-07-18,OOF binary zero p<0.001 TTA=60.28% (+0.32pp gap vs bare); confirmed effective
S_D3_MIXUP_BARE_20260718,S_D3_MIXUP,,outputs/mixup/d3_mixup/seed42/checkpoints/best.pt,,40,42,42,outputs/data/d3_strict/seed42,,0.6947,0.6947,,,,0.598630,,24967,2026-07-18,D3 MixUp no-weighting control; bare=59.86% (=W1_GCE05_MIXUP on ref); essential paired control for OOF experiments
S_MIXUP_CE5_BARE_20260716,S_MIXUP_CE5,,outputs/mixup/ce5/seed42/checkpoints/best.pt,,43,42,42,outputs/baselines/ref/seed42,,0.7025,,,,,0.596988,,24967,2026-07-16,CE5 warmup + MixUp; bare=59.70% (-0.16pp vs MixUp); Bare未过gate
S_MIXUP_CE5_TTA_20260716,S_MIXUP_CE5,,outputs/mixup/ce5/seed42/checkpoints/best.pt,,43,42,42,outputs/baselines/ref/seed42,,,,,,,0.604758,,24967,2026-07-16,CE5 warmup + MixUp TTA=60.48% (TTA最高); but Bare未过gate → 不视为训练策略有效
S_OOF_ZERO_001_BARE_20260718,S_OOF_ZERO_001,,outputs/oof/zero_001/seed42/checkpoints/best.pt,,37,42,42,outputs/data/d3_strict/seed42,,0.6902,0.6901,,,,0.593784,,24967,2026-07-18,OOF binary zero p<0.01 bare=59.38% (-0.58pp vs 0.001 threshold 59.96%); wider threshold hurts both bare and TTA
S_ELR_BASE_BARE_20260719,S_ELR_BASE,,outputs/elr/base/seed42/checkpoints/best.pt,,19,42,42,outputs/data/d3_strict/seed42,,0.6820,0.6821,,,,0.585853,,24967,2026-07-19,ELR bare=58.59% (-1.37pp vs OOF zero-weight 59.96%)
S_ELR_BASE_TTA_20260718,S_ELR_BASE,,outputs/elr/base/seed42/checkpoints/best.pt,,19,42,42,outputs/data/d3_strict/seed42,,,,,,,0.591421,,24967,2026-07-18,ELR TTA=59.14% (+0.55pp TTA gain)
S_OOF_ZERO_001_TTA_20260718,S_OOF_ZERO_001,,outputs/oof/zero_001/seed42/checkpoints/best.pt,,37,42,42,outputs/data/d3_strict/seed42,,,,,,,0.599151,,24967,2026-07-18,OOF binary zero p<0.01 TTA=59.92% (-0.36pp vs 0.001 threshold 60.28%); wider threshold less effective
S_OOF_ZERO_0001_FF_BARE_20260719,S_OOF_ZERO_0001_FF,,outputs/oof/zero_0001_ff/seed42/checkpoints/best.pt,,?,42,42,outputs/data/d3_strict/seed42,,0.6937,,,,,0.602876,,24967,2026-07-19,OOF zero p<0.001 final_fit (full dataset); bare=60.29% (NEW BEST +0.33pp over dev mode 59.96%); first method to break 60% bare on d3
S_OOF_ZERO_0001_FF_TTA_20260719,S_OOF_ZERO_0001_FF,,outputs/oof/zero_0001_ff/seed42/checkpoints/best.pt,,?,42,42,outputs/data/d3_strict/seed42,,,,,,,0.605100,,24967,2026-07-19,OOF zero p<0.001 final_fit TTA=60.51% (NEW BEST +0.23pp over dev mode TTA 60.28%); breaks 60.5% barrier
ROBUST_LORA_TTA_20260719,ROBUST_LORA,,outputs/robust/lora/seed42/checkpoints/best.pt,,1,42,42,outputs/data/d3_strict/seed42,,,,,,,0.602395,,24967,2026-07-19,LoRA rank=8 alpha=16 last_block_lora; TTA=60.24%; first LoRA PEFT platform result
E20_SOUP_K7_TTA_20260718,E20_E2_SOUP35_44_K7P4,3763b60,/home/x28639/projects/AegisCLIP-Noise-Robust/outputs/E20_E2_SOUP35_44_K7P4/best.pt,4ef590196d52dfcfe13016d2f72ac72cc81114575596edffc8a1945931a2ffa6,,42,42,/home/x28639/projects/AegisCLIP-Noise-Robust/artifacts/stages/preliminary/seed42,,0.711710,0.711595,f42bc99ec46b58302a05e9eb3b5d2f4823e785f2a5c207c3f3e7e64e35890b42,f42bc99ec46b58302a05e9eb3b5d2f4823e785f2a5c207c3f3e7e64e35890b42,37e524ef7aae81880b825595a26c90d272bb16753eac20222bf08349a5771a97,0.601794,0.109916,24967,2026-07-18,Strict epoch35/44 single-backbone linear-head soup alpha=0.4 + K7 visual prototypes + horizontal-flip mean-probability TTA T=1; platform 60.1794%; 0.2964pp below team best 60.4758%; valid but not promoted
E21_FULLTRAIN_K7_TTA_20260718,E21_E8_FULLTRAIN_K7P4,3763b60,/home/x28639/projects/AegisCLIP-Noise-Robust/outputs/E21_E8_FULLTRAIN_K7P4/best.pt,eda1501455d44bd9327ffad934f5f4e9f522e303d11420a39160ea0e547835e8,3,,42,/home/x28639/projects/AegisCLIP-Noise-Robust/artifacts/stages/preliminary/final_full_train.csv,,,,673cefc0315ab6859eda1ee77646861d2713939e886c90769b6654aecef05334,673cefc0315ab6859eda1ee77646861d2713939e886c90769b6654aecef05334,52a4ed874a745c818790de09b1b287c9845c36f13c402523e46e9662ffc97b5c,0.602195,,24967,2026-07-18,Full-training low-LR continuation + K7 visual prototypes + horizontal-flip mean-probability TTA T=1; platform 60.2195%; 0.0401pp above E20 and 0.2563pp below team best 60.4758%; valid but not promoted; training-set accuracy is intentionally omitted because it is not independent validation
AEGIS_F1_BARE_20260719,AEGIS_F1_VISUAL_LORA_CLEAN_CORE,d542fc6,/home/x28639/projects/AegisCLIP-Noise-Robust/outputs/F1_VISUAL_LORA_CLEAN_CORE/seed42/checkpoints/best.pt,7da95e427b959e85cbbf37c99d47d9909b941032e836fc219aaea8e690d72cc4,4,42,42,/home/x28639/projects/AegisCLIP-Noise-Robust/artifacts/stages/preliminary/seed42,,0.7067661881,0.7064445615,dfa6a00d78dd57beaf7b3c24319e40b9ddceb63572d4ae19efe84a69fb3903cb,dfa6a00d78dd57beaf7b3c24319e40b9ddceb63572d4ae19efe84a69fb3903cb,6c81b7e38d5688cd67c36cb50868c2de507e0fc4fef3b69b9180c65f29f7a363,0.605159,0.1016071881,24967,2026-07-19,Aegis F1 rank-8 Q/V/out LoRA on final four visual blocks; clean-core threshold 0.70; GCE q=0.5; single-view bare inference; platform 60.5159%; new team bare best
AEGIS_F1_TTA_20260719,AEGIS_F1_VISUAL_LORA_CLEAN_CORE,d542fc6,/home/x28639/projects/AegisCLIP-Noise-Robust/outputs/F1_VISUAL_LORA_CLEAN_CORE/seed42/checkpoints/best.pt,7da95e427b959e85cbbf37c99d47d9909b941032e836fc219aaea8e690d72cc4,4,42,42,/home/x28639/projects/AegisCLIP-Noise-Robust/artifacts/stages/preliminary/seed42,,0.7103528380,0.7099993825,6530033548f072f7fd1ff5ed90d902a7581bcb98dc53911eb8cd7da1d97451f5,6530033548f072f7fd1ff5ed90d902a7581bcb98dc53911eb8cd7da1d97451f5,5773f52944af998ac349b7091386282484d8c7dcbc8af296461ae1978dd96657,0.611007,0.0993458380,24967,2026-07-19,Same Aegis F1 checkpoint; horizontal-flip mean-probability fusion T=0.5; platform 61.1007%; new team overall best; TTA remains a rules-interpretation risk
ROBUST_OOF_SOFT_TTA_20260719,ROBUST_OOF_SOFT,,outputs/robust/oof_soft/seed42/checkpoints/best.pt,,37,42,42,outputs/data/d3_strict/seed42,,0.6929,,,,,0.598670,,24967,2026-07-19,OOF soft target (distillation-style) TTA=59.87%; local=69.29% epoch=37; -0.64pp vs best TTA 60.51%
NR_CTRL_FIXED_TTA_20260719,NR_CTRL_OOF_ZERO_0001_FIXED,,outputs/oof/nr_ctrl_fixed/seed42/checkpoints/best.pt,,,42,42,outputs/data/d3_strict/seed42,,,,,,,0.602956,,24967,2026-07-19,A0 TTA=60.30% (PRE-FIX: MixUp contamination from rejected samples); needs rerun with reject_policy=drop
NR_CTRL_FIXED_TTA_FIXED_20260719,NR_CTRL_OOF_ZERO_0001_FIXED,,outputs/oof/nr_ctrl_fixed/seed42/checkpoints/best.pt,,50,42,42,outputs/data/d3_strict/seed42,,0.6933,,,,,0.603076,,24967,2026-07-19,"A0 TTA=60.31% (FIXED: reject_policy=drop, 6354 rejected physically removed); local=69.33% epoch=50"
NR_CTRL_FIXED_BARE_FIXED_20260719,NR_CTRL_OOF_ZERO_0001_FIXED,,outputs/oof/nr_ctrl_fixed/seed42/checkpoints/best.pt,,50,42,42,outputs/data/d3_strict/seed42,,0.6933,,,,,0.599031,,24967,2026-07-19,A0 bare=59.90% (FIXED: reject_policy=drop); local=69.33% epoch=50
NR_CL_KNN_DROP_TTA_20260719,NR_CL_KNN_DROP,74886fc,outputs/oof/nr_cl_knn_drop/seed42/checkpoints/best.pt,74ad2856e4449a42397edbda599ae79e8a4c6a6fa923624ef4e91a35e20a2a4c,48,42,42,outputs/data/d3_strict/seed42,607e019165912bb0639efb456b7e8dea122b3e8579a2344dedb8109798921eae,0.6944390621972486,0.6944524049758911,,,,0.612128,0.0823110621972486,24967,2026-07-19,"A2 CL+kNN drop TTA=61.21%; reject_policy=drop, 991 rejected; checkpoint audit backfilled; prediction/ZIP hashes unavailable"
NR_CL_KNN_DROP_S3407_TTA_20260720,NR_CL_KNN_DROP,179a215,outputs/oof/nr_cl_knn_drop/seed3407/checkpoints/best.pt,9bdb8d65fdc620f2716802dbf49e9c9c8be53f3e57d67279d7f4b017e19ec83e,43,42,3407,outputs/data/d3_strict/seed42,,0.6939546599496221,0.6939714550971985,bcf57c3887327ae6ac0ec3a7e0ce315fdb8a17aec3286107ac0185141d2c503b,bcf57c3887327ae6ac0ec3a7e0ce315fdb8a17aec3286107ac0185141d2c503b,c5f4cd9c2d3821bbb7069e00ccb57df08ad93c3ba98646bed59c646fad82cdbf,0.603116,,24967,2026-07-20,A2 seed=3407 TTA=60.31%; paired delta vs s42 = -0.07pp (p=0.457); multi-seed stability CONFIRMED but seed42 TTA has luck component
NR_CONSENSUS_RELABEL_V2_TTA_20260719,NR_CONSENSUS_RELABEL_V2_TOP100,,outputs/oof/nr_consensus_relabel_v2_top100/seed42/checkpoints/best.pt,,40,42,42,outputs/data/d3_strict/seed42,,0.6947297035458244,0.6947429180145264,9d4b40a93b41473b275d438157fcd9fc5e6d410f4b6212230550b997936b9843,9d4b40a93b41473b275d438157fcd9fc5e6d410f4b6212230550b997936b9843,c6af98bea162f114e986b9c6f38cf75ccd69e111734cfb3d8f69dfd03cf5604e,0.598871,,24967,2026-07-19,A3 consensus relabel V2 top100 TTA=59.89%; -0.42pp vs A0 TTA; 100 relabeled samples harmful; relabel direction CLOSED
NR_CL_CLASSWISE_DROP_TTA_20260719,NR_CL_CLASSWISE_DROP,,outputs/oof/nr_cl_classwise_drop/seed42/checkpoints/best.pt,,45,42,42,outputs/data/d3_strict/seed42,,0.686107343538074,0.6861095428466797,b312c455b47bf81785f28878166909ec63611b34dbc23eb3c9405f237e068981,b312c455b47bf81785f28878166909ec63611b34dbc23eb3c9405f237e068981,40de147b19b57a6969d17f529b831e53bcd736fa2c5b33f23e743a5fc991930f,0.595466,,24967,2026-07-19,A1 classwise drop TTA=59.55%; -0.76pp vs A0 TTA; 8680 low-precision delete harmful; classwise drop CLOSED
NR_CL_KNN_DROP_S3407_BARE_20260720,NR_CL_KNN_DROP,179a215,outputs/oof/nr_cl_knn_drop/seed3407/checkpoints/best.pt,9bdb8d65fdc620f2716802dbf49e9c9c8be53f3e57d67279d7f4b017e19ec83e,43,42,3407,outputs/data/d3_strict/seed42,,0.6939546599496221,0.6939714550971985,,,,0.598110,,24967,2026-07-20T15:38:19Z,A2 seed=3407 bare=59.81% (vs A0 bare 59.90%; -0.09pp); seed42→3407 bare drop TBD; bare→TTA gap=+0.50pp
A2_PARENT_SWAP_TTA_20260721,F1_VISUAL_LORA_CLEAN_CORE_A2_PARENT,a20aee4,reproducibility/aegis_f1/outputs/F1_VISUAL_LORA_CLEAN_CORE_A2_PARENT/seed42/checkpoints/best.pt,7e63c1ccc0e2774d97d14bad3f3d1fbaa61304240c13ea22db8de88f3833edab,1,42,42,reproducibility/aegis_f1/artifacts/stages/preliminary/seed42,,0.7922,,,,a1ca8ee9a5053e39e018134ff8c91a2ce9168c86f1bdd41ecfd16b324caf5e14,0.608683,,24967,2026-07-20T17:06:38Z,A2 parent swap TTA=60.87% (vs F1 E2 parent TTA 61.10%; -0.23pp REGRESSION); local +8.5pp raw_micro gain did NOT transfer to platform; epoch 1 best but overfit; TTA settings: horizontal_flip mean_probabilities T=0.5
A2_PARENT_SWAP_BARE_20260721,F1_VISUAL_LORA_CLEAN_CORE_A2_PARENT,a20aee4,reproducibility/aegis_f1/outputs/F1_VISUAL_LORA_CLEAN_CORE_A2_PARENT/seed42/checkpoints/best.pt,7e63c1ccc0e2774d97d14bad3f3d1fbaa61304240c13ea22db8de88f3833edab,1,42,42,,,,,,,b6f0d64fb10fa0ae89b96f6d9b80e5808a986266b9dad6995f08510eba42c24b,0.602916,,24967,2026-07-21T01:21:25Z,A2 parent swap bare=60.29% (vs F1 E2 parent bare 60.52%; -0.23pp REGRESSION); TTA gap +0.58pp consistent with F1; stronger parent does NOT improve LoRA; parent swap direction CLOSED with negative result
A2_PARENT_SWAP_STRICT_BARE_20260721,F1_VISUAL_LORA_CLEAN_CORE_A2_PARENT_STRICT,,reproducibility/aegis_f1/outputs/F1_VISUAL_LORA_CLEAN_CORE_A2_PARENT_STRICT/seed42/checkpoints/best.pt,096f3294bebf262c87bc9f8ffa72d08a31c76eb6cba433af90ba36399b543c9e,6,42,42,outputs/data/d3_strict/seed42,,0.6963,,,,f4f9d089f13449d4987ae44257c99cb6dfc0e6b00c3d9e2f1a04216da4786d87,0.606521,,24967,2026-07-21T03:01:20Z,A2 STRICT bare=60.65% (vs F1 E2 60.52%; +0.14pp POSITIVE); epoch-0 baseline=69.43% confirmed lineage fix correct; LoRA gain +0.19pp local; CORRECTS prior negative conclusion from broken-lineage A2 swap
A2_PARENT_SWAP_STRICT_TTA_20260721,F1_VISUAL_LORA_CLEAN_CORE_A2_PARENT_STRICT,,reproducibility/aegis_f1/outputs/F1_VISUAL_LORA_CLEAN_CORE_A2_PARENT_STRICT/seed42/checkpoints/best.pt,096f3294bebf262c87bc9f8ffa72d08a31c76eb6cba433af90ba36399b543c9e,6,42,42,,,,,,,473573897f7534fbccaba97a9b5955a97a01459fb7d73842a657dd945db8a743,0.611487,,24967,2026-07-21T04:04:22Z,A2 STRICT TTA=61.15% (vs F1 E2 TTA 61.10%; +0.05pp MARGINAL); bare=60.65% +0.14pp; TTA gap=+0.50pp consistent; dual-seed promotion passed; A2 parent swap confirmed marginally positive
A2_PARENT_SWAP_STRICT_S3407_BARE_20260721,F1_VISUAL_LORA_CLEAN_CORE_A2_PARENT_STRICT_S3407,,reproducibility/aegis_f1/outputs/F1_VISUAL_LORA_CLEAN_CORE_A2_PARENT_STRICT_S3407/seed3407/checkpoints/best.pt,1a4c5c282f2238e2dbe3176e7d1862863113866d74bf8c7c380bd452076d44db,6,42,3407,outputs/data/d3_strict/seed42,607e019165912bb0639efb456b7e8dea122b3e8579a2344dedb8109798921eae,0.6972485780715942,0.6973047256469727,245a3fcd61df5c28a87d36e399ab5b355335eb667b8c089e5ff2da217d3dbfc0,245a3fcd61df5c28a87d36e399ab5b355335eb667b8c089e5ff2da217d3dbfc0,4038a61f2f758807fceed66749fec4175806fb92e948182c694a4316bd7ed68b,0.606441,0.0908075780715942,24967,2026-07-21,A2 STRICT seed=3407 bare=60.64% (vs seed=42 bare 60.65%; -0.01pp); checkpoint/prediction/ZIP hashes backfilled from local audited artifacts
F1_M1_REPORTED_20260722,AEGIS_F1_VISUAL_LORA_CLEAN_CORE,d542fc6,/home/x28639/projects/AegisCLIP-Noise-Robust/outputs/F1_VISUAL_LORA_CLEAN_CORE/seed42/checkpoints/best.pt,7da95e427b959e85cbbf37c99d47d9909b941032e836fc219aaea8e690d72cc4,4,42,42,/home/x28639/projects/AegisCLIP-Noise-Robust/artifacts/stages/preliminary/seed42,,,,,,,0.633276,,,2026-07-22,"Reported F1+M1 platform anchor; local ZIP SHA-256, upload time, and prediction count unavailable; reported_unverified"
A2_M1_REPORTED_20260722,NR_CL_KNN_DROP,,,,,42,42,outputs/data/d3_strict/seed42,,,,,,,0.626747,,,2026-07-22,"Reported A2+M1 platform anchor; checkpoint and ZIP hashes, upload time, and prediction count unavailable; reported_unverified"
A2_M3_REPORTED_20260722,NR_CL_KNN_DROP,,,,,42,42,outputs/data/d3_strict/seed42,,,,,,,0.620259,,,2026-07-22,"Reported A2+M3 platform anchor; inference manifest, checkpoint and ZIP hashes, upload time, and prediction count unavailable; reported_unverified"
A2_STRICT_M1_W035_20260730,F1_VISUAL_LORA_CLEAN_CORE_A2_PARENT_STRICT,,reproducibility/aegis_f1/outputs/F1_VISUAL_LORA_CLEAN_CORE_A2_PARENT_STRICT/seed42/checkpoints/best.pt,096f3294bebf262c87bc9f8ffa72d08a31c76eb6cba433af90ba36399b543c9e,6,42,42,outputs/data/d3_strict/seed42,607e019165912bb0639efb456b7e8dea122b3e8579a2344dedb8109798921eae,0.7069366574,0.7070143223,bbcc0b0551ee4b2ae84c72abbf33cf89240566248d2bc8a3c8f7972ce3f4a0b5,bbcc0b0551ee4b2ae84c72abbf33cf89240566248d2bc8a3c8f7972ce3f4a0b5,ddbbf0b9e408e9fbcd4fc7d00c8c16e647a872634c61625d9c9e9c935d549e66,0.626870,0.0800666574,24967,2026-07-30,"A2 STRICT + M1 crop160/top5/global0.65/local0.35; platform score corrected by user from 62.8670 to 62.6870; +2.0349pp vs A2 STRICT bare, -0.6406pp vs reported F1+M1"
F1_REBUILD_R1_M1_W035_20260730,F1_VISUAL_LORA_CLEAN_CORE_REBUILD_R1,aeb3da4,reproducibility/aegis_f1/outputs/F1_VISUAL_LORA_CLEAN_CORE_REBUILD_R1/seed42/checkpoints/best.pt,805e0df7d2ee7dfb2481a08664b71eb5f7ed600f27f1d5af726c926f3e6fb281,4,42,42,reproducibility/aegis_f1/artifacts/stages/preliminary/seed42,54a790b35f836cfba4c19cbb5fe38c4b1b37aab62cc9d477f9285496b2d5568e,0.7180108428,,a992d8c11c203ac89a1335c0ff8f833fe56c686115303c67347cc6c96b9dbb4b,a992d8c11c203ac89a1335c0ff8f833fe56c686115303c67347cc6c96b9dbb4b,02d37906accdf6b49e40733b4e675220f0177b5d71c5662984de68df5e781bb6,0.629791,0.0882198428,24967,2026-07-30,"F1 same-split rebuild + M1 crop160/top5/global0.65/local0.35; audited platform=62.9791%; +0.2921pp vs A2 STRICT M1, -0.3485pp vs reported original F1+M1; platform_valid_not_promoted"
F1_REBUILD_R1_M1_FLIP_L040_F050_20260730,F1_VISUAL_LORA_CLEAN_CORE_REBUILD_R1,c702eb0,reproducibility/aegis_f1/outputs/F1_VISUAL_LORA_CLEAN_CORE_REBUILD_R1/seed42/checkpoints/best.pt,805e0df7d2ee7dfb2481a08664b71eb5f7ed600f27f1d5af726c926f3e6fb281,4,42,42,reproducibility/aegis_f1/artifacts/stages/preliminary/seed42,54a790b35f836cfba4c19cbb5fe38c4b1b37aab62cc9d477f9285496b2d5568e,0.7213066816,0.7210795879,c2e570c57763e190c8b970dcfe40cf12edc383a460edda14d4b83b7728156265,c2e570c57763e190c8b970dcfe40cf12edc383a460edda14d4b83b7728156265,67f4eda57291e34096edcb0545b142fd0a3114fb1c76eb1e17996afe87d692e0,0.637802,0.0835046816,24967,2026-07-30T23:08:49Z,"F1 same-split rebuild + M1 crop160/top5 + horizontal-flip 2-view x global/local 4-view fusion local0.40/flip0.50 t=1; audited platform=63.7802% new best; +0.8011pp vs F1 rebuild M1 62.9791%, +0.4526pp vs reported original F1+M1 63.3276%; platform_valid_promoted; flip extension uncommitted (branch agent/sync-experiment-docs)"
AEGIS_D1_BARE_20260717,D1_FULL_TRAIN_GATED_ADAPTER,,reproducibility/aegis_f1/outputs/D1_FULL_TRAIN_GATED_ADAPTER/seed42/checkpoints/last.pt,b4e7a505481f60ba543c4607d00d1b702576cb0a66857a82c817ce3a8243adb6,7,42,42,,,,,3a0125eb99c3a162413cca48d5a45fdd4ae1d93626b21d122d3d84d873ffc8f1,,092e3d11ea71f7e15e1838d9796c9c764ffc442de7163a839fb43c0ef88fd5ad,,,24967,2026-07-17,D1 single-view bare; team lead only confirmed score lower than 59.8500%; exact platform score unavailable and intentionally left blank
AEGIS_D1_FLIP_20260717,D1_FULL_TRAIN_GATED_ADAPTER,,reproducibility/aegis_f1/outputs/D1_FULL_TRAIN_GATED_ADAPTER/seed42/checkpoints/last.pt,b4e7a505481f60ba543c4607d00d1b702576cb0a66857a82c817ce3a8243adb6,7,42,42,,,,,be5da5c10ea16c3810b4d66fd50d7560de59864b355fdf431f9f18ccd0c860b8,,e3ab2e85b37f9dfb34b35521c41410342395d9c7acf8df110606a6ee2689b5a0,0.598500,,24967,2026-07-17,D1 full-train gated adapter with horizontal-flip TTA; confirmed platform 59.8500%
AEGIS_F1_M1_20260722,M1_F1_ATTENTION_LOCAL_GLOBAL,be78566,reproducibility/aegis_f1/outputs/F1_VISUAL_LORA_CLEAN_CORE/seed42/checkpoints/best.pt,7da95e427b959e85cbbf37c99d47d9909b941032e836fc219aaea8e690d72cc4,4,42,42,,,,,530de64ccdf7e2d65c64fb4e46885289362cc7eb54b715d723aeefc93a16dd8b,,eca9e7c6269c6a4a1cdb213228fa11e881a7ed9795df14da721d6799a1dab63c,0.633276,,24967,2026-07-22,F1 visual LoRA plus M1 center/attention-local 1:1 probability mean; current confirmed platform best 63.3276%
AEGIS_A2_M1_20260722,M1_A2_ATTENTION_LOCAL_GLOBAL,be78566,reproducibility/aegis_f1/outputs/M1_A2_FROZEN_INFERENCE/seed42/checkpoints/a2_exact.pt,1e2c1a4a274c5e466b716ded41ccf58bebf167a2fadbeba75693d08bdb4f039c,,42,42,,,,,47443ab8ce4f939025ec334e9d903caed769e765ded83b75850e762364f32ef8,,b73eed1f826b37433962cce547cbfa6f15e57afd7d83b3c56557ce2ab399ecbd,0.626747,,24967,2026-07-22,A2 kNN-drop checkpoint plus M1 center/attention-local 1:1 probability mean; confirmed platform 62.6747%
AEGIS_A2_M3_20260722,M3_A2_FLIP_M1_COMPLEMENTARY,d97e677,reproducibility/aegis_f1/outputs/M1_A2_FROZEN_INFERENCE/seed42/checkpoints/a2_exact.pt,1e2c1a4a274c5e466b716ded41ccf58bebf167a2fadbeba75693d08bdb4f039c,,42,42,,,,,6d53c6699fb24cbf59a0f9319aaffa90536ae701fd89675b6e7693c267d92322,,8f757c6590e9d92ce7655e716d72eb36397d8f302e14c94f691b45e5e184ef4b,0.620259,,24967,2026-07-22,A2 complementary Flip branch plus M1 branch; confirmed platform 62.0259%; below pure M1 and retained as ablation
AEGIS_A2_LORA_MIN_BARE_20260722,A2_LORA_MIN_KNN_DROP,375b396,outputs/a2_lora_min_knn/A2_LORA_MIN_KNN_DROP/seed42/checkpoints/best.pt,893488934f811737686335b273456aba29266eacb68fffcfbff42e6016966e7b,5,42,42,,,0.699671,,73e816e93537378832ecb6827a194d7cec8ef6442fab87b67e099d53062affef,,1f33fe5f8496e7de2e9f88d2bb965e7e528134caf7094a51f764215587275a4c,0.611167,,24967,2026-07-22,A2 LoRA MIN bare; confirmed platform 61.1167%
AEGIS_A2_LORA_MIN_TTA_20260722,A2_LORA_MIN_KNN_DROP,375b396,outputs/a2_lora_min_knn/A2_LORA_MIN_KNN_DROP/seed42/checkpoints/best.pt,893488934f811737686335b273456aba29266eacb68fffcfbff42e6016966e7b,5,42,42,,,0.699671,,d92bd15e880331b1a3a465edf306f717d9d714d1b4b9400817e89dadc9642716,,00980bdf852042af7a48dc492b37a9fa2979b17b8562a5cbc55aa1b20d963498,0.616574,,24967,2026-07-22,A2 LoRA MIN horizontal-flip TTA; confirmed platform 61.6574%
AEGIS_A2_LORA_FULL_TTA_20260722,A2_LORA_FULL_KNN_DROP,375b396,outputs/a2_lora_full_knn/A2_LORA_FULL_KNN_DROP/seed42/checkpoints/best.pt,671dedef7650bd3d780cd0ec2f5d6ecceee1489137d0a706537615ac9cf9c1ca,5,42,42,,,0.702868,,5f92174f48082ed3eb3baa020098c70cd5d223f8f3f24966c06e3898c038e2f5,,84b526d478805fbc1e5e9d4deac6eba27e917d0adc9bb7736972fcdb1f20d7ea,0.621781,,24967,2026-07-22,A2 LoRA FULL horizontal-flip TTA; confirmed platform 62.1781%
AEGIS_A2_LORA_FULL_BARE_20260722,A2_LORA_FULL_KNN_DROP,375b396,outputs/a2_lora_full_knn/A2_LORA_FULL_KNN_DROP/seed42/checkpoints/best.pt,671dedef7650bd3d780cd0ec2f5d6ecceee1489137d0a706537615ac9cf9c1ca,5,42,42,,,0.702868,,a92c440d7a8b1c8026ef521e7688a5cffec9ecc7c136eac177c1248f07b3eb5f,,6fd99d42dd880a84d91535164cf52c7d9e8189a2c95a6918a76a7e9bfa7db8f2,0.615733,,24967,2026-07-22,A2 LoRA FULL bare; confirmed platform 61.5733%
F1_REBUILD_R1_M1_FLIP_PA025_20260731,F1_VISUAL_LORA_CLEAN_CORE_REBUILD_R1,ed074d7,reproducibility/aegis_f1/outputs/F1_VISUAL_LORA_CLEAN_CORE_REBUILD_R1/seed42/checkpoints/best.pt,805e0df7d2ee7dfb2481a08664b71eb5f7ed600f27f1d5af726c926f3e6fb281,4,42,42,reproducibility/aegis_f1/artifacts/stages/preliminary/seed42,54a790b35f836cfba4c19cbb5fe38c4b1b37aab62cc9d477f9285496b2d5568e,0.7213066816,0.7210795879,549d9b45b08353c00c5ed07f6b585ca13afcf99d4b75546d0f36c5a15ab603e0,549d9b45b08353c00c5ed07f6b585ca13afcf99d4b75546d0f36c5a15ab603e0,c0bbcee6e33b04f04411099a73ebd3f6444e81cc83a3fe47aae038dfa78af6d6,0.655786,0.0655206816,24967,2026-07-31,"F1 rebuild + M1/Flip + balanced-prior alignment strength=0.25; audited platform=65.5786% new best; +1.7984pp vs M1+Flip 63.7802%, +2.2510pp vs reported original F1+M1 63.3276%; confirms balanced test prior; platform_valid_promoted"
F1_REBUILD_R1_W060_M1_FLIP_PA100_20260731,F1_VISUAL_LORA_CLEAN_CORE_REBUILD_R1_W060,ee57c92,reproducibility/aegis_f1/outputs/F1_VISUAL_LORA_CLEAN_CORE_REBUILD_R1_W060/seed42/checkpoints/best.pt,a737287265772634018393701c93bc6210db4f884fd76097ded2024300a9b338,4,42,42,reproducibility/aegis_f1/artifacts/stages/preliminary/seed42,54a790b35f836cfba4c19cbb5fe38c4b1b37aab62cc9d477f9285496b2d5568e,0.7219852805137634,0.7217695713043213,241faf91dde3f78ac6a4126e5548c607c22ce3e87f282c423b01ef521fa842ce,241faf91dde3f78ac6a4126e5548c607c22ce3e87f282c423b01ef521fa842ce,12e0ec304d26a4f65ca8a33e571f2aa33a7d44593435ad3b7a2c4d4eebc45edb,0.672007,0.0499782805137634,24967,2026-07-31,"W060 (T70-01 more-data F1) + M1/Flip + balanced-prior strength 1.0; audited platform=67.2007% new best; +1.6221pp vs R1+prior0.25 65.5786%, +3.4205pp vs uncalibrated M1/Flip 63.7802%; prior strength 1.0 confirmed; platform_valid_promoted"
F1_REBUILD_R1_W050_M1_FLIP_PA075_20260731,F1_VISUAL_LORA_CLEAN_CORE_REBUILD_R1_W050,fc3ffca,reproducibility/aegis_f1/outputs/F1_VISUAL_LORA_CLEAN_CORE_REBUILD_R1_W050/seed42/checkpoints/best.pt,95d2bf7cf8ecad6ed302977621dcff9d311a5328309bf12c3ff7a17af3b599b8,4,42,42,reproducibility/aegis_f1/artifacts/stages/preliminary/seed42,54a790b35f836cfba4c19cbb5fe38c4b1b37aab62cc9d477f9285496b2d5568e,0.722761,0.722571,efc92945b3e7de59dce244f3b57967990e462aa6a6844573c9e9f9236fbe76f2,efc92945b3e7de59dce244f3b57967990e462aa6a6844573c9e9f9236fbe76f2,c4583bc660f088c7225301d52b5010a9d8fc91c677bc61c825213e70bd6846da,0.672848,0.049913,24967,2026-07-31,"W050 + M1/Flip + balanced-prior strength 0.75; audited platform=67.2848% new best; +0.0841pp vs W060+1.0 67.2007, +0.1241pp vs W050+1.0 67.1607; strength 0.75 beats 1.0 (1.0 over-corrects non-uniform test); platform_valid_promoted"
F1_REBUILD_R1_W060_M1_FLIP_PA060_20260801,F1_VISUAL_LORA_CLEAN_CORE_REBUILD_R1_W060,fc3ffca,reproducibility/aegis_f1/outputs/F1_VISUAL_LORA_CLEAN_CORE_REBUILD_R1_W060/seed42/checkpoints/best.pt,a737287265772634018393701c93bc6210db4f884fd76097ded2024300a9b338,4,42,42,reproducibility/aegis_f1/artifacts/stages/preliminary/seed42,54a790b35f836cfba4c19cbb5fe38c4b1b37aab62cc9d477f9285496b2d5568e,0.7219852805137634,0.7217695713043213,d4364bc46d7b28ab6a1c53efbe480485e53b8fa8e94feaf540f1511ef9a94166,d4364bc46d7b28ab6a1c53efbe480485e53b8fa8e94feaf540f1511ef9a94166,3da46e3b80082beadda0fd07d734834fc4d67f2b3cc5e50bd283f14a151254c5,0.669404,0.0525812805137634,24967,2026-08-01,W060 + M1/Flip + balanced-prior strength 0.6; audited platform=66.9404%; confirms 0.75 > 0.6 (+0.34pp); platform scored this distinct package correctly (user later confirmed platform has no cache; W060+0.75 same-score was statistical coincidence); platform_valid_not_promoted
F1_REBUILD_R1_W050_M1_FLIP_PA100_20260731,F1_VISUAL_LORA_CLEAN_CORE_REBUILD_R1_W050,fc3ffca,reproducibility/aegis_f1/outputs/F1_VISUAL_LORA_CLEAN_CORE_REBUILD_R1_W050/seed42/checkpoints/best.pt,95d2bf7cf8ecad6ed302977621dcff9d311a5328309bf12c3ff7a17af3b599b8,4,42,42,reproducibility/aegis_f1/artifacts/stages/preliminary/seed42,54a790b35f836cfba4c19cbb5fe38c4b1b37aab62cc9d477f9285496b2d5568e,0.722761,0.722571,0caf502c501ab23085bc23af5a4afeed29fdc4f41a9888150779e14cc8abfea1,0caf502c501ab23085bc23af5a4afeed29fdc4f41a9888150779e14cc8abfea1,d63982a1bdba47abafb9f3e79e0e6812950f08f92f4fba2d69957a44d481ac53,0.671607,0.051154,24967,2026-07-31,"W050 (T70-02, trust 0.50) + M1/Flip + balanced-prior strength 1.0; audited platform=67.1607%; -0.0400pp vs W060+1.0 67.2007% despite higher local raw (72.28% vs 72.20%) — local-platform transfer noisy at +/-0.1pp; platform_valid_not_promoted"
F1_REBUILD_R1_W060_M1_FLIP_PA080_20260801,F1_VISUAL_LORA_CLEAN_CORE_REBUILD_R1_W060,fc3ffca,reproducibility/aegis_f1/outputs/F1_VISUAL_LORA_CLEAN_CORE_REBUILD_R1_W060/seed42/checkpoints/best.pt,a737287265772634018393701c93bc6210db4f884fd76097ded2024300a9b338,4,42,42,reproducibility/aegis_f1/artifacts/stages/preliminary/seed42,54a790b35f836cfba4c19cbb5fe38c4b1b37aab62cc9d477f9285496b2d5568e,0.7219852805137634,0.7217695713043213,efd7045c85cac83cadfab0cdefd378370538520fc6d2cb0ebd0ed4551e30b8fc,efd7045c85cac83cadfab0cdefd378370538520fc6d2cb0ebd0ed4551e30b8fc,e96a5616f5e759adc388fb3d3be66a16cbb2b08d18e7298127a8b8ab5dc40a9d,0.673329,0.0486562805137634,24967,2026-08-01,"W060 + M1/Flip + balanced-prior strength 0.8; audited platform=67.3329% new best; +0.0481pp vs W050+0.75 67.2848, +0.1322pp vs W060+1.0 67.2007; strength curve peak between 0.8 and 1.0; platform_valid_promoted"
F1_REBUILD_R1_W060_M1_FLIP_PA085_20260801,F1_VISUAL_LORA_CLEAN_CORE_REBUILD_R1_W060,fc3ffca,reproducibility/aegis_f1/outputs/F1_VISUAL_LORA_CLEAN_CORE_REBUILD_R1_W060/seed42/checkpoints/best.pt,a737287265772634018393701c93bc6210db4f884fd76097ded2024300a9b338,4,42,42,reproducibility/aegis_f1/artifacts/stages/preliminary/seed42,54a790b35f836cfba4c19cbb5fe38c4b1b37aab62cc9d477f9285496b2d5568e,0.7219852805137634,0.7217695713043213,020cb900e2b62f568b7687c6bb2d66215e0e5c898f97b2abc091ceaa4a004e5f,020cb900e2b62f568b7687c6bb2d66215e0e5c898f97b2abc091ceaa4a004e5f,ae856f7b5dc4c98a8602bcaed25d4fbf6cd89f8497e18108c40ee73b3759bd6e,0.673569,0.0484162805137634,24967,2026-08-01,"W060 + M1/Flip + balanced-prior strength 0.85; audited platform=67.3569% new best; +0.0240pp vs 0.8 67.3329, +0.0721pp vs W050+0.75 67.2848; strength curve peak confirmed at 0.85; platform_valid_promoted"
F1_REBUILD_R1_W060_M1_FLIP_PA090_20260801,F1_VISUAL_LORA_CLEAN_CORE_REBUILD_R1_W060,fc3ffca,reproducibility/aegis_f1/outputs/F1_VISUAL_LORA_CLEAN_CORE_REBUILD_R1_W060/seed42/checkpoints/best.pt,a737287265772634018393701c93bc6210db4f884fd76097ded2024300a9b338,4,42,42,reproducibility/aegis_f1/artifacts/stages/preliminary/seed42,54a790b35f836cfba4c19cbb5fe38c4b1b37aab62cc9d477f9285496b2d5568e,0.7219852805137634,0.7217695713043213,2964a146f3e3409ccc0d45d747c39b0d9519f52956402bc0f0aecabbb3384945,2964a146f3e3409ccc0d45d747c39b0d9519f52956402bc0f0aecabbb3384945,9a90e44ae12e268ab48d863ed0517a8915786c7c5cd06042c5b7d8d29394514c,0.673369,0.0486162805137634,24967,2026-08-01,W060 + M1/Flip + balanced-prior strength 0.9; audited platform=67.3369%; -0.0200pp vs peak 0.85 67.3569 confirming peak at 0.85; platform_valid_not_promoted
F1_REBUILD_R1_W060_CORR_M1_FLIP_PA085_20260801,F1_VISUAL_LORA_CLEAN_CORE_REBUILD_R1_W060_CORR,fc3ffca,reproducibility/aegis_f1/outputs/F1_VISUAL_LORA_CLEAN_CORE_REBUILD_R1_W060_CORR/seed42/checkpoints/best.pt,c54c04a632238fb08f4a1846a4c884d1cfe1b93cb2a42ab12533308df9e9c6f1,4,42,42,reproducibility/aegis_f1/artifacts/stages/preliminary/seed42,54a790b35f836cfba4c19cbb5fe38c4b1b37aab62cc9d477f9285496b2d5568e,0.722373,0.722201,eb93dc2c00bfd5ad5fba06734f89f23e58e7320a6060fffd5ba8a09187097ddc,eb93dc2c00bfd5ad5fba06734f89f23e58e7320a6060fffd5ba8a09187097ddc,2b7099e1df7dcc0c69e221c1db9f300422bd2f0b815cad06acf628dcf53ca634,0.671807,0.050566,24967,2026-08-01,"CORR (pseudo-label correction) + M1/Flip flip0.6 + balanced-prior 0.85; audited platform=67.1807%; -0.1762pp vs best W060+0.85 67.3569; CORR local gain and flip0.6 did not transfer, prior 0.85 peak is checkpoint-specific — levers do not stack on platform; platform_valid_not_promoted"
F1_REBUILD_R1_W060_M1_FLIP_T07_PA085_20260801,F1_VISUAL_LORA_CLEAN_CORE_REBUILD_R1_W060,fc3ffca,reproducibility/aegis_f1/outputs/F1_VISUAL_LORA_CLEAN_CORE_REBUILD_R1_W060/seed42/checkpoints/best.pt,a737287265772634018393701c93bc6210db4f884fd76097ded2024300a9b338,4,42,42,reproducibility/aegis_f1/artifacts/stages/preliminary/seed42,54a790b35f836cfba4c19cbb5fe38c4b1b37aab62cc9d477f9285496b2d5568e,0.7219852805137634,0.7217695713043213,154b6633df5be841275fef3c36dc0c231aa816a501456eb31945903924a2d64c,154b6633df5be841275fef3c36dc0c231aa816a501456eb31945903924a2d64c,2195a17882d14555445c4b138ec43d9121461429dacfefbba8170af82f284aca,0.669123,0.0528622805137634,24967,2026-08-01,W060 + M1/Flip temp0.7 + balanced-prior 0.85; audited platform=66.9123%; -0.4446pp vs best temp1.0 67.3569; sharper fusion over-concentrates and hurts platform; platform_valid_not_promoted
F1_REBUILD_R1_W060_M1_FLIP_T13_PA085_20260801,F1_VISUAL_LORA_CLEAN_CORE_REBUILD_R1_W060,fc3ffca,reproducibility/aegis_f1/outputs/F1_VISUAL_LORA_CLEAN_CORE_REBUILD_R1_W060/seed42/checkpoints/best.pt,a737287265772634018393701c93bc6210db4f884fd76097ded2024300a9b338,4,42,42,reproducibility/aegis_f1/artifacts/stages/preliminary/seed42,54a790b35f836cfba4c19cbb5fe38c4b1b37aab62cc9d477f9285496b2d5568e,0.7219852805137634,0.7217695713043213,5bc9c7e7dd0a5cc40c92b3bbb14970c00208a89bd1d53d712a541a3a79478c99,5bc9c7e7dd0a5cc40c92b3bbb14970c00208a89bd1d53d712a541a3a79478c99,556158726553e1ab4e5ba1b0bafcaeac4e3be56db1a8f68e1e59a027251058d7,0.675331,0.0466542805137634,24967,2026-08-01,W060 + M1/Flip temp1.3 + balanced-prior 0.85; audited platform=67.5331% new best; +0.1762pp vs temp1.0 67.3569; flatter fusion reduces overconfidence and improves calibration; platform_valid_promoted
F1_REBUILD_R1_W060_M1_FLIP_T15_PA085_20260801,F1_VISUAL_LORA_CLEAN_CORE_REBUILD_R1_W060,fc3ffca,reproducibility/aegis_f1/outputs/F1_VISUAL_LORA_CLEAN_CORE_REBUILD_R1_W060/seed42/checkpoints/best.pt,a737287265772634018393701c93bc6210db4f884fd76097ded2024300a9b338,4,42,42,reproducibility/aegis_f1/artifacts/stages/preliminary/seed42,54a790b35f836cfba4c19cbb5fe38c4b1b37aab62cc9d477f9285496b2d5568e,0.7219852805137634,0.7217695713043213,83b95ca9bd532a39d32a58369e4a3f5db571b479543bb1554019c1c9e33d2910,83b95ca9bd532a39d32a58369e4a3f5db571b479543bb1554019c1c9e33d2910,ad4807f56c5c3e119e53dba7961cc10a656f73e266ad6c6da6560677e6ebb468,0.675812,0.0461732805137634,24967,2026-08-01,"W060 + M1/Flip temp1.5 + balanced-prior 0.85; audited platform=67.5812% new best; +0.0481pp vs temp1.3 67.5331, +0.2243pp vs temp1.0 67.3569; temperature curve still rising; platform_valid_promoted"
F1_REBUILD_R1_W060_M1_FLIP_T18_PA085_20260801,F1_VISUAL_LORA_CLEAN_CORE_REBUILD_R1_W060,fc3ffca,reproducibility/aegis_f1/outputs/F1_VISUAL_LORA_CLEAN_CORE_REBUILD_R1_W060/seed42/checkpoints/best.pt,a737287265772634018393701c93bc6210db4f884fd76097ded2024300a9b338,4,42,42,reproducibility/aegis_f1/artifacts/stages/preliminary/seed42,54a790b35f836cfba4c19cbb5fe38c4b1b37aab62cc9d477f9285496b2d5568e,0.7219852805137634,0.7217695713043213,3a76de3c11b05026343c8037839454f9a11d4b4a55a4a2171e46dcf6853c6a2c,3a76de3c11b05026343c8037839454f9a11d4b4a55a4a2171e46dcf6853c6a2c,1d3847875fba94f0a18f2c0b04b9653f739e4e02c300ffc0474c123e3baa72cd,0.674330,0.0476552805137634,24967,2026-08-01,W060 + M1/Flip temp1.8 + balanced-prior 0.85; audited platform=67.4330%; -0.1482pp vs temp1.5 peak 67.5812; temperature curve peaks at 1.5; platform_valid_not_promoted
F1_REBUILD_R1_W060_M1_FLIP_T15_PA080_20260801,F1_VISUAL_LORA_CLEAN_CORE_REBUILD_R1_W060,fc3ffca,reproducibility/aegis_f1/outputs/F1_VISUAL_LORA_CLEAN_CORE_REBUILD_R1_W060/seed42/checkpoints/best.pt,a737287265772634018393701c93bc6210db4f884fd76097ded2024300a9b338,4,42,42,reproducibility/aegis_f1/artifacts/stages/preliminary/seed42,54a790b35f836cfba4c19cbb5fe38c4b1b37aab62cc9d477f9285496b2d5568e,0.7219852805137634,0.7217695713043213,0d85506a9bc400bf51bd3c0389973d0bc70f4f5266414a99a52e78e47b8e1a55,0d85506a9bc400bf51bd3c0389973d0bc70f4f5266414a99a52e78e47b8e1a55,5e0f417df5ff75177fe528c3cdc27352d45a5c21265e523d610420611b50cd78,0.675011,0.0469742805137634,24967,2026-08-01,W060 + M1/Flip temp1.5 + balanced-prior 0.8; audited platform=67.5011%; -0.0801pp vs temp1.5 x prior0.85 67.5812; prior peak at temp1.5 remains 0.85; platform_valid_not_promoted
F1_REBUILD_R1_W060_M1_FLIP_GT10_LT15_PA085_20260801,F1_VISUAL_LORA_CLEAN_CORE_REBUILD_R1_W060,fc3ffca,reproducibility/aegis_f1/outputs/F1_VISUAL_LORA_CLEAN_CORE_REBUILD_R1_W060/seed42/checkpoints/best.pt,a737287265772634018393701c93bc6210db4f884fd76097ded2024300a9b338,4,42,42,reproducibility/aegis_f1/artifacts/stages/preliminary/seed42,54a790b35f836cfba4c19cbb5fe38c4b1b37aab62cc9d477f9285496b2d5568e,0.7219852805137634,0.7217695713043213,0268b75638444bccd9eea2a36c96d1dc29fbbb61bedde3b0c1391f8a43637efe,0268b75638444bccd9eea2a36c96d1dc29fbbb61bedde3b0c1391f8a43637efe,f9f12d3bb5e5e2a1b6af039b5bfd708ce5d4f938550be5a4f608699f912100aa,0.666440,0.0555452805137634,24967,2026-08-01,"W060 + M1/Flip per-branch temp g1.0/l1.5 + balanced-prior 0.85; audited platform=66.6440%; -0.9372pp vs best 67.5812; global sharper temp1.0 hurts badly, both branches need flat 1.5; platform_valid_not_promoted"
F1_REBUILD_R1_W060_A12_M1_FLIP_T15_PA085_20260802,F1_VISUAL_LORA_CLEAN_CORE_REBUILD_R1_W060_A12,,/home/lux1/noise/reproducibility/aegis_f1/outputs/F1_VISUAL_LORA_CLEAN_CORE_REBUILD_R1_W060_A12/seed42/checkpoints/best.pt,a4dbeddd955cfe1e66903df12d5ac13d507b50d646d38f489e6ac4368e047b15,6,42,42,reproducibility/aegis_f1/artifacts/stages/preliminary/seed42,54a790b35f836cfba4c19cbb5fe38c4b1b37aab62cc9d477f9285496b2d5568e,0.710741,0.710379,df3cfd00874007ef6414181ad8c88f1bcef0a36b44aa306832778a881c37a798,df3cfd00874007ef6414181ad8c88f1bcef0a36b44aa306832778a881c37a798,a4e14f56ce2990220804cf7d78a1d124b39272b14e0ab533449c2432d07854d5,0.6761725477630472,0.04600656705552575,24967,2026-08-02T22:45:00Z,"A12 (LoRA all 12 blocks) + M1/Flip temp1.5 + balanced-prior 0.85; audited PASS (24967 rows, 500 classes, 0 corrupt); PLATFORM=67.6173% NEW BEST +0.0361pp vs W060 67.5812; local M1+flip raw 0.7222 slightly below W060 0.7241 but platform higher — confirms platform-only judge; platform_valid_promoted"
F1_REBUILD_R1_W060_A12_CORR_M1_FLIP_T15_PA085_20260803,F1_VISUAL_LORA_CLEAN_CORE_REBUILD_R1_W060_A12_CORR,,/home/lux1/noise/reproducibility/aegis_f1/outputs/F1_VISUAL_LORA_CLEAN_CORE_REBUILD_R1_W060_A12_CORR/seed42/checkpoints/best.pt,ec6948c96aaa921df1034c78972dec8ca58e88aea04fd7ccbc58b143060a3238,8,42,42,reproducibility/aegis_f1/artifacts/stages/preliminary/seed42,54a790b35f836cfba4c19cbb5fe38c4b1b37aab62cc9d477f9285496b2d5568e,0.712098,0.7118,0bed0fc44f6e9b4a8b3f258fc69d7b6461d9ba2f21c07d1be6e87786056f22e5,0bed0fc44f6e9b4a8b3f258fc69d7b6461d9ba2f21c07d1be6e87786056f22e5,b2b1924a98ad9179c17d2421c3584a910070e0c611713707079c5ac58f3e0585,0.6768534465494453,0.046446553450554706,24967,2026-08-03T10:45:00Z,"A12_CORR (LoRA all 12 blocks + pseudo-label correction from ep2, 8ep) + M1/Flip temp1.5 + balanced-prior 0.85; audited PASS; PLATFORM=67.6853% NEW BEST +0.0681pp vs A12 67.6173; global raw 0.7121 / clean-core 0.8183; M1+flip fusion 0.7233 between W060 and A12; platform_valid_promoted"
F1_REBUILD_R1_W060_A12_CORR_M1_FLIP_L035_F060_T15_PA085_20260803,F1_VISUAL_LORA_CLEAN_CORE_REBUILD_R1_W060_A12_CORR,,/home/lux1/noise/reproducibility/aegis_f1/outputs/F1_VISUAL_LORA_CLEAN_CORE_REBUILD_R1_W060_A12_CORR/seed42/checkpoints/best.pt,ec6948c96aaa921df1034c78972dec8ca58e88aea04fd7ccbc58b143060a3238,8,42,42,reproducibility/aegis_f1/artifacts/stages/preliminary/seed42,54a790b35f836cfba4c19cbb5fe38c4b1b37aab62cc9d477f9285496b2d5568e,0.7233,0.7229,88f5c8408cedd646acc46e47b984a1a55171bf693ff15af6f64353f4c6a3ad6f,88f5c8408cedd646acc46e47b984a1a55171bf693ff15af6f64353f4c6a3ad6f,2921e14b2e870e5911e2e6cee8b44ad6f9b44ed531a023b8d22a117aea09d87b,0.6731685825289382,0.05013141747106187,24967,2026-08-03T11:15:00Z,A12_CORR + M1/Flip l035/f060 + temp1.5 + prior0.85; PLATFORM=67.3169% REGRESSION -0.3684pp vs l040/f050 67.6853% despite local M1+flip raw 0.7233 > 0.7227; confirms local fusion gain does not transfer to platform (flip0.6 lesson); platform_valid_not_promoted
F1_REBUILD_R1_W060_A12_CORR_E10_20260803,F1_VISUAL_LORA_CLEAN_CORE_REBUILD_R1_W060_A12_CORR_E10,,reproducibility/aegis_f1/outputs/F1_VISUAL_LORA_CLEAN_CORE_REBUILD_R1_W060_A12_CORR_E10/seed42/checkpoints/best.pt,,10,42,42,reproducibility/aegis_f1/artifacts/stages/preliminary/seed42,,0.712098,0.712098,,,,,,0,2026-08-03T12:20:00Z,"A12_CORR extended to 10 epochs (resume ep8); ep9/ep10 equal ep8 best; longer training no gain, closed; no submission package"
F1_REBUILD_R1_W060_A12_CORR_E1_20260803,F1_VISUAL_LORA_CLEAN_CORE_REBUILD_R1_W060_A12_CORR_E1,,reproducibility/aegis_f1/outputs/F1_VISUAL_LORA_CLEAN_CORE_REBUILD_R1_W060_A12_CORR_E1/seed42/checkpoints/best.pt,,8,42,42,reproducibility/aegis_f1/artifacts/stages/preliminary/seed42,,0.712292,0.712292,,,,,,0,2026-08-03T12:20:00Z,"A12_CORR correction from epoch 1; global best slightly higher than ep2-start (+0.02pp) but M1+flip fusion identical (0.7233); timing irrelevant, no package; closed"
F1_REBUILD_R1_W060_A12_CORR_E1_M1_FLIP_L035_F060_T15_PA085_20260803,F1_VISUAL_LORA_CLEAN_CORE_REBUILD_R1_W060_A12_CORR_E1,,/home/lux1/noise/reproducibility/aegis_f1/outputs/F1_VISUAL_LORA_CLEAN_CORE_REBUILD_R1_W060_A12_CORR_E1/seed42/checkpoints/best.pt,4aca895d763fa1f8bb807ff9e93d58df94db0ebffaaa04b4a95602c59bf3f375,8,42,42,reproducibility/aegis_f1/artifacts/stages/preliminary/seed42,54a790b35f836cfba4c19cbb5fe38c4b1b37aab62cc9d477f9285496b2d5568e,0.7233,0.7229,a40eecd4db2d2b41c9a30d7e106b17fa917ed8d17a5e9851b96afcda7a6d79ef,a40eecd4db2d2b41c9a30d7e106b17fa917ed8d17a5e9851b96afcda7a6d79ef,5fb9b4edc13d4eadf17c873ce5e0d22e5177f2dc5c152d387c8cd406a30ca530,,,24967,2026-08-03T12:30:00Z,A12_CORR_E1 (correction from epoch 1) + M1/Flip l035/f060 + temp1.5 + prior0.85; global best 0.7123/0.8186 slightly above ep2-start (0.7121/0.8183); M1+flip fusion identical to A12_CORR (0.7233); only 36 pred diffs vs A12_CORR same protocol; placed on desktop for platform test; platform result pending
F1_REBUILD_R1_W060_A12_CORR_FLAT_M1_FLIP_T15_PA085_20260803,F1_VISUAL_LORA_CLEAN_CORE_REBUILD_R1_W060_A12_CORR_FLAT,59d2ebe,/home/lux1/noise/reproducibility/aegis_f1/outputs/F1_VISUAL_LORA_CLEAN_CORE_REBUILD_R1_W060_A12_CORR_FLAT/seed42/checkpoints/best.pt,6543d93bd7bf3b52f70e30487f2d0be6d37dd9e922d678202503df0c61024b54,7,42,42,reproducibility/aegis_f1/artifacts/stages/preliminary/seed42,54a790b35f836cfba4c19cbb5fe38c4b1b37aab62cc9d477f9285496b2d5568e,0.713164,0.712785,d9c0e86a997bd0399b6a9d6d6be5bf8b68bcbf67dd090adf9bb1f57aa7210b27,d9c0e86a997bd0399b6a9d6d6be5bf8b68bcbf67dd090adf9bb1f57aa7210b27,db2f42f9925081a2ce788a1a826d0b83af7d960c02c44f481b3748956f7974ba,0.6770136580285977,0.0361503419714023,24967,2026-08-03T17:05:00Z,"FLAT child (A12_CORR recipe + schedule_epochs 16 flat LR, best ep7) + M1/Flip l040/f050 temp1.5 + balanced-prior 0.85; audited PASS; PLATFORM=67.7014% NEW BEST +0.0161pp vs A12_CORR 67.6853; bare clean 0.8193 (+0.1pp) but M1+flip 0.8249 ~= A12_CORR 0.8251; platform_valid_promoted"
F1_FLAT_LAST_MLP_EP2_M1_FLIP_T15_PA085_20260803,F1_FLAT_LAST_MLP,f70bf27,/home/lux1/noise/reproducibility/aegis_f1/outputs/F1_FLAT_LAST_MLP/seed42/checkpoints/epoch_2.pt,e8cf821874a2ad0dee1cec02e5b98701e1fc7ee969ca9c620d9acbcbcf7c0422,2,42,42,reproducibility/aegis_f1/artifacts/stages/preliminary/seed42,54a790b35f836cfba4c19cbb5fe38c4b1b37aab62cc9d477f9285496b2d5568e,0.7240209579467773,0.7237712740898132,2e6dfae246cafe2d3a672e7974b6cc064d13f93c983e0f99733d261f2a134cc9,2e6dfae246cafe2d3a672e7974b6cc064d13f93c983e0f99733d261f2a134cc9,583e9858f8700d3399ca4dfcfd38c70f783de6293fb3bc8fc6cc6f99a5c47692,0.6765730764609285,0.0474478814858488,24967,2026-08-03T21:00:00+08:00,"FLAT last-block MLP epoch2 + M1/Flip l040/f050 temp1.5 + balanced-prior 0.85; audited PASS; PLATFORM=67.6573%; -0.0441pp vs FLAT 67.7014 despite local M1+flip +0.1939pp; platform_valid_not_promoted"
F1_FLAT_MLP_LORA_FP32_EP3_M1_FLIP_T15_PA085_20260803,F1_FLAT_MLP_LORA_FP32,c309059,/home/lux1/noise/reproducibility/aegis_f1/outputs/F1_FLAT_MLP_LORA_FP32/seed42/checkpoints/epoch_3.pt,df6f385c9cc7c1c82d9a20bcf4792d408d11f07d0835f3ec56b7091b5aa2e2eb,3,42,42,reproducibility/aegis_f1/artifacts/stages/preliminary/seed42,54a790b35f836cfba4c19cbb5fe38c4b1b37aab62cc9d477f9285496b2d5568e,0.7143272757530212,0.7139487862586975,b240209ea44d98818405f52884adec1014e4dd29f985a354ca43ea56b4d9b564,b240209ea44d98818405f52884adec1014e4dd29f985a354ca43ea56b4d9b564,afa7cf8863b15218b6dc2975874406f85dc599824c693f4a37ba97cc9ec6efc7,0.6778147154243601,0.0365125603286611,24967,2026-08-03T21:25:00+08:00,"MLP-LoRA all-depth rank4 fixed epoch3 + M1/Flip l040/f050 temp1.5 + balanced-prior 0.85; audited PASS; PLATFORM=67.7815% NEW BEST +0.0801pp vs FLAT 67.7014; platform_valid_promoted"
F1_FLAT_MLP_LORA_R2_FP32_EP3_M1_FLIP_T15_PA085_20260804,F1_FLAT_MLP_LORA_R2_FP32,7d3d084,/home/lux1/noise/reproducibility/aegis_f1/outputs/F1_FLAT_MLP_LORA_R2_FP32/seed42/checkpoints/epoch_3.pt,fe901eb0cfed4368ce4ea68c8ccc83cba74d73fabffdd0938611b3145edbe3b5,3,42,42,reproducibility/aegis_f1/artifacts/stages/preliminary/seed42,54a790b35f836cfba4c19cbb5fe38c4b1b37aab62cc9d477f9285496b2d5568e,0.7155874371528625,0.7152296900749207,9776b3b99b5295c3c2b5c326e86b2d431394d8492c421ea2f1c9d6c4e37012b9,9776b3b99b5295c3c2b5c326e86b2d431394d8492c421ea2f1c9d6c4e37012b9,f3a2f9c8a58c0560f403ecdbfcec943c3946ac992f36a828afbea3364da0eb19,0.6786558256899107,0.0369316114629518,24967,2026-08-04T16:30:00+08:00,"Low-LR MLP-LoRA continuation fixed epoch3 + M1/Flip l040/f050 temp1.5 + balanced-prior 0.85; audited PASS; PLATFORM=67.8656% NEW BEST +0.0841pp vs parent 67.7815; platform_valid_promoted"
F1_FLAT_MLP_LORA_R2_EXACT_QUOTA_T050_20260804,F1_FLAT_MLP_LORA_R2_FP32,2f18399,/home/lux1/noise/reproducibility/aegis_f1/outputs/F1_FLAT_MLP_LORA_R2_FP32/seed42/checkpoints/epoch_3.pt,fe901eb0cfed4368ce4ea68c8ccc83cba74d73fabffdd0938611b3145edbe3b5,3,42,42,reproducibility/aegis_f1/artifacts/stages/preliminary/seed42,54a790b35f836cfba4c19cbb5fe38c4b1b37aab62cc9d477f9285496b2d5568e,0.7155874371528625,0.7152296900749207,cfa250f2d776c402b5f85043cda7e4344402a24e05b49e7fe333bc26074cdbaa,cfa250f2d776c402b5f85043cda7e4344402a24e05b49e7fe333bc26074cdbaa,64200582a8f93eb211b5088f4c04bf86181dcc959fcb8fbe1154223c1f1ec1bd,0.6753714903672848,0.0402159467855777,24967,2026-08-04T16:40:00+08:00,"R2 fixed epoch3 + M1/Flip exact near-uniform 49/50 quotas temp0.5; audited PASS; PLATFORM=67.5371%; -0.3284pp vs prior0.85 67.8656; exact quota over-correction; platform_valid_not_promoted"
F1_FLAT_MLP_LORA_R3_FP32_EP3_M1_FLIP_T15_PA085_20260804,F1_FLAT_MLP_LORA_R3_FP32,d071b05,/home/lux1/noise/reproducibility/aegis_f1/outputs/F1_FLAT_MLP_LORA_R3_FP32/seed42/checkpoints/epoch_3.pt,bcb45ae4345ca17f3afc3b796edaa107a98970310c184fac727a8ffc38da8df9,3,42,42,reproducibility/aegis_f1/artifacts/stages/preliminary/seed42,54a790b35f836cfba4c19cbb5fe38c4b1b37aab62cc9d477f9285496b2d5568e,0.7156843543052673,0.7153392434120178,2897d01fabe0221cb39b73f7941314d30bad59dbed39ec202282592982e34e37,2897d01fabe0221cb39b73f7941314d30bad59dbed39ec202282592982e34e37,a8144d9925082c72c232b3ea347d84828fdc66279ada981805a71a2f6a33db2d,0.6792566187367325,0.0364277355685348,24967,2026-08-04T17:07:00+08:00,"Third-stage low-LR MLP-LoRA continuation fixed epoch3 + M1/Flip l040/f050 temp1.5 + balanced-prior 0.85; audited PASS; PLATFORM=67.9257% NEW BEST +0.0601pp vs R2 67.8656; platform_valid_promoted"
F1_FLAT_JOINT_LORA_R1_FP32_EP3_M1_FLIP_T15_PA085_20260804,F1_FLAT_JOINT_LORA_R1_FP32,ebfba80,/home/lux1/noise/reproducibility/aegis_f1/outputs/F1_FLAT_JOINT_LORA_R1_FP32/seed42/checkpoints/epoch_3.pt,f303f87f89f25e0770c43db1e565691d9e4c1931868863971ee8eec3ef776e5e,3,42,42,reproducibility/aegis_f1/artifacts/stages/preliminary/seed42,54a790b35f836cfba4c19cbb5fe38c4b1b37aab62cc9d477f9285496b2d5568e,0.7164598703384399,0.716141402721405,f9393e666c773e41376aebd96ceea081f3483ee5cd51a92de9c385d41e55ea74,f9393e666c773e41376aebd96ceea081f3483ee5cd51a92de9c385d41e55ea74,339040d932699e75131eaf9c5df651525b8ad54739d93c7132910cf1c9e2d8b4,0.6792165658669444,0.0372433044714955,24967,2026-08-04T17:40:00+08:00,"Joint attention-LoRA + MLP-LoRA continuation fixed epoch3 + M1/Flip l040/f050 temp1.5 + balanced-prior 0.85; audited PASS; PLATFORM=67.9217%; -0.0040pp vs R3 67.9257; platform_valid_not_promoted"
F1_FLAT_MLP_LORA_R4_FP32_EP3_M1_FLIP_T15_PA085_20260804,F1_FLAT_MLP_LORA_R4_FP32,6b01fc4,/home/lux1/noise/reproducibility/aegis_f1/outputs/F1_FLAT_MLP_LORA_R4_FP32/seed42/checkpoints/epoch_3.pt,9480bcff9b4ad471b8baa53321466c95d8c82e25f802b0e4bab7b1327b9c4d91,3,42,42,reproducibility/aegis_f1/artifacts/stages/preliminary/seed42,54a790b35f836cfba4c19cbb5fe38c4b1b37aab62cc9d477f9285496b2d5568e,0.7159751653671265,0.7156503200531006,a94e6b82eeb0430fed83ad38f8fe0156792471e9c35ed765dcab49ee536c4727,a94e6b82eeb0430fed83ad38f8fe0156792471e9c35ed765dcab49ee536c4727,93e024d26892aedea2570a9c64d8dd4a71f3be3e96d0cc582cbc20ca8443bf6c,0.6791765129971562,0.0367986523699703,24967,2026-08-04T18:12:00+08:00,"Fourth-stage lower-LR MLP-LoRA continuation fixed epoch3 + M1/Flip l040/f050 temp1.5 + balanced-prior 0.85; audited PASS; PLATFORM=67.9177%; -0.0080pp vs R3 67.9257; platform_valid_not_promoted"
F1_FLAT_MLP_LORA_FULLFIT_R1_FP32_EP3_M1_FLIP_T15_PA085_20260804,F1_FLAT_MLP_LORA_FULLFIT_R1_FP32,e9f97f5,/home/lux1/noise/reproducibility/aegis_f1/outputs/F1_FLAT_MLP_LORA_FULLFIT_R1_FP32/seed42/checkpoints/epoch_3.pt,868a6eef9aa7b4d1d1806aa20498e7d2d2d980ebd2496be5c568f7e62944209c,3,42,42,reproducibility/aegis_f1/artifacts/stages/preliminary/final_full_train.csv,54a790b35f836cfba4c19cbb5fe38c4b1b37aab62cc9d477f9285496b2d5568e,0.7192710638046265,0.7189405560493469,2ca1a0bf15106ba03d5b51b59385d90f4d89b5426b822f46d807d417bcfdb1cc,2ca1a0bf15106ba03d5b51b59385d90f4d89b5426b822f46d807d417bcfdb1cc,43d9fc5d22cdaff6f4ebad5a1296674fbf97889ccba81d3adb8b9964fb70e7fd,0.6795770416950374,0.0396940221095891,24967,2026-08-04T18:45:00+08:00,"Full official train MLP-LoRA continuation fixed epoch3 + M1/Flip l040/f050 temp1.5 + balanced-prior 0.85; validation metrics overlap training and are diagnostic only; audited PASS; PLATFORM=67.9577% NEW BEST +0.0320pp vs R3 67.9257; platform_valid_promoted"
F1_FLAT_MLP_LORA_SELFTRAIN_R1_FP32_EP3_M1_FLIP_T15_PA085_20260804,F1_FLAT_MLP_LORA_SELFTRAIN_R1_FP32,bd0f56c,/home/lux1/noise/reproducibility/aegis_f1/outputs/F1_FLAT_MLP_LORA_SELFTRAIN_R1_FP32/seed42/checkpoints/epoch_3.pt,7d9b12140572596b9acafcf037f8a3937b100c2aafd3bf46e6d7a2b572e1d38a,3,42,42,reproducibility/aegis_f1/artifacts/stages/preliminary/final_full_train.csv,54a790b35f836cfba4c19cbb5fe38c4b1b37aab62cc9d477f9285496b2d5568e,0.7216944694519043,0.7213838696479797,e17e3ce798a62529b1fd76a7e2e01f87e77458de64c2cf51387c864f1c52382e,e17e3ce798a62529b1fd76a7e2e01f87e77458de64c2cf51387c864f1c52382e,1961f6ccbbabe6565aeb553544c4f2be582ca8897b0f880e3a8cdd5aa28ab3ad,0.681099050746986,0.0405954187049183,24967,2026-08-04T19:34:00+08:00,"Bounded two-view teacher correction on full official train + fixed epoch3 MLP-LoRA continuation + M1/Flip l040/f050 temp1.5 + balanced-prior 0.85; validation metrics overlap training and are diagnostic only; audited PASS; PLATFORM=68.1099% NEW BEST +0.1522pp vs full-fit 67.9577; platform_valid_promoted"
F1_FLAT_MLP_LORA_SELFTRAIN_MIXUP_R1_FP32_EP3_M1_FLIP_T15_PA085_20260804,F1_FLAT_MLP_LORA_SELFTRAIN_MIXUP_R1_FP32,35903f6,/home/lux1/noise/reproducibility/aegis_f1/outputs/F1_FLAT_MLP_LORA_SELFTRAIN_MIXUP_R1_FP32/seed42/checkpoints/epoch_3.pt,8bbe51d4d9099fa460fecaf9253970d2e8dcc841bdbf1858e47ae44a0126e1e7,3,42,42,reproducibility/aegis_f1/artifacts/stages/preliminary/final_full_train.csv,54a790b35f836cfba4c19cbb5fe38c4b1b37aab62cc9d477f9285496b2d5568e,0.7223730087280273,0.7220945358276367,c102c607fb81ed4e510d8de66646a3076212b322f0584d4aa1c5b2eb4daea28b,c102c607fb81ed4e510d8de66646a3076212b322f0584d4aa1c5b2eb4daea28b,4c1e7f2e749d6f615379eaf9e1a39aeeb0ca9d0c5b8da2d39a183fb1eb64d5fc,0.6804582048303762,0.0419148038976511,24967,2026-08-04T20:12:09+08:00,"Paired light MixUp alpha0.2 probability0.2 on bounded self-training recipe + fixed epoch3 + M1/Flip l040/f050 temp1.5 + balanced-prior 0.85; validation metrics overlap training and are diagnostic only; audited PASS; PLATFORM=68.0458%; -0.0641pp vs selftrain best 68.1099; platform_valid_not_promoted"
F1_FLAT_MLP_LORA_SELFTRAIN_R2_FP32_EP3_M1_FLIP_T15_PA085_20260804,F1_FLAT_MLP_LORA_SELFTRAIN_R2_FP32,0745b93,/home/lux1/noise/reproducibility/aegis_f1/outputs/F1_FLAT_MLP_LORA_SELFTRAIN_R2_FP32/seed42/checkpoints/epoch_3.pt,67efab2bf954139b59df074ccf00c0113cbc6ff96163d6e8d66ffbe553b910a4,3,42,42,reproducibility/aegis_f1/artifacts/stages/preliminary/final_full_train.csv,54a790b35f836cfba4c19cbb5fe38c4b1b37aab62cc9d477f9285496b2d5568e,0.7233423590660095,0.7230361700057983,36a92d0caa0ac9e3e9648816eafcf817c6aa053e3038647a690ddbb74edbfe0f,36a92d0caa0ac9e3e9648816eafcf817c6aa053e3038647a690ddbb74edbfe0f,93959e195590c09d9c3fb6251d7d6d6ffdd5eceb3b62b38dfccd2ba7ed50c40e,0.6813393679657148,0.0420029911002947,24967,2026-08-04T20:59:58+08:00,"Second bounded two-view teacher correction with 414 reduced-alpha additions + fixed epoch3 lower-LR MLP-LoRA continuation + M1/Flip l040/f050 temp1.5 + balanced-prior 0.85; validation metrics overlap training and are diagnostic only; audited PASS; PLATFORM=68.1339% NEW BEST +0.0240pp vs selftrain R1 68.1099; platform_valid_promoted"
F1_FLAT_MLP_LORA_SELFTRAIN_R2_MULTISCALE_M1_EP3_T15_PA085_20260805,F1_FLAT_MLP_LORA_SELFTRAIN_R2_FP32,866baa0,/home/lux1/noise/reproducibility/aegis_f1/outputs/F1_FLAT_MLP_LORA_SELFTRAIN_R2_FP32/seed42/checkpoints/epoch_3.pt,67efab2bf954139b59df074ccf00c0113cbc6ff96163d6e8d66ffbe553b910a4,3,42,42,reproducibility/aegis_f1/artifacts/stages/preliminary/final_full_train.csv,54a790b35f836cfba4c19cbb5fe38c4b1b37aab62cc9d477f9285496b2d5568e,0.7233423590660095,0.7230361700057983,355e6046b01f7f6a7cbeb9ffe50fe8e61df7161701038a1946c38707cd6a9726,355e6046b01f7f6a7cbeb9ffe50fe8e61df7161701038a1946c38707cd6a9726,eaf93105260340d073ab74aa91058acffcece4a28d2e49ac2d5317297762233c,0.6832218528457564,0.0401205062202531,24967,2026-08-05T14:26:46+08:00,"Single R2 checkpoint with deterministic multiscale 144/160/176 attention-crop probability mean + flip0.5 + local0.4 + temp1.5 + balanced-prior 0.85; audited PASS; PLATFORM=68.3222% NEW BEST +0.1882pp vs single-scale R2 68.1339; platform_valid_promoted"
F1_FLAT_MLP_LORA_SELFTRAIN_R2_CROP176_EP3_T15_PA085_20260805,F1_FLAT_MLP_LORA_SELFTRAIN_R2_FP32,d664d73,/home/lux1/noise/reproducibility/aegis_f1/outputs/F1_FLAT_MLP_LORA_SELFTRAIN_R2_FP32/seed42/checkpoints/epoch_3.pt,67efab2bf954139b59df074ccf00c0113cbc6ff96163d6e8d66ffbe553b910a4,3,42,42,reproducibility/aegis_f1/artifacts/stages/preliminary/final_full_train.csv,54a790b35f836cfba4c19cbb5fe38c4b1b37aab62cc9d477f9285496b2d5568e,0.7233423590660095,0.7230361700057983,f638ddf77ab83de9d9750103f12c1b7181e7695c2775c9a71e3e967c9328a295,f638ddf77ab83de9d9750103f12c1b7181e7695c2775c9a71e3e967c9328a295,75899e05c1a533f1afb0e2d42cb25b9a1917897d472b93ec2b12d1f931df245e,0.675731966195378,0.0476103928706315,24967,2026-08-05T14:46:15+08:00,"Single R2 checkpoint with crop176 attention local view + flip0.5 + local0.4 + temp1.5 + balanced-prior 0.85; audited PASS; PLATFORM=67.5732%, -0.7490pp vs multiscale best 68.3222; platform_valid_not_promoted; desktop restored to multiscale best"
F1_FLAT_MLP_LORA_SELFTRAIN_R3_WIDE_MULTISCALE_M1_EP3_T15_PA085_20260805,F1_FLAT_MLP_LORA_SELFTRAIN_R3_WIDE_FP32,5159091,/home/lux1/noise/reproducibility/aegis_f1/outputs/F1_FLAT_MLP_LORA_SELFTRAIN_R3_WIDE_FP32/seed42/checkpoints/epoch_3.pt,9b94429139cc76e1ab5a007a58a175d815c177f1d35664b1ac9d673508cf8c89,3,42,42,reproducibility/aegis_f1/artifacts/stages/preliminary/final_full_train.csv,54a790b35f836cfba4c19cbb5fe38c4b1b37aab62cc9d477f9285496b2d5568e,0.7248933911323547,0.7245752215385437,50ce4e27b7dc47fef43395b960e792c1d70593d39a74354c2dcd4eaa0ade836c,50ce4e27b7dc47fef43395b960e792c1d70593d39a74354c2dcd4eaa0ade836c,795b4d91229425eb13be7d403a59db328de12f4e0c5d1bba622c6d5db2cade5d,0.683101694236392,0.04179169689596274,24967,2026-08-05T15:35:50+08:00,"R3 wide self-training with 840 low-alpha additions + fixed epoch3 + deterministic 144/160/176 attention-crop mean + flip0.5 + local0.4 + temp1.5 + balanced-prior 0.85; audited PASS; PLATFORM=68.3102%, -0.0120pp vs R2 multiscale best 68.3222; platform_valid_not_promoted"
F1_FLAT_MLP_LORA_SELFTRAIN_R2_MULTISCALE_144_160_M1_EP3_T15_PA085_20260805,F1_FLAT_MLP_LORA_SELFTRAIN_R2_FP32,5a041df,/home/lux1/noise/reproducibility/aegis_f1/outputs/F1_FLAT_MLP_LORA_SELFTRAIN_R2_FP32/seed42/checkpoints/epoch_3.pt,67efab2bf954139b59df074ccf00c0113cbc6ff96163d6e8d66ffbe553b910a4,3,42,42,reproducibility/aegis_f1/artifacts/stages/preliminary/final_full_train.csv,54a790b35f836cfba4c19cbb5fe38c4b1b37aab62cc9d477f9285496b2d5568e,0.7233423590660095,0.7230361700057983,c0c09013809d479ca39dfe5f8d5cd248dab5bfb72aaea01a9278890b24f2a5be,c0c09013809d479ca39dfe5f8d5cd248dab5bfb72aaea01a9278890b24f2a5be,dbefd19aef90e6094b8e1c056f73cf8d20f33e15a6a8c8c0bd23255693d3b0ea,0.6846237032883407,0.038718655777668864,24967,2026-08-05T15:43:20+08:00,"Single R2 checkpoint with deterministic 144/160 attention-crop probability mean + flip0.5 + local0.4 + temp1.5 + balanced-prior 0.85; audited PASS; PLATFORM=68.4624% NEW BEST +0.1402pp vs 144/160/176 and +0.3284pp vs crop160; platform_valid_promoted"
F1_FLAT_MLP_LORA_SELFTRAIN_R2_MULTISCALE_128_144_160_M1_EP3_T15_PA085_20260805,F1_FLAT_MLP_LORA_SELFTRAIN_R2_FP32,fbe254f,/home/lux1/noise/reproducibility/aegis_f1/outputs/F1_FLAT_MLP_LORA_SELFTRAIN_R2_FP32/seed42/checkpoints/epoch_3.pt,67efab2bf954139b59df074ccf00c0113cbc6ff96163d6e8d66ffbe553b910a4,3,42,42,reproducibility/aegis_f1/artifacts/stages/preliminary/final_full_train.csv,54a790b35f836cfba4c19cbb5fe38c4b1b37aab62cc9d477f9285496b2d5568e,0.7233423590660095,0.7230361700057983,0382470340e718969d8baa495bc72a466ceaa40e33238fc33c227e56f343bd4d,0382470340e718969d8baa495bc72a466ceaa40e33238fc33c227e56f343bd4d,beb8e22dc531649d00f35e44bb95dbadf9ecc905e5762d3e48aa6d3b52a03f2d,0.685464813553891,0.0378775455121185,24967,2026-08-05T15:49:00+08:00,"Single R2 checkpoint with deterministic 128/144/160 attention-crop probability mean + flip0.5 + local0.4 + temp1.5 + balanced-prior 0.85; audited PASS; PLATFORM=68.5465% NEW BEST +0.0841pp and +21 correct vs 144/160; platform_valid_promoted"
F1_FLAT_MLP_LORA_SELFTRAIN_R2_MULTISCALE_REWEIGHTED_W025_050_025_EP3_T15_PA085_20260805,F1_FLAT_MLP_LORA_SELFTRAIN_R2_FP32,0bc2b33,/home/lux1/noise/reproducibility/aegis_f1/outputs/F1_FLAT_MLP_LORA_SELFTRAIN_R2_FP32/seed42/checkpoints/epoch_3.pt,67efab2bf954139b59df074ccf00c0113cbc6ff96163d6e8d66ffbe553b910a4,3,42,42,reproducibility/aegis_f1/artifacts/stages/preliminary/final_full_train.csv,54a790b35f836cfba4c19cbb5fe38c4b1b37aab62cc9d477f9285496b2d5568e,0.7233423590660095,0.7230361700057983,b47dd399383e662008eae413386648d53736f33d6ce419d454c6623bb636037f,b47dd399383e662008eae413386648d53736f33d6ce419d454c6623bb636037f,38b072f0127e89650cb8c71901c60a063e68b27d94f8d1b796d3a6808d11e95a,0.6859855008611368,0.0373568582048727,24967,2026-08-05T16:02:00+08:00,"Single R2 checkpoint with reconstructed 128/144/160 scale probabilities weighted 0.25/0.50/0.25 + balanced-prior 0.85; audited PASS; PLATFORM=68.5986% NEW BEST +0.0521pp and +13 correct vs equal weights; platform_valid_promoted"
F1_FLAT_MLP_LORA_SELFTRAIN_R2_MULTISCALE_REWEIGHTED_W020_060_020_EP3_T15_PA085_20260805,F1_FLAT_MLP_LORA_SELFTRAIN_R2_FP32,17c3967,/home/lux1/noise/reproducibility/aegis_f1/outputs/F1_FLAT_MLP_LORA_SELFTRAIN_R2_FP32/seed42/checkpoints/epoch_3.pt,67efab2bf954139b59df074ccf00c0113cbc6ff96163d6e8d66ffbe553b910a4,3,42,42,reproducibility/aegis_f1/artifacts/stages/preliminary/final_full_train.csv,54a790b35f836cfba4c19cbb5fe38c4b1b37aab62cc9d477f9285496b2d5568e,0.7233423590660095,0.7230361700057983,87a6bd69f48b4a3011cca070991e25eab0d8e7d1b48400043da72b596b40c5d8,87a6bd69f48b4a3011cca070991e25eab0d8e7d1b48400043da72b596b40c5d8,cd65da1caabb24f501959d648d971d5457746d2dff88b1b8f7155e21ec1556a6,0.6858252893819842,0.0375170696840253,24967,2026-08-05T16:11:00+08:00,"Single R2 checkpoint with reconstructed 128/144/160 scale probabilities weighted 0.20/0.60/0.20 + balanced-prior 0.85; audited PASS; PLATFORM=68.5825%, -0.0160pp and -4 correct vs 0.25/0.50/0.25 best; platform_valid_not_promoted"
F1_FLAT_MLP_LORA_SELFTRAIN_R2_MULTISCALE_REWEIGHTED_W035_050_015_EP3_T15_PA085_20260805,F1_FLAT_MLP_LORA_SELFTRAIN_R2_FP32,16857bc,/home/lux1/noise/reproducibility/aegis_f1/outputs/F1_FLAT_MLP_LORA_SELFTRAIN_R2_FP32/seed42/checkpoints/epoch_3.pt,67efab2bf954139b59df074ccf00c0113cbc6ff96163d6e8d66ffbe553b910a4,3,42,42,reproducibility/aegis_f1/artifacts/stages/preliminary/final_full_train.csv,54a790b35f836cfba4c19cbb5fe38c4b1b37aab62cc9d477f9285496b2d5568e,0.7233423590660095,0.7230361700057983,57b0b3fd61af7dbc7c373103a8935678d1dd244b2bc4cade05bc6b8e8b180128,57b0b3fd61af7dbc7c373103a8935678d1dd244b2bc4cade05bc6b8e8b180128,62d4ec351373d8dbecddb983c1f0ec8a76ba0235358235fdd0a8121f8055acdb,0.6863860295590179,0.0369563295069916,24967,2026-08-05T16:34:00+08:00,"Single R2 checkpoint with reconstructed 128/144/160 scale probabilities weighted 0.35/0.50/0.15 + balanced-prior 0.85; audited PASS; PLATFORM=68.6386% NEW BEST +0.0401pp and +10 correct vs 0.25/0.50/0.25; platform_valid_promoted"
F1_FLAT_MLP_LORA_SELFTRAIN_R2_MULTISCALE_REWEIGHTED_W045_050_005_EP3_T15_PA085_20260805,F1_FLAT_MLP_LORA_SELFTRAIN_R2_FP32,9556288,/home/lux1/noise/reproducibility/aegis_f1/outputs/F1_FLAT_MLP_LORA_SELFTRAIN_R2_FP32/seed42/checkpoints/epoch_3.pt,67efab2bf954139b59df074ccf00c0113cbc6ff96163d6e8d66ffbe553b910a4,3,42,42,reproducibility/aegis_f1/artifacts/stages/preliminary/final_full_train.csv,54a790b35f836cfba4c19cbb5fe38c4b1b37aab62cc9d477f9285496b2d5568e,0.7233423590660095,0.7230361700057983,f29aae12f87ae0a59289f4c775031f6c9270605bdd0bdcba288d0c776368ddd8,f29aae12f87ae0a59289f4c775031f6c9270605bdd0bdcba288d0c776368ddd8,6e6243da2d2e93c8e9951234f1441ab19e19798b456f5c8f41cba0f53cb01a16,0.6867865582568992,0.0365558008091103,24967,2026-08-05T16:48:00+08:00,"Single R2 checkpoint with reconstructed 128/144/160 scale probabilities weighted 0.45/0.50/0.05 + balanced-prior 0.85; audited PASS; PLATFORM=68.6787% NEW BEST +0.0401pp and +10 correct vs 0.35/0.50/0.15; platform_valid_promoted"
F1_FLAT_MLP_LORA_SELFTRAIN_R2_MULTISCALE_128_144_W050_050_EP3_T15_PA085_20260805,F1_FLAT_MLP_LORA_SELFTRAIN_R2_FP32,5b3557d,/home/lux1/noise/reproducibility/aegis_f1/outputs/F1_FLAT_MLP_LORA_SELFTRAIN_R2_FP32/seed42/checkpoints/epoch_3.pt,67efab2bf954139b59df074ccf00c0113cbc6ff96163d6e8d66ffbe553b910a4,3,42,42,reproducibility/aegis_f1/artifacts/stages/preliminary/final_full_train.csv,54a790b35f836cfba4c19cbb5fe38c4b1b37aab62cc9d477f9285496b2d5568e,0.7233423590660095,0.7230361700057983,e48990b01c3f3dfbaf4cd16905465c9d1c4c103d91acdc94bd087cca9cdd0223,e48990b01c3f3dfbaf4cd16905465c9d1c4c103d91acdc94bd087cca9cdd0223,022ee2cc021b9f7811a6d9aeb00cfd16d7fff27c90b471e964c5944623a7d3a9,0.6862658709496536,0.0370764881163559,24967,2026-08-05T16:58:00+08:00,"Single R2 checkpoint with reconstructed 128/144/160 scale probabilities weighted 0.50/0.50/0.00 + balanced-prior 0.85; audited PASS; PLATFORM=68.6266%, -0.0521pp and -13 correct vs 0.45/0.50/0.05 best; platform_valid_not_promoted"
F1_FLAT_MLP_LORA_SELFTRAIN_R2_MULTISCALE_REWEIGHTED_W044_050_006_EP3_T15_PA085_20260805,F1_FLAT_MLP_LORA_SELFTRAIN_R2_FP32,6d59ce1,/home/lux1/noise/reproducibility/aegis_f1/outputs/F1_FLAT_MLP_LORA_SELFTRAIN_R2_FP32/seed42/checkpoints/epoch_3.pt,67efab2bf954139b59df074ccf00c0113cbc6ff96163d6e8d66ffbe553b910a4,3,42,42,reproducibility/aegis_f1/artifacts/stages/preliminary/final_full_train.csv,54a790b35f836cfba4c19cbb5fe38c4b1b37aab62cc9d477f9285496b2d5568e,0.7233423590660095,0.7230361700057983,c8b9b37e1353c31f8a5927e7c1ae9486e88600c578fe0988c70ddd09c49d6106,c8b9b37e1353c31f8a5927e7c1ae9486e88600c578fe0988c70ddd09c49d6106,7e0576e56185c70e969a7f36d4d399e78a237c8d9c014568ddc12923122063b4,0.6865462410381704,0.0367961180278391,24967,2026-08-05T17:15:00+08:00,"Single R2 checkpoint with reconstructed 128/144/160 scale probabilities weighted 0.44/0.50/0.06 + balanced-prior 0.85; audited PASS; PLATFORM=68.6546%, -0.0240pp and -6 correct vs 0.45/0.50/0.05 best; platform_valid_not_promoted"
F1_FLAT_MLP_LORA_SELFTRAIN_R3_MULTISCALE_TEACHER_REWEIGHTED_W045_050_005_EP3_T15_PA085_20260805,F1_FLAT_MLP_LORA_SELFTRAIN_R3_MULTISCALE_FP32,6d59ce1,/home/lux1/noise/reproducibility/aegis_f1/outputs/F1_FLAT_MLP_LORA_SELFTRAIN_R3_MULTISCALE_FP32/seed42/checkpoints/epoch_3.pt,42aa6ba5db03e0dd742d439f1d9ebbd1b533cb7a94d7190cf694553ed2a7117a,3,42,42,reproducibility/aegis_f1/artifacts/stages/preliminary/final_full_train.csv,54a790b35f836cfba4c19cbb5fe38c4b1b37aab62cc9d477f9285496b2d5568e,0.7246994972229004,0.7243751883506775,c8a1b6f1eabb3ea87fb608eb83843d7b2e207926ec358bd0771232d60720c150,c8a1b6f1eabb3ea87fb608eb83843d7b2e207926ec358bd0771232d60720c150,ad9dc9f5bac9dafa9c710d469ef0d9a4407d2e5c7bb863bbdb2fe9d9b7df2f90,0.6862658709496536,0.0384336262732468,24967,2026-08-05T17:39:29+08:00,"Single R3 multiscale-teacher checkpoint with reconstructed 128/144/160 scale probabilities weighted 0.45/0.50/0.05 + balanced-prior 0.85; both submission audits PASS; PLATFORM=68.6266%, -0.0521pp and -13 correct vs R2 best; platform_valid_not_promoted"
F1_FLAT_MLP_LORA_SELFTRAIN_R2_MULTISCALE_TOPK3_REWEIGHTED_W045_050_005_EP3_T15_PA085_20260805,F1_FLAT_MLP_LORA_SELFTRAIN_R2_FP32,d24107e,/home/lux1/noise/reproducibility/aegis_f1/outputs/F1_FLAT_MLP_LORA_SELFTRAIN_R2_FP32/seed42/checkpoints/epoch_3.pt,67efab2bf954139b59df074ccf00c0113cbc6ff96163d6e8d66ffbe553b910a4,3,42,42,reproducibility/aegis_f1/artifacts/stages/preliminary/final_full_train.csv,54a790b35f836cfba4c19cbb5fe38c4b1b37aab62cc9d477f9285496b2d5568e,0.7233423590660095,0.7230361700057983,e658e8eac5c8611224648af9cbfc3216ee96a078f0ff92fca1dbb4d091e66206,e658e8eac5c8611224648af9cbfc3216ee96a078f0ff92fca1dbb4d091e66206,1456d246106600cd171b8f4d4daa8ad84756f1cf30d9c78ba5927cd4fc8c7daf,0.6863860295590179,0.0369563295069916,24967,2026-08-05T18:20:04+08:00,"Single R2 checkpoint with attention top-k=3 and reconstructed 128/144/160 scale probabilities weighted 0.45/0.50/0.05 + flip0.5 + local0.4 + temp1.5 + balanced-prior 0.85; both submission audits PASS; PLATFORM=68.6386%, -0.0401pp and -10 correct vs platform best; platform_valid_not_promoted"
F1_FLAT_MLP_LORA_SELFTRAIN_R2_LOCAL_ADAPTER_MULTISCALE_W045_050_005_EP2_T15_PA085_20260805,F1_FLAT_MLP_LORA_SELFTRAIN_R2_LOCAL_ADAPTER_FP32,e476e80,/home/lux1/noise/reproducibility/aegis_f1/outputs/F1_FLAT_MLP_LORA_SELFTRAIN_R2_LOCAL_ADAPTER_FP32/seed42/checkpoints/best.pt,d1345ee61d25aae78e74c6fb6d26ae428d2282d529048f0b8b05f75b2e540c5e,2,42,42,reproducibility/aegis_f1/artifacts/r2_local_feature_adapter/seed42/train_clean070.csv,df59f40fb20b622e90b54e3bc4df14baed3a91bdb2241788df0247c77a372e7d,0.7298371195793152,0.729499101638794,cbb1a82acc08d6cd1f2e00a1b3563614e1ee2b17df94d26a2f757a03fa7d59c3,cbb1a82acc08d6cd1f2e00a1b3563614e1ee2b17df94d26a2f757a03fa7d59c3,6b8ba1504ae19277f06b144febfae92a68ef091902188d1ae985eba6aa194e0b,0.6882284615692714,0.0416086580100438,24967,2026-08-05T19:25:26+08:00,"Single R2 composite checkpoint with a 34336-parameter local-only Adapter selected at epoch2; direct weighted 128/144/160 local probabilities 0.45/0.50/0.05 + topk5 + flip0.5 + local0.4 + temp1.5 + balanced-prior0.85; both submission audits PASS; PLATFORM=68.8228% NEW BEST +0.1442pp and +36 correct; platform_valid_promoted"
