class,train_rows,selected_rows,selected_rate,selected_high_py_rows,val_all_rows,val_all_recall,val_selected_rows,val_selected_recall,val_remaining_rows,val_remaining_recall,val_bio_dominant_rows,val_bio_dominant_recall
0,214,1,0.004672897196261682,0,24,0.9166666666666666,0,,24,0.9166666666666666,23,0.9130434782608695
1,197,4,0.02030456852791878,2,22,0.6818181818181818,0,,22,0.6818181818181818,19,0.7368421052631579
2,163,0,0.0,0,19,0.6842105263157895,0,,19,0.6842105263157895,19,0.6842105263157895
3,215,0,0.0,0,24,0.8333333333333334,0,,24,0.8333333333333334,23,0.8695652173913043
4,193,1,0.0051813471502590676,0,22,0.9090909090909091,0,,22,0.9090909090909091,20,0.95
5,144,4,0.027777777777777776,0,16,0.625,0,,16,0.625,15,0.6666666666666666
6,168,0,0.0,0,19,0.8947368421052632,0,,19,0.8947368421052632,19,0.8947368421052632
7,222,2,0.009009009009009009,0,24,1.0,0,,24,1.0,24,1.0
8,223,1,0.004484304932735426,0,25,0.76,1,0.0,24,0.7916666666666666,24,0.7916666666666666
9,176,3,0.017045454545454544,1,21,0.9047619047619048,1,0.0,20,0.95,19,0.9473684210526315
10,180,1,0.005555555555555556,0,20,0.75,0,,20,0.75,15,0.8
11,160,1,0.00625,0,18,0.9444444444444444,0,,18,0.9444444444444444,17,0.9411764705882353
12,172,10,0.05813953488372093,4,19,0.7368421052631579,0,,19,0.7368421052631579,16,0.875
13,151,1,0.006622516556291391,0,16,0.6875,0,,16,0.6875,15,0.6666666666666666
14,153,0,0.0,0,17,0.7647058823529411,0,,17,0.7647058823529411,17,0.7647058823529411
15,211,0,0.0,0,24,0.9583333333333334,0,,24,0.9583333333333334,22,1.0
16,200,0,0.0,0,22,0.9545454545454546,0,,22,0.9545454545454546,22,0.9545454545454546
17,143,1,0.006993006993006993,0,16,0.6875,0,,16,0.6875,15,0.6666666666666666
18,220,1,0.004545454545454545,0,24,0.4166666666666667,0,,24,0.4166666666666667,21,0.47619047619047616
19,25,3,0.12,0,3,0.0,0,,3,0.0,3,0.0
20,166,2,0.012048192771084338,1,18,0.7222222222222222,0,,18,0.7222222222222222,15,0.8666666666666667
21,198,3,0.015151515151515152,0,22,0.7272727272727273,1,0.0,21,0.7619047619047619,20,0.75
22,196,0,0.0,0,22,0.8636363636363636,0,,22,0.8636363636363636,22,0.8636363636363636
23,175,6,0.03428571428571429,0,19,0.3684210526315789,1,0.0,18,0.3888888888888889,18,0.3888888888888889
24,219,0,0.0,0,24,0.875,0,,24,0.875,22,0.9090909090909091
25,178,0,0.0,0,20,0.85,0,,20,0.85,19,0.8421052631578947
26,180,2,0.011111111111111112,0,20,0.75,0,,20,0.75,19,0.7368421052631579
27,207,0,0.0,0,23,1.0,0,,23,1.0,22,1.0
28,202,16,0.07920792079207921,10,22,0.6818181818181818,3,1.0,19,0.631578947368421,13,0.46153846153846156
29,180,0,0.0,0,20,0.8,0,,20,0.8,18,0.8333333333333334
30,160,2,0.0125,1,18,0.6111111111111112,0,,18,0.6111111111111112,16,0.5625
31,164,4,0.024390243902439025,0,18,0.4444444444444444,0,,18,0.4444444444444444,17,0.47058823529411764
32,161,1,0.006211180124223602,0,18,1.0,0,,18,1.0,18,1.0
33,194,1,0.005154639175257732,1,22,1.0,0,,22,1.0,21,1.0
34,209,1,0.004784688995215311,0,23,0.6956521739130435,0,,23,0.6956521739130435,23,0.6956521739130435
35,206,1,0.0048543689320388345,0,23,0.9565217391304348,0,,23,0.9565217391304348,20,0.95
36,165,3,0.01818181818181818,2,18,1.0,0,,18,1.0,16,1.0
37,162,0,0.0,0,19,0.7894736842105263,0,,19,0.7894736842105263,17,0.8235294117647058
38,167,0,0.0,0,18,0.8333333333333334,0,,18,0.8333333333333334,16,0.8125
39,166,2,0.012048192771084338,0,18,0.3888888888888889,0,,18,0.3888888888888889,13,0.46153846153846156
40,192,1,0.005208333333333333,0,21,0.9523809523809523,1,0.0,20,1.0,19,1.0
41,170,0,0.0,0,19,0.9473684210526315,0,,19,0.9473684210526315,18,0.9444444444444444
42,160,4,0.025,1,18,0.6111111111111112,0,,18,0.6111111111111112,17,0.6470588235294118
43,206,0,0.0,0,23,0.9565217391304348,0,,23,0.9565217391304348,20,0.95
44,203,0,0.0,0,23,0.9565217391304348,0,,23,0.9565217391304348,23,0.9565217391304348
45,223,1,0.004484304932735426,0,25,0.68,1,0.0,24,0.7083333333333334,24,0.7083333333333334
46,12,0,0.0,0,1,0.0,0,,1,0.0,1,0.0
47,180,0,0.0,0,20,0.85,0,,20,0.85,18,0.8333333333333334
48,197,3,0.015228426395939087,0,22,0.6363636363636364,1,0.0,21,0.6666666666666666,16,0.6875
49,200,0,0.0,0,22,0.8181818181818182,0,,22,0.8181818181818182,21,0.8095238095238095
50,147,0,0.0,0,16,1.0,0,,16,1.0,16,1.0
51,176,0,0.0,0,20,0.55,0,,20,0.55,19,0.5789473684210527
52,206,0,0.0,0,23,0.8260869565217391,0,,23,0.8260869565217391,22,0.8181818181818182
53,192,16,0.08333333333333333,10,21,0.47619047619047616,3,0.3333333333333333,18,0.5,15,0.4666666666666667
54,193,4,0.02072538860103627,2,22,0.9090909090909091,0,,22,0.9090909090909091,17,0.9411764705882353
55,144,0,0.0,0,16,1.0,0,,16,1.0,14,1.0
56,173,1,0.005780346820809248,0,19,0.8421052631578947,0,,19,0.8421052631578947,17,0.9411764705882353
57,212,0,0.0,0,24,0.875,0,,24,0.875,24,0.875
58,110,0,0.0,0,12,0.3333333333333333,0,,12,0.3333333333333333,8,0.0
59,220,0,0.0,0,24,0.5833333333333334,1,0.0,23,0.6086956521739131,22,0.6363636363636364
60,167,4,0.023952095808383235,2,18,0.7777777777777778,1,0.0,17,0.8235294117647058,16,0.875
61,203,2,0.009852216748768473,0,22,0.6363636363636364,0,,22,0.6363636363636364,17,0.8235294117647058
62,147,0,0.0,0,16,0.8125,1,0.0,15,0.8666666666666667,13,0.9230769230769231
63,207,1,0.004830917874396135,0,23,0.6956521739130435,1,0.0,22,0.7272727272727273,20,0.7
64,168,3,0.017857142857142856,2,19,0.6842105263157895,0,,19,0.6842105263157895,18,0.7222222222222222
65,196,3,0.015306122448979591,0,22,0.7727272727272727,0,,22,0.7727272727272727,20,0.85
66,175,0,0.0,0,19,1.0,0,,19,1.0,18,1.0
67,201,4,0.01990049751243781,1,22,0.8636363636363636,0,,22,0.8636363636363636,16,0.875
68,221,6,0.027149321266968326,4,25,0.72,1,0.0,24,0.75,24,0.75
69,199,2,0.010050251256281407,0,22,0.3181818181818182,0,,22,0.3181818181818182,20,0.35
70,165,3,0.01818181818181818,0,18,0.8333333333333334,0,,18,0.8333333333333334,17,0.8823529411764706
71,220,1,0.004545454545454545,0,24,0.8333333333333334,0,,24,0.8333333333333334,23,0.8260869565217391
72,151,0,0.0,0,17,0.8235294117647058,0,,17,0.8235294117647058,16,0.875
73,217,0,0.0,0,24,0.8333333333333334,0,,24,0.8333333333333334,22,0.9090909090909091
74,206,4,0.019417475728155338,1,23,0.6521739130434783,1,0.0,22,0.6818181818181818,22,0.6818181818181818
75,154,3,0.01948051948051948,2,17,0.6470588235294118,1,0.0,16,0.6875,12,0.75
76,195,0,0.0,0,22,0.8181818181818182,0,,22,0.8181818181818182,21,0.8571428571428571
77,203,0,0.0,0,23,0.9565217391304348,0,,23,0.9565217391304348,23,0.9565217391304348
78,222,5,0.02252252252252252,3,25,0.52,3,0.3333333333333333,22,0.5454545454545454,22,0.5454545454545454
79,193,0,0.0,0,22,0.9545454545454546,0,,22,0.9545454545454546,22,0.9545454545454546
80,223,1,0.004484304932735426,0,25,0.48,1,0.0,24,0.5,24,0.5
81,143,1,0.006993006993006993,0,16,0.5625,0,,16,0.5625,16,0.5625
82,175,0,0.0,0,19,0.631578947368421,0,,19,0.631578947368421,18,0.6111111111111112
83,175,1,0.005714285714285714,0,19,0.3157894736842105,1,0.0,18,0.3333333333333333,18,0.3333333333333333
84,177,1,0.005649717514124294,0,20,0.7,2,0.0,18,0.7777777777777778,16,0.8125
85,198,0,0.0,0,22,0.9545454545454546,0,,22,0.9545454545454546,21,1.0
86,164,5,0.03048780487804878,2,18,0.2777777777777778,0,,18,0.2777777777777778,14,0.21428571428571427
87,175,1,0.005714285714285714,0,20,1.0,0,,20,1.0,18,1.0
88,199,1,0.005025125628140704,0,22,0.7727272727272727,0,,22,0.7727272727272727,22,0.7727272727272727
89,150,0,0.0,0,16,0.9375,0,,16,0.9375,16,0.9375
90,166,0,0.0,0,18,0.9444444444444444,1,0.0,17,1.0,17,1.0
91,151,8,0.052980132450331126,3,17,0.5294117647058824,1,1.0,16,0.5,15,0.5333333333333333
92,161,1,0.006211180124223602,0,18,0.8888888888888888,1,0.0,17,0.9411764705882353,13,1.0
93,160,3,0.01875,3,18,0.8888888888888888,0,,18,0.8888888888888888,15,0.8666666666666667
94,200,0,0.0,0,22,0.9090909090909091,0,,22,0.9090909090909091,22,0.9090909090909091
95,223,5,0.02242152466367713,3,25,0.92,1,1.0,24,0.9166666666666666,23,0.9565217391304348
96,179,5,0.027932960893854747,1,20,0.95,0,,20,0.95,17,0.9411764705882353
97,136,0,0.0,0,15,0.8,0,,15,0.8,13,0.8461538461538461
98,150,7,0.04666666666666667,7,17,0.9411764705882353,3,1.0,14,0.9285714285714286,10,1.0
99,180,1,0.005555555555555556,0,20,0.85,0,,20,0.85,20,0.85
100,172,9,0.05232558139534884,0,19,0.8421052631578947,0,,19,0.8421052631578947,15,0.8
101,168,1,0.005952380952380952,0,19,0.6842105263157895,0,,19,0.6842105263157895,18,0.7222222222222222
102,150,2,0.013333333333333334,0,17,0.8823529411764706,0,,17,0.8823529411764706,17,0.8823529411764706
103,209,1,0.004784688995215311,0,23,0.9565217391304348,0,,23,0.9565217391304348,22,0.9545454545454546
104,158,4,0.02531645569620253,1,18,0.8333333333333334,1,0.0,17,0.8823529411764706,17,0.8823529411764706
105,216,0,0.0,0,24,0.8333333333333334,0,,24,0.8333333333333334,24,0.8333333333333334
106,216,4,0.018518518518518517,3,24,0.625,0,,24,0.625,21,0.6190476190476191
107,175,0,0.0,0,20,0.75,0,,20,0.75,19,0.7368421052631579
108,153,0,0.0,0,17,0.9411764705882353,0,,17,0.9411764705882353,16,1.0
109,212,1,0.0047169811320754715,0,24,0.8333333333333334,0,,24,0.8333333333333334,24,0.8333333333333334
110,199,3,0.01507537688442211,0,22,0.8636363636363636,0,,22,0.8636363636363636,20,0.95
111,201,1,0.004975124378109453,0,22,0.2727272727272727,0,,22,0.2727272727272727,22,0.2727272727272727
112,212,8,0.03773584905660377,5,23,0.782608695652174,1,1.0,22,0.7727272727272727,19,0.7894736842105263
113,163,0,0.0,0,18,1.0,0,,18,1.0,16,1.0
114,52,0,0.0,0,6,0.6666666666666666,0,,6,0.6666666666666666,5,0.6
115,176,0,0.0,0,20,0.9,0,,20,0.9,20,0.9
116,176,5,0.028409090909090908,0,19,0.6842105263157895,0,,19,0.6842105263157895,18,0.7222222222222222
117,204,2,0.00980392156862745,0,23,0.6956521739130435,0,,23,0.6956521739130435,21,0.6666666666666666
118,158,2,0.012658227848101266,0,18,0.3888888888888889,0,,18,0.3888888888888889,18,0.3888888888888889
119,156,0,0.0,0,17,1.0,0,,17,1.0,15,1.0
120,219,18,0.0821917808219178,18,24,0.875,2,1.0,22,0.8636363636363636,22,0.8636363636363636
121,160,0,0.0,0,18,0.8333333333333334,0,,18,0.8333333333333334,18,0.8333333333333334
122,151,0,0.0,0,17,0.9411764705882353,0,,17,0.9411764705882353,16,0.9375
123,175,0,0.0,0,19,0.8421052631578947,0,,19,0.8421052631578947,19,0.8421052631578947
124,211,0,0.0,0,23,0.9130434782608695,0,,23,0.9130434782608695,22,0.9090909090909091
125,197,0,0.0,0,22,0.9090909090909091,0,,22,0.9090909090909091,21,0.9047619047619048
126,208,0,0.0,0,24,0.6666666666666666,0,,24,0.6666666666666666,23,0.6956521739130435
127,211,1,0.004739336492890996,0,23,0.8695652173913043,0,,23,0.8695652173913043,20,0.85
128,149,1,0.006711409395973154,0,17,0.7647058823529411,0,,17,0.7647058823529411,16,0.75
129,156,0,0.0,0,17,0.9411764705882353,0,,17,0.9411764705882353,17,0.9411764705882353
130,221,3,0.013574660633484163,0,24,0.5,0,,24,0.5,23,0.5217391304347826
131,220,0,0.0,0,24,0.875,0,,24,0.875,23,0.8695652173913043
132,156,0,0.0,0,17,0.8235294117647058,0,,17,0.8235294117647058,17,0.8235294117647058
133,217,1,0.004608294930875576,1,24,0.9166666666666666,0,,24,0.9166666666666666,20,0.9
134,175,0,0.0,0,19,0.6842105263157895,0,,19,0.6842105263157895,19,0.6842105263157895
135,179,6,0.0335195530726257,4,20,0.6,1,0.0,19,0.631578947368421,19,0.631578947368421
136,207,1,0.004830917874396135,0,23,0.8260869565217391,0,,23,0.8260869565217391,23,0.8260869565217391
137,145,0,0.0,0,16,1.0,0,,16,1.0,15,1.0
138,160,0,0.0,0,18,0.8888888888888888,0,,18,0.8888888888888888,17,0.8823529411764706
139,196,1,0.00510204081632653,0,22,0.6818181818181818,0,,22,0.6818181818181818,21,0.7142857142857143
140,195,2,0.010256410256410256,2,23,0.7391304347826086,0,,23,0.7391304347826086,21,0.7619047619047619
141,170,5,0.029411764705882353,0,19,0.21052631578947367,3,0.0,16,0.25,16,0.25
142,216,1,0.004629629629629629,0,24,0.625,0,,24,0.625,22,0.6818181818181818
143,176,0,0.0,0,20,0.9,0,,20,0.9,17,0.8823529411764706
144,143,4,0.027972027972027972,0,16,0.5,0,,16,0.5,16,0.5
145,82,0,0.0,0,9,0.3333333333333333,0,,9,0.3333333333333333,8,0.25
146,199,4,0.020100502512562814,1,22,0.9090909090909091,1,0.0,21,0.9523809523809523,16,1.0
147,170,1,0.0058823529411764705,0,19,0.8421052631578947,0,,19,0.8421052631578947,17,0.8235294117647058
148,154,0,0.0,0,17,0.5882352941176471,0,,17,0.5882352941176471,15,0.6
149,212,1,0.0047169811320754715,0,24,0.75,0,,24,0.75,22,0.7727272727272727
150,199,0,0.0,0,22,0.9545454545454546,0,,22,0.9545454545454546,20,1.0
151,175,3,0.017142857142857144,2,20,0.65,0,,20,0.65,18,0.6111111111111112
152,140,3,0.02142857142857143,3,16,0.6875,0,,16,0.6875,11,0.8181818181818182
153,164,0,0.0,0,19,0.8947368421052632,0,,19,0.8947368421052632,19,0.8947368421052632
154,144,1,0.006944444444444444,0,16,0.9375,0,,16,0.9375,16,0.9375
155,202,2,0.009900990099009901,0,22,0.7727272727272727,1,1.0,21,0.7619047619047619,16,0.75
156,202,1,0.0049504950495049506,0,22,0.9090909090909091,0,,22,0.9090909090909091,22,0.9090909090909091
157,212,0,0.0,0,24,0.8333333333333334,0,,24,0.8333333333333334,13,0.9230769230769231
158,199,2,0.010050251256281407,0,22,0.5454545454545454,1,0.0,21,0.5714285714285714,17,0.5294117647058824
159,171,0,0.0,0,19,1.0,0,,19,1.0,19,1.0
160,214,0,0.0,0,24,0.9583333333333334,0,,24,0.9583333333333334,24,0.9583333333333334
161,160,0,0.0,0,18,0.8333333333333334,0,,18,0.8333333333333334,17,0.8823529411764706
162,210,5,0.023809523809523808,0,23,0.6086956521739131,0,,23,0.6086956521739131,23,0.6086956521739131
163,138,4,0.028985507246376812,4,15,0.8,1,1.0,14,0.7857142857142857,14,0.7857142857142857
164,204,4,0.0196078431372549,3,23,0.782608695652174,0,,23,0.782608695652174,23,0.782608695652174
165,202,0,0.0,0,22,0.9545454545454546,0,,22,0.9545454545454546,22,0.9545454545454546
166,177,0,0.0,0,20,0.7,0,,20,0.7,19,0.6842105263157895
167,204,2,0.00980392156862745,0,23,0.6086956521739131,0,,23,0.6086956521739131,20,0.7
168,215,5,0.023255813953488372,1,24,0.625,1,0.0,23,0.6521739130434783,23,0.6521739130434783
169,211,1,0.004739336492890996,0,23,0.9565217391304348,0,,23,0.9565217391304348,23,0.9565217391304348
170,168,0,0.0,0,19,0.9473684210526315,0,,19,0.9473684210526315,19,0.9473684210526315
171,222,3,0.013513513513513514,0,25,0.48,0,,25,0.48,21,0.47619047619047616
172,221,1,0.004524886877828055,0,25,0.28,0,,25,0.28,23,0.2608695652173913
173,191,1,0.005235602094240838,0,22,1.0,0,,22,1.0,22,1.0
174,176,0,0.0,0,19,0.7368421052631579,0,,19,0.7368421052631579,17,0.7647058823529411
175,192,1,0.005208333333333333,0,21,0.8571428571428571,0,,21,0.8571428571428571,20,0.85
176,149,0,0.0,0,16,0.9375,0,,16,0.9375,16,0.9375
177,199,2,0.010050251256281407,0,22,0.7727272727272727,1,0.0,21,0.8095238095238095,20,0.8
178,151,0,0.0,0,17,0.8235294117647058,0,,17,0.8235294117647058,17,0.8235294117647058
179,202,0,0.0,0,22,0.5,0,,22,0.5,22,0.5
180,209,0,0.0,0,23,0.9130434782608695,0,,23,0.9130434782608695,22,0.9090909090909091
181,205,4,0.01951219512195122,0,23,0.6521739130434783,2,0.0,21,0.7142857142857143,19,0.6842105263157895
182,208,0,0.0,0,25,0.84,0,,25,0.84,25,0.84
183,4,0,0.0,0,1,0.0,0,,1,0.0,1,0.0
184,214,1,0.004672897196261682,0,24,0.9166666666666666,0,,24,0.9166666666666666,23,0.9130434782608695
185,150,4,0.02666666666666667,0,17,0.8823529411764706,0,,17,0.8823529411764706,16,0.9375
186,160,0,0.0,0,18,0.7777777777777778,0,,18,0.7777777777777778,18,0.7777777777777778
187,170,1,0.0058823529411764705,0,19,0.42105263157894735,1,0.0,18,0.4444444444444444,18,0.4444444444444444
188,164,1,0.006097560975609756,0,18,0.4444444444444444,0,,18,0.4444444444444444,18,0.4444444444444444
189,168,0,0.0,0,19,0.631578947368421,0,,19,0.631578947368421,18,0.6666666666666666
190,213,1,0.004694835680751174,0,24,0.9583333333333334,0,,24,0.9583333333333334,21,0.9523809523809523
191,222,2,0.009009009009009009,2,25,0.68,0,,25,0.68,23,0.7391304347826086
192,205,1,0.004878048780487805,0,23,0.9565217391304348,0,,23,0.9565217391304348,23,0.9565217391304348
193,150,0,0.0,0,17,1.0,0,,17,1.0,17,1.0
194,193,5,0.025906735751295335,2,22,0.8181818181818182,0,,22,0.8181818181818182,20,0.85
195,177,0,0.0,0,20,0.9,0,,20,0.9,20,0.9
196,221,1,0.004524886877828055,1,24,0.125,0,,24,0.125,20,0.1
197,150,1,0.006666666666666667,0,17,0.7058823529411765,0,,17,0.7058823529411765,17,0.7058823529411765
198,217,0,0.0,0,24,1.0,0,,24,1.0,24,1.0
199,208,4,0.019230769230769232,4,23,0.9130434782608695,0,,23,0.9130434782608695,23,0.9130434782608695
200,167,1,0.005988023952095809,0,19,0.8947368421052632,0,,19,0.8947368421052632,19,0.8947368421052632
201,220,0,0.0,0,24,0.875,0,,24,0.875,23,0.9130434782608695
202,209,6,0.028708133971291867,1,23,0.6521739130434783,0,,23,0.6521739130434783,20,0.65
203,218,2,0.009174311926605505,0,24,0.625,0,,24,0.625,19,0.631578947368421
204,194,1,0.005154639175257732,0,22,0.7727272727272727,0,,22,0.7727272727272727,20,0.85
205,147,2,0.013605442176870748,0,16,0.6875,0,,16,0.6875,12,0.6666666666666666
206,222,1,0.0045045045045045045,0,25,0.96,0,,25,0.96,21,1.0
207,213,3,0.014084507042253521,2,24,0.875,0,,24,0.875,24,0.875
208,153,0,0.0,0,17,0.8823529411764706,0,,17,0.8823529411764706,13,0.8461538461538461
209,159,0,0.0,0,19,0.8421052631578947,0,,19,0.8421052631578947,18,0.8333333333333334
210,162,1,0.006172839506172839,0,18,0.8888888888888888,1,0.0,17,0.9411764705882353,16,0.9375
211,167,2,0.011976047904191617,0,18,0.7777777777777778,0,,18,0.7777777777777778,15,0.7333333333333333
212,145,2,0.013793103448275862,1,16,0.9375,0,,16,0.9375,13,1.0
213,162,3,0.018518518518518517,0,18,0.4444444444444444,0,,18,0.4444444444444444,14,0.35714285714285715
214,178,0,0.0,0,20,0.85,0,,20,0.85,18,0.8888888888888888
215,202,0,0.0,0,22,0.9090909090909091,0,,22,0.9090909090909091,22,0.9090909090909091
216,158,1,0.006329113924050633,0,18,0.3888888888888889,0,,18,0.3888888888888889,17,0.4117647058823529
217,220,2,0.00909090909090909,0,24,0.875,0,,24,0.875,24,0.875
218,200,0,0.0,0,22,0.5909090909090909,0,,22,0.5909090909090909,22,0.5909090909090909
219,174,0,0.0,0,19,0.7368421052631579,0,,19,0.7368421052631579,17,0.7647058823529411
220,193,6,0.031088082901554404,2,21,0.5238095238095238,1,0.0,20,0.55,19,0.5263157894736842
221,172,0,0.0,0,19,0.7368421052631579,0,,19,0.7368421052631579,18,0.7777777777777778
222,148,0,0.0,0,16,1.0,0,,16,1.0,16,1.0
223,194,1,0.005154639175257732,0,22,0.9545454545454546,0,,22,0.9545454545454546,22,0.9545454545454546
224,198,2,0.010101010101010102,0,22,0.7727272727272727,0,,22,0.7727272727272727,21,0.8095238095238095
225,140,0,0.0,0,16,0.625,0,,16,0.625,15,0.6
226,202,0,0.0,0,22,0.8636363636363636,0,,22,0.8636363636363636,21,0.8571428571428571
227,204,0,0.0,0,23,1.0,0,,23,1.0,20,1.0
228,204,4,0.0196078431372549,0,23,0.782608695652174,1,0.0,22,0.8181818181818182,17,0.8235294117647058
229,147,1,0.006802721088435374,0,16,0.625,0,,16,0.625,15,0.6
230,195,0,0.0,0,22,0.9090909090909091,0,,22,0.9090909090909091,22,0.9090909090909091
231,149,0,0.0,0,17,0.8823529411764706,0,,17,0.8823529411764706,17,0.8823529411764706
232,179,9,0.05027932960893855,1,20,0.25,0,,20,0.25,18,0.2222222222222222
233,207,5,0.024154589371980676,0,23,0.7391304347826086,1,0.0,22,0.7727272727272727,22,0.7727272727272727
234,208,2,0.009615384615384616,2,23,0.9565217391304348,1,1.0,22,0.9545454545454546,22,0.9545454545454546
235,203,2,0.009852216748768473,0,22,0.7272727272727273,0,,22,0.7272727272727273,18,0.7222222222222222
236,196,5,0.025510204081632654,0,22,0.36363636363636365,4,0.0,18,0.4444444444444444,14,0.35714285714285715
237,136,0,0.0,0,15,0.7333333333333333,0,,15,0.7333333333333333,14,0.7857142857142857
238,163,0,0.0,0,18,0.3888888888888889,0,,18,0.3888888888888889,15,0.4666666666666667
239,199,2,0.010050251256281407,0,22,0.7727272727272727,0,,22,0.7727272727272727,21,0.7619047619047619
240,214,0,0.0,0,23,1.0,0,,23,1.0,22,1.0
241,160,9,0.05625,2,18,0.7777777777777778,0,,18,0.7777777777777778,11,0.8181818181818182
242,167,1,0.005988023952095809,0,19,0.8947368421052632,0,,19,0.8947368421052632,19,0.8947368421052632
243,215,0,0.0,0,24,0.4583333333333333,0,,24,0.4583333333333333,23,0.4782608695652174
244,156,2,0.01282051282051282,0,17,0.8823529411764706,0,,17,0.8823529411764706,17,0.8823529411764706
245,170,0,0.0,0,19,0.7894736842105263,0,,19,0.7894736842105263,17,0.8235294117647058
246,215,2,0.009302325581395349,0,24,0.2916666666666667,0,,24,0.2916666666666667,24,0.2916666666666667
247,201,1,0.004975124378109453,0,22,0.5,0,,22,0.5,22,0.5
248,220,0,0.0,0,24,0.9583333333333334,0,,24,0.9583333333333334,23,0.9565217391304348
249,173,0,0.0,0,19,0.8947368421052632,0,,19,0.8947368421052632,19,0.8947368421052632
250,173,0,0.0,0,19,0.9473684210526315,0,,19,0.9473684210526315,19,0.9473684210526315
251,139,0,0.0,0,16,1.0,0,,16,1.0,15,1.0
252,208,6,0.028846153846153848,3,23,0.8260869565217391,0,,23,0.8260869565217391,20,0.9
253,204,1,0.004901960784313725,0,23,0.8695652173913043,0,,23,0.8695652173913043,23,0.8695652173913043
254,170,0,0.0,0,19,0.6842105263157895,0,,19,0.6842105263157895,16,0.75
255,155,3,0.01935483870967742,2,17,0.8823529411764706,0,,17,0.8823529411764706,16,0.9375
256,142,3,0.02112676056338028,2,16,0.8125,0,,16,0.8125,15,0.8666666666666667
257,207,8,0.03864734299516908,5,23,0.782608695652174,1,0.0,22,0.8181818181818182,22,0.8181818181818182
258,175,2,0.011428571428571429,0,19,0.8421052631578947,0,,19,0.8421052631578947,17,0.8823529411764706
259,216,0,0.0,0,24,0.8333333333333334,0,,24,0.8333333333333334,24,0.8333333333333334
260,197,2,0.01015228426395939,1,22,0.8181818181818182,0,,22,0.8181818181818182,22,0.8181818181818182
261,217,0,0.0,0,25,1.0,0,,25,1.0,25,1.0
262,193,4,0.02072538860103627,0,21,0.8095238095238095,0,,21,0.8095238095238095,20,0.85
263,145,0,0.0,0,16,0.9375,0,,16,0.9375,15,0.9333333333333333
264,142,3,0.02112676056338028,0,16,0.1875,1,0.0,15,0.2,13,0.23076923076923078
265,204,8,0.0392156862745098,0,23,0.30434782608695654,0,,23,0.30434782608695654,22,0.3181818181818182
266,157,0,0.0,0,17,0.8235294117647058,0,,17,0.8235294117647058,17,0.8235294117647058
267,221,0,0.0,0,25,0.92,0,,25,0.92,22,0.9545454545454546
268,159,6,0.03773584905660377,0,18,0.5555555555555556,0,,18,0.5555555555555556,18,0.5555555555555556
269,212,1,0.0047169811320754715,0,23,0.8260869565217391,0,,23,0.8260869565217391,22,0.8181818181818182
270,147,0,0.0,0,16,0.375,0,,16,0.375,16,0.375
271,169,3,0.01775147928994083,0,19,0.6842105263157895,0,,19,0.6842105263157895,13,0.5384615384615384
272,136,0,0.0,0,15,0.6,0,,15,0.6,15,0.6
273,156,4,0.02564102564102564,1,17,0.7058823529411765,1,1.0,16,0.6875,14,0.7142857142857143
274,143,1,0.006993006993006993,0,16,0.5625,0,,16,0.5625,12,0.4166666666666667
275,148,0,0.0,0,16,0.75,0,,16,0.75,14,0.7857142857142857
276,219,0,0.0,0,24,0.9583333333333334,0,,24,0.9583333333333334,21,0.9523809523809523
277,214,1,0.004672897196261682,0,24,0.9583333333333334,0,,24,0.9583333333333334,24,0.9583333333333334
278,146,1,0.00684931506849315,0,16,0.8125,0,,16,0.8125,15,0.8
279,203,1,0.0049261083743842365,0,23,0.8260869565217391,0,,23,0.8260869565217391,22,0.8636363636363636
280,136,4,0.029411764705882353,1,15,0.8666666666666667,0,,15,0.8666666666666667,13,0.9230769230769231
281,176,0,0.0,0,20,0.9,0,,20,0.9,20,0.9
282,165,0,0.0,0,18,0.9444444444444444,1,0.0,17,1.0,17,1.0
283,199,1,0.005025125628140704,0,22,1.0,0,,22,1.0,22,1.0
284,137,0,0.0,0,15,0.7333333333333333,0,,15,0.7333333333333333,15,0.7333333333333333
285,144,0,0.0,0,16,0.875,0,,16,0.875,16,0.875
286,215,8,0.037209302325581395,6,24,0.7083333333333334,0,,24,0.7083333333333334,19,0.7368421052631579
287,212,0,0.0,0,25,0.88,0,,25,0.88,24,0.9166666666666666
288,207,7,0.033816425120772944,5,23,0.9130434782608695,0,,23,0.9130434782608695,23,0.9130434782608695
289,200,0,0.0,0,22,1.0,0,,22,1.0,21,1.0
290,196,1,0.00510204081632653,0,22,0.7727272727272727,0,,22,0.7727272727272727,21,0.7619047619047619
291,145,6,0.041379310344827586,2,16,0.75,2,0.0,14,0.8571428571428571,11,0.8181818181818182
292,201,2,0.009950248756218905,0,22,0.5,2,0.0,20,0.55,16,0.5625
293,205,0,0.0,0,23,1.0,0,,23,1.0,23,1.0
294,175,0,0.0,0,19,0.8947368421052632,0,,19,0.8947368421052632,19,0.8947368421052632
295,212,1,0.0047169811320754715,0,24,0.8333333333333334,0,,24,0.8333333333333334,19,0.7894736842105263
296,177,3,0.01694915254237288,1,20,0.85,0,,20,0.85,19,0.8947368421052632
297,192,0,0.0,0,21,0.9047619047619048,0,,21,0.9047619047619048,21,0.9047619047619048
298,174,0,0.0,0,19,0.9473684210526315,0,,19,0.9473684210526315,18,1.0
299,141,1,0.0070921985815602835,0,16,0.9375,0,,16,0.9375,16,0.9375
300,205,0,0.0,0,23,0.7391304347826086,0,,23,0.7391304347826086,22,0.7272727272727273
301,149,0,0.0,0,16,1.0,0,,16,1.0,16,1.0
302,215,1,0.004651162790697674,0,24,0.9166666666666666,1,0.0,23,0.9565217391304348,21,1.0
303,198,3,0.015151515151515152,0,22,0.6818181818181818,0,,22,0.6818181818181818,21,0.7142857142857143
304,131,1,0.007633587786259542,0,14,0.35714285714285715,0,,14,0.35714285714285715,12,0.4166666666666667
305,28,0,0.0,0,3,0.0,0,,3,0.0,3,0.0
306,200,0,0.0,0,22,0.9090909090909091,0,,22,0.9090909090909091,17,0.9411764705882353
307,159,0,0.0,0,18,0.2777777777777778,0,,18,0.2777777777777778,18,0.2777777777777778
308,155,1,0.0064516129032258064,0,17,0.23529411764705882,0,,17,0.23529411764705882,14,0.2857142857142857
309,177,4,0.022598870056497175,1,20,0.8,0,,20,0.8,18,0.8888888888888888
310,207,3,0.014492753623188406,0,23,0.5217391304347826,0,,23,0.5217391304347826,20,0.55
311,149,1,0.006711409395973154,0,16,0.9375,0,,16,0.9375,16,0.9375
312,159,0,0.0,0,18,0.8888888888888888,0,,18,0.8888888888888888,18,0.8888888888888888
313,170,2,0.011764705882352941,0,19,0.42105263157894735,0,,19,0.42105263157894735,18,0.4444444444444444
314,198,3,0.015151515151515152,0,22,0.3181818181818182,1,0.0,21,0.3333333333333333,16,0.3125
315,177,0,0.0,0,20,0.8,0,,20,0.8,19,0.8421052631578947
316,196,0,0.0,0,22,0.6818181818181818,0,,22,0.6818181818181818,22,0.6818181818181818
317,138,1,0.007246376811594203,0,15,0.8,0,,15,0.8,15,0.8
318,107,3,0.028037383177570093,1,12,0.08333333333333333,0,,12,0.08333333333333333,12,0.08333333333333333
319,194,0,0.0,0,22,0.6818181818181818,0,,22,0.6818181818181818,21,0.6666666666666666
320,216,2,0.009259259259259259,1,24,0.875,1,0.0,23,0.9130434782608695,22,0.9090909090909091
321,169,1,0.005917159763313609,0,19,0.8947368421052632,0,,19,0.8947368421052632,18,0.8888888888888888
322,169,0,0.0,0,19,1.0,0,,19,1.0,19,1.0
323,176,2,0.011363636363636364,0,20,0.95,0,,20,0.95,18,0.9444444444444444
324,112,0,0.0,0,12,0.0,0,,12,0.0,9,0.0
325,180,0,0.0,0,20,1.0,0,,20,1.0,19,1.0
326,170,5,0.029411764705882353,0,19,0.631578947368421,0,,19,0.631578947368421,18,0.6666666666666666
327,222,3,0.013513513513513514,1,25,0.76,0,,25,0.76,10,0.5
328,172,0,0.0,0,19,0.9473684210526315,0,,19,0.9473684210526315,19,0.9473684210526315
329,211,5,0.023696682464454975,1,24,0.7083333333333334,0,,24,0.7083333333333334,23,0.6956521739130435
330,71,1,0.014084507042253521,0,8,0.5,0,,8,0.5,6,0.6666666666666666
331,209,3,0.014354066985645933,0,24,0.7916666666666666,1,0.0,23,0.8260869565217391,12,0.6666666666666666
332,153,3,0.0196078431372549,0,17,0.8235294117647058,0,,17,0.8235294117647058,15,0.8
333,168,1,0.005952380952380952,0,19,0.8421052631578947,0,,19,0.8421052631578947,18,0.8333333333333334
334,179,0,0.0,0,21,0.7619047619047619,0,,21,0.7619047619047619,20,0.8
335,142,2,0.014084507042253521,0,16,0.5,0,,16,0.5,16,0.5
336,149,2,0.013422818791946308,0,16,0.8125,0,,16,0.8125,16,0.8125
337,155,0,0.0,0,17,1.0,0,,17,1.0,12,1.0
338,179,0,0.0,0,20,0.95,0,,20,0.95,20,0.95
339,211,5,0.023696682464454975,5,24,0.75,0,,24,0.75,20,0.85
340,180,2,0.011111111111111112,0,20,0.85,0,,20,0.85,15,0.8666666666666667
341,136,1,0.007352941176470588,0,15,0.9333333333333333,0,,15,0.9333333333333333,15,0.9333333333333333
342,211,0,0.0,0,23,0.9565217391304348,0,,23,0.9565217391304348,22,0.9545454545454546
343,161,0,0.0,0,18,0.8333333333333334,0,,18,0.8333333333333334,17,0.8823529411764706
344,204,0,0.0,0,23,0.6086956521739131,1,0.0,22,0.6363636363636364,19,0.6842105263157895
345,172,0,0.0,0,19,0.42105263157894735,0,,19,0.42105263157894735,17,0.4117647058823529
346,146,0,0.0,0,16,0.875,0,,16,0.875,14,0.9285714285714286
347,178,0,0.0,0,20,0.9,0,,20,0.9,20,0.9
348,194,0,0.0,0,23,0.9565217391304348,0,,23,0.9565217391304348,22,0.9545454545454546
349,203,0,0.0,0,22,0.7272727272727273,0,,22,0.7272727272727273,22,0.7272727272727273
350,157,19,0.12101910828025478,10,18,0.8888888888888888,1,0.0,17,0.9411764705882353,13,0.9230769230769231
351,208,2,0.009615384615384616,0,23,0.8260869565217391,0,,23,0.8260869565217391,23,0.8260869565217391
352,141,2,0.014184397163120567,2,16,0.625,0,,16,0.625,14,0.6428571428571429
353,180,0,0.0,0,20,0.75,0,,20,0.75,20,0.75
354,193,0,0.0,0,22,0.9090909090909091,0,,22,0.9090909090909091,20,0.9
355,146,0,0.0,0,16,0.875,0,,16,0.875,15,0.8666666666666667
356,198,0,0.0,0,22,0.9545454545454546,0,,22,0.9545454545454546,22,0.9545454545454546
357,216,0,0.0,0,24,0.9166666666666666,0,,24,0.9166666666666666,24,0.9166666666666666
358,174,0,0.0,0,19,0.8947368421052632,0,,19,0.8947368421052632,19,0.8947368421052632
359,217,1,0.004608294930875576,0,24,0.4583333333333333,0,,24,0.4583333333333333,23,0.4782608695652174
360,168,0,0.0,0,19,0.8421052631578947,1,0.0,18,0.8888888888888888,17,0.8823529411764706
361,135,0,0.0,0,15,0.6666666666666666,1,0.0,14,0.7142857142857143,14,0.7142857142857143
362,214,0,0.0,0,24,0.875,0,,24,0.875,23,0.8695652173913043
363,217,0,0.0,0,24,0.9583333333333334,0,,24,0.9583333333333334,24,0.9583333333333334
364,221,0,0.0,0,24,0.25,0,,24,0.25,21,0.23809523809523808
365,173,1,0.005780346820809248,0,19,0.7894736842105263,0,,19,0.7894736842105263,18,0.8333333333333334
366,212,12,0.05660377358490566,10,24,0.6666666666666666,1,1.0,23,0.6521739130434783,23,0.6521739130434783
367,206,0,0.0,0,23,1.0,0,,23,1.0,23,1.0
368,197,8,0.04060913705583756,3,22,0.8181818181818182,0,,22,0.8181818181818182,20,0.9
369,223,1,0.004484304932735426,1,24,0.875,0,,24,0.875,14,0.9285714285714286
370,139,1,0.007194244604316547,0,15,0.6666666666666666,0,,15,0.6666666666666666,14,0.7142857142857143
371,156,2,0.01282051282051282,2,17,0.8235294117647058,1,0.0,16,0.875,14,0.9285714285714286
372,203,5,0.024630541871921183,0,22,0.5,0,,22,0.5,19,0.42105263157894735
373,157,0,0.0,0,17,0.7058823529411765,0,,17,0.7058823529411765,15,0.7333333333333333
374,173,1,0.005780346820809248,0,19,0.7894736842105263,0,,19,0.7894736842105263,16,0.875
375,139,0,0.0,0,16,0.9375,0,,16,0.9375,16,0.9375
376,208,9,0.04326923076923077,5,23,0.7391304347826086,1,0.0,22,0.7727272727272727,17,0.8823529411764706
377,166,0,0.0,0,18,0.8888888888888888,0,,18,0.8888888888888888,17,0.8823529411764706
378,140,14,0.1,8,16,0.625,0,,16,0.625,12,0.6666666666666666
379,139,0,0.0,0,15,0.8,0,,15,0.8,15,0.8
380,222,3,0.013513513513513514,0,25,0.84,0,,25,0.84,24,0.8333333333333334
381,169,3,0.01775147928994083,0,19,0.6842105263157895,0,,19,0.6842105263157895,17,0.7058823529411765
382,167,1,0.005988023952095809,0,19,0.7368421052631579,0,,19,0.7368421052631579,18,0.7777777777777778
383,176,5,0.028409090909090908,0,20,0.3,0,,20,0.3,19,0.3157894736842105
384,157,2,0.012738853503184714,0,17,0.5294117647058824,1,0.0,16,0.5625,13,0.6153846153846154
385,170,8,0.047058823529411764,3,19,0.7894736842105263,1,0.0,18,0.8333333333333334,18,0.8333333333333334
386,144,1,0.006944444444444444,0,16,0.5625,0,,16,0.5625,16,0.5625
387,141,2,0.014184397163120567,2,16,0.875,0,,16,0.875,9,0.7777777777777778
388,210,0,0.0,0,23,0.8260869565217391,0,,23,0.8260869565217391,23,0.8260869565217391
389,138,0,0.0,0,15,0.6,0,,15,0.6,15,0.6
390,199,2,0.010050251256281407,2,22,0.5454545454545454,0,,22,0.5454545454545454,21,0.5714285714285714
391,158,1,0.006329113924050633,0,18,1.0,0,,18,1.0,18,1.0
392,173,0,0.0,0,19,0.7368421052631579,0,,19,0.7368421052631579,17,0.7058823529411765
393,163,0,0.0,0,18,0.6666666666666666,0,,18,0.6666666666666666,14,0.7142857142857143
394,179,0,0.0,0,20,0.7,0,,20,0.7,20,0.7
395,203,0,0.0,0,22,1.0,0,,22,1.0,22,1.0
396,201,3,0.014925373134328358,0,22,0.45454545454545453,0,,22,0.45454545454545453,18,0.5
397,194,5,0.02577319587628866,5,22,0.6818181818181818,1,1.0,21,0.6666666666666666,20,0.7
398,168,4,0.023809523809523808,2,18,0.8888888888888888,1,0.0,17,0.9411764705882353,14,0.9285714285714286
399,193,1,0.0051813471502590676,0,22,0.8181818181818182,0,,22,0.8181818181818182,21,0.8571428571428571
400,138,1,0.007246376811594203,0,15,0.6666666666666666,0,,15,0.6666666666666666,9,0.4444444444444444
401,203,0,0.0,0,23,0.9130434782608695,0,,23,0.9130434782608695,23,0.9130434782608695
402,221,3,0.013574660633484163,0,25,0.6,0,,25,0.6,25,0.6
403,193,7,0.03626943005181347,1,22,0.5909090909090909,1,0.0,21,0.6190476190476191,20,0.65
404,154,4,0.025974025974025976,2,17,1.0,0,,17,1.0,16,1.0
405,146,0,0.0,0,16,0.6875,0,,16,0.6875,15,0.6666666666666666
406,153,0,0.0,0,17,1.0,0,,17,1.0,17,1.0
407,89,1,0.011235955056179775,0,10,0.1,0,,10,0.1,7,0.14285714285714285
408,201,1,0.004975124378109453,0,22,0.6818181818181818,0,,22,0.6818181818181818,22,0.6818181818181818
409,161,1,0.006211180124223602,0,18,0.8333333333333334,0,,18,0.8333333333333334,17,0.8823529411764706
410,140,0,0.0,0,16,0.9375,0,,16,0.9375,16,0.9375
411,205,0,0.0,0,23,0.8260869565217391,0,,23,0.8260869565217391,20,0.85
412,195,0,0.0,0,22,0.8636363636363636,0,,22,0.8636363636363636,20,0.9
413,20,0,0.0,0,2,0.5,0,,2,0.5,2,0.5
414,159,0,0.0,0,18,0.8888888888888888,0,,18,0.8888888888888888,17,0.8823529411764706
415,141,1,0.0070921985815602835,0,16,1.0,0,,16,1.0,16,1.0
416,217,2,0.009216589861751152,0,24,0.5416666666666666,0,,24,0.5416666666666666,24,0.5416666666666666
417,155,4,0.025806451612903226,0,17,0.8823529411764706,1,0.0,16,0.9375,15,0.9333333333333333
418,135,0,0.0,0,15,0.8666666666666667,0,,15,0.8666666666666667,15,0.8666666666666667
419,211,2,0.009478672985781991,0,23,0.8260869565217391,0,,23,0.8260869565217391,21,0.9047619047619048
420,169,1,0.005917159763313609,1,19,0.7368421052631579,0,,19,0.7368421052631579,19,0.7368421052631579
421,221,2,0.00904977375565611,1,24,1.0,0,,24,1.0,24,1.0
422,156,1,0.00641025641025641,0,17,0.8823529411764706,0,,17,0.8823529411764706,16,0.875
423,203,2,0.009852216748768473,0,22,0.8636363636363636,0,,22,0.8636363636363636,22,0.8636363636363636
424,171,8,0.04678362573099415,4,19,0.5263157894736842,0,,19,0.5263157894736842,15,0.6
425,174,0,0.0,0,19,1.0,0,,19,1.0,19,1.0
426,203,1,0.0049261083743842365,0,23,0.5217391304347826,0,,23,0.5217391304347826,22,0.5454545454545454
427,222,0,0.0,0,25,0.68,0,,25,0.68,22,0.7272727272727273
428,158,2,0.012658227848101266,0,18,0.7777777777777778,0,,18,0.7777777777777778,15,0.8666666666666667
429,210,3,0.014285714285714285,0,23,0.6086956521739131,0,,23,0.6086956521739131,22,0.6363636363636364
430,210,0,0.0,0,23,0.8695652173913043,0,,23,0.8695652173913043,23,0.8695652173913043
431,127,0,0.0,0,14,0.5714285714285714,0,,14,0.5714285714285714,10,0.5
432,206,0,0.0,0,24,0.4583333333333333,1,0.0,23,0.4782608695652174,23,0.4782608695652174
433,152,1,0.006578947368421052,0,17,1.0,0,,17,1.0,17,1.0
434,221,1,0.004524886877828055,0,24,0.7916666666666666,0,,24,0.7916666666666666,23,0.8260869565217391
435,171,3,0.017543859649122806,2,19,0.8421052631578947,0,,19,0.8421052631578947,17,0.8823529411764706
436,147,0,0.0,0,16,0.4375,0,,16,0.4375,15,0.4
437,160,11,0.06875,11,18,0.9444444444444444,1,1.0,17,0.9411764705882353,15,1.0
438,207,2,0.00966183574879227,0,23,0.6956521739130435,0,,23,0.6956521739130435,22,0.6818181818181818
439,198,0,0.0,0,22,0.8181818181818182,0,,22,0.8181818181818182,21,0.8571428571428571
440,169,3,0.01775147928994083,3,19,0.9473684210526315,0,,19,0.9473684210526315,18,0.9444444444444444
441,193,0,0.0,0,21,0.6666666666666666,0,,21,0.6666666666666666,20,0.65
442,164,0,0.0,0,18,0.7222222222222222,0,,18,0.7222222222222222,14,0.7142857142857143
443,152,2,0.013157894736842105,0,17,0.8235294117647058,0,,17,0.8235294117647058,15,0.8666666666666667
444,173,0,0.0,0,19,1.0,0,,19,1.0,18,1.0
445,176,1,0.005681818181818182,0,20,0.85,0,,20,0.85,16,0.9375
446,205,11,0.05365853658536585,4,23,0.6521739130434783,2,0.0,21,0.7142857142857143,20,0.7
447,175,0,0.0,0,19,0.9473684210526315,0,,19,0.9473684210526315,18,0.9444444444444444
448,221,0,0.0,0,24,0.9166666666666666,0,,24,0.9166666666666666,24,0.9166666666666666
449,178,0,0.0,0,20,1.0,0,,20,1.0,20,1.0
450,218,6,0.027522935779816515,2,24,0.5833333333333334,0,,24,0.5833333333333334,22,0.6363636363636364
451,214,1,0.004672897196261682,0,24,0.75,0,,24,0.75,20,0.7
452,161,0,0.0,0,18,0.7222222222222222,0,,18,0.7222222222222222,18,0.7222222222222222
453,161,7,0.043478260869565216,1,18,0.7777777777777778,0,,18,0.7777777777777778,11,0.7272727272727273
454,210,0,0.0,0,23,0.8260869565217391,0,,23,0.8260869565217391,23,0.8260869565217391
455,174,0,0.0,0,19,0.9473684210526315,0,,19,0.9473684210526315,19,0.9473684210526315
456,218,6,0.027522935779816515,0,24,0.5,0,,24,0.5,16,0.4375
457,215,0,0.0,0,25,0.72,0,,25,0.72,24,0.7083333333333334
458,125,0,0.0,0,14,0.5,0,,14,0.5,14,0.5
459,165,0,0.0,0,19,0.8421052631578947,0,,19,0.8421052631578947,19,0.8421052631578947
460,209,11,0.05263157894736842,7,23,0.7391304347826086,0,,23,0.7391304347826086,22,0.7272727272727273
461,195,1,0.005128205128205128,0,22,0.8636363636363636,0,,22,0.8636363636363636,22,0.8636363636363636
462,208,0,0.0,0,23,1.0,0,,23,1.0,21,1.0
463,195,2,0.010256410256410256,0,22,0.5909090909090909,1,0.0,21,0.6190476190476191,14,0.5
464,165,1,0.006060606060606061,0,18,0.6666666666666666,0,,18,0.6666666666666666,15,0.7333333333333333
465,176,0,0.0,0,20,1.0,0,,20,1.0,20,1.0
466,195,1,0.005128205128205128,0,22,0.8181818181818182,0,,22,0.8181818181818182,21,0.8095238095238095
467,175,6,0.03428571428571429,0,20,0.3,1,0.0,19,0.3157894736842105,18,0.3333333333333333
468,196,0,0.0,0,22,1.0,0,,22,1.0,22,1.0
469,209,3,0.014354066985645933,0,23,0.8260869565217391,0,,23,0.8260869565217391,23,0.8260869565217391
470,177,2,0.011299435028248588,0,20,0.95,1,0.0,19,1.0,19,1.0
471,193,0,0.0,0,21,0.8571428571428571,0,,21,0.8571428571428571,21,0.8571428571428571
472,218,1,0.0045871559633027525,0,24,0.7916666666666666,0,,24,0.7916666666666666,23,0.8260869565217391
473,211,3,0.014218009478672985,0,24,0.5833333333333334,1,0.0,23,0.6086956521739131,19,0.631578947368421
474,147,0,0.0,0,16,0.9375,0,,16,0.9375,15,0.9333333333333333
475,173,5,0.028901734104046242,2,19,0.3157894736842105,1,0.0,18,0.3333333333333333,17,0.35294117647058826
476,195,2,0.010256410256410256,0,22,0.9090909090909091,0,,22,0.9090909090909091,22,0.9090909090909091
477,178,0,0.0,0,20,0.9,0,,20,0.9,17,0.8823529411764706
478,195,3,0.015384615384615385,0,22,0.8636363636363636,0,,22,0.8636363636363636,17,0.8235294117647058
479,167,1,0.005988023952095809,0,18,0.8333333333333334,0,,18,0.8333333333333334,18,0.8333333333333334
480,143,0,0.0,0,16,0.9375,0,,16,0.9375,15,0.9333333333333333
481,166,1,0.006024096385542169,0,18,0.8333333333333334,0,,18,0.8333333333333334,18,0.8333333333333334
482,205,2,0.00975609756097561,0,23,0.5652173913043478,1,0.0,22,0.5909090909090909,21,0.6190476190476191
483,222,9,0.04054054054054054,0,25,0.52,0,,25,0.52,17,0.4117647058823529
484,213,0,0.0,0,24,0.6666666666666666,0,,24,0.6666666666666666,22,0.6818181818181818
485,179,1,0.00558659217877095,0,20,0.5,0,,20,0.5,18,0.4444444444444444
486,171,2,0.011695906432748537,0,19,0.8947368421052632,0,,19,0.8947368421052632,19,0.8947368421052632
487,145,1,0.006896551724137931,0,16,0.75,0,,16,0.75,12,0.75
488,171,3,0.017543859649122806,0,19,0.8421052631578947,0,,19,0.8421052631578947,18,0.8333333333333334
489,174,1,0.005747126436781609,0,19,0.9473684210526315,0,,19,0.9473684210526315,18,0.9444444444444444
490,162,3,0.018518518518518517,0,18,0.6111111111111112,1,0.0,17,0.6470588235294118,12,0.5
491,203,0,0.0,0,23,0.7391304347826086,0,,23,0.7391304347826086,22,0.7272727272727273
492,207,4,0.01932367149758454,0,23,0.6086956521739131,0,,23,0.6086956521739131,12,0.5833333333333334
493,191,0,0.0,0,22,0.7727272727272727,0,,22,0.7727272727272727,22,0.7727272727272727
494,201,1,0.004975124378109453,0,22,0.9545454545454546,0,,22,0.9545454545454546,21,0.9523809523809523
495,169,2,0.011834319526627219,2,19,0.5789473684210527,0,,19,0.5789473684210527,18,0.5555555555555556
496,219,1,0.0045662100456621,0,24,0.75,0,,24,0.75,22,0.7272727272727273
497,166,0,0.0,0,18,0.9444444444444444,0,,18,0.9444444444444444,17,0.9411764705882353
498,116,0,0.0,0,13,1.0,0,,13,1.0,13,1.0
499,211,0,0.0,0,23,1.0,0,,23,1.0,23,1.0
500,212,0,0.0,0,23,0.391304347826087,0,,23,0.391304347826087,21,0.42857142857142855
501,171,4,0.023391812865497075,0,19,0.8947368421052632,1,1.0,18,0.8888888888888888,16,0.875
502,219,3,0.0136986301369863,0,24,0.625,0,,24,0.625,24,0.625
503,173,0,0.0,0,19,0.8947368421052632,0,,19,0.8947368421052632,19,0.8947368421052632
504,209,1,0.004784688995215311,0,23,0.34782608695652173,0,,23,0.34782608695652173,22,0.3181818181818182
505,164,0,0.0,0,18,1.0,0,,18,1.0,13,1.0
506,197,0,0.0,0,22,0.8181818181818182,0,,22,0.8181818181818182,18,0.7777777777777778
507,142,0,0.0,0,16,1.0,0,,16,1.0,16,1.0
508,157,0,0.0,0,17,0.8823529411764706,0,,17,0.8823529411764706,16,0.875
509,217,0,0.0,0,24,0.8333333333333334,0,,24,0.8333333333333334,23,0.8260869565217391
510,202,0,0.0,0,22,0.9545454545454546,0,,22,0.9545454545454546,19,0.9473684210526315
511,145,0,0.0,0,16,0.8125,0,,16,0.8125,15,0.8
512,155,2,0.012903225806451613,1,17,1.0,0,,17,1.0,17,1.0
513,205,0,0.0,0,23,0.9130434782608695,0,,23,0.9130434782608695,21,0.9047619047619048
514,167,0,0.0,0,18,0.9444444444444444,0,,18,0.9444444444444444,18,0.9444444444444444
515,139,1,0.007194244604316547,0,15,1.0,0,,15,1.0,15,1.0
516,172,0,0.0,0,19,0.7368421052631579,0,,19,0.7368421052631579,16,0.75
517,159,2,0.012578616352201259,0,18,0.9444444444444444,0,,18,0.9444444444444444,18,0.9444444444444444
518,167,1,0.005988023952095809,1,19,0.8421052631578947,0,,19,0.8421052631578947,11,0.8181818181818182
519,197,1,0.005076142131979695,0,22,0.8636363636363636,0,,22,0.8636363636363636,22,0.8636363636363636
520,206,0,0.0,0,23,0.9130434782608695,0,,23,0.9130434782608695,21,0.9047619047619048
521,178,0,0.0,0,20,0.9,1,0.0,19,0.9473684210526315,18,1.0
522,204,1,0.004901960784313725,0,23,0.6086956521739131,0,,23,0.6086956521739131,22,0.5909090909090909
523,193,0,0.0,0,22,0.9090909090909091,0,,22,0.9090909090909091,22,0.9090909090909091
524,175,0,0.0,0,19,0.631578947368421,0,,19,0.631578947368421,13,0.6923076923076923
525,215,3,0.013953488372093023,0,24,0.625,0,,24,0.625,17,0.47058823529411764
526,172,0,0.0,0,19,0.7368421052631579,0,,19,0.7368421052631579,16,0.6875
527,150,0,0.0,0,17,0.9411764705882353,0,,17,0.9411764705882353,16,0.9375
528,196,0,0.0,0,22,0.6363636363636364,0,,22,0.6363636363636364,20,0.65
529,142,1,0.007042253521126761,0,16,0.625,0,,16,0.625,16,0.625
530,204,0,0.0,0,23,0.782608695652174,0,,23,0.782608695652174,22,0.7727272727272727
531,206,3,0.014563106796116505,1,24,0.75,0,,24,0.75,21,0.8095238095238095
532,209,11,0.05263157894736842,7,23,0.782608695652174,2,0.0,21,0.8571428571428571,21,0.8571428571428571
533,162,0,0.0,0,18,0.6666666666666666,0,,18,0.6666666666666666,18,0.6666666666666666
534,202,1,0.0049504950495049506,0,22,0.8181818181818182,0,,22,0.8181818181818182,22,0.8181818181818182
535,143,4,0.027972027972027972,0,16,0.1875,0,,16,0.1875,14,0.21428571428571427
536,221,0,0.0,0,25,0.84,0,,25,0.84,22,0.8181818181818182
537,166,1,0.006024096385542169,0,18,0.5555555555555556,0,,18,0.5555555555555556,17,0.5882352941176471
538,204,0,0.0,0,23,0.5652173913043478,0,,23,0.5652173913043478,21,0.5714285714285714
539,153,0,0.0,0,17,0.6470588235294118,1,0.0,16,0.6875,16,0.6875
540,219,1,0.0045662100456621,0,24,0.6666666666666666,0,,24,0.6666666666666666,21,0.7619047619047619
541,219,1,0.0045662100456621,0,24,0.7083333333333334,0,,24,0.7083333333333334,23,0.7391304347826086
542,206,0,0.0,0,23,0.9130434782608695,0,,23,0.9130434782608695,23,0.9130434782608695
543,203,1,0.0049261083743842365,0,23,0.391304347826087,0,,23,0.391304347826087,17,0.29411764705882354
544,149,1,0.006711409395973154,0,17,0.5882352941176471,0,,17,0.5882352941176471,15,0.6666666666666666
545,140,0,0.0,0,16,0.5625,0,,16,0.5625,15,0.5333333333333333
546,216,2,0.009259259259259259,0,24,0.9166666666666666,0,,24,0.9166666666666666,23,0.9130434782608695
547,200,1,0.005,0,23,0.7391304347826086,0,,23,0.7391304347826086,23,0.7391304347826086
548,148,0,0.0,0,16,0.8125,0,,16,0.8125,16,0.8125
549,179,0,0.0,0,20,1.0,0,,20,1.0,20,1.0
550,149,13,0.087248322147651,5,17,0.23529411764705882,3,0.3333333333333333,14,0.21428571428571427,14,0.21428571428571427
551,203,3,0.014778325123152709,0,22,0.7272727272727273,0,,22,0.7272727272727273,22,0.7272727272727273
552,157,4,0.025477707006369428,0,17,0.8235294117647058,1,0.0,16,0.875,15,0.8666666666666667
553,208,1,0.004807692307692308,0,23,1.0,0,,23,1.0,23,1.0
554,206,1,0.0048543689320388345,0,23,0.8260869565217391,1,0.0,22,0.8636363636363636,22,0.8636363636363636
555,59,1,0.01694915254237288,0,6,0.3333333333333333,0,,6,0.3333333333333333,5,0.4
556,149,0,0.0,0,17,0.9411764705882353,0,,17,0.9411764705882353,16,0.9375
557,144,0,0.0,0,17,0.8823529411764706,0,,17,0.8823529411764706,16,0.875
558,180,0,0.0,0,20,0.85,0,,20,0.85,20,0.85
559,148,0,0.0,0,16,0.75,0,,16,0.75,16,0.75
560,194,6,0.030927835051546393,2,21,0.5714285714285714,1,0.0,20,0.6,14,0.7857142857142857
561,179,3,0.01675977653631285,0,21,0.23809523809523808,0,,21,0.23809523809523808,20,0.25
562,166,0,0.0,0,18,0.9444444444444444,0,,18,0.9444444444444444,17,0.9411764705882353
563,163,2,0.012269938650306749,0,18,0.8333333333333334,0,,18,0.8333333333333334,18,0.8333333333333334
564,158,0,0.0,0,18,0.8333333333333334,0,,18,0.8333333333333334,17,0.8235294117647058
565,221,3,0.013574660633484163,2,24,0.75,1,0.0,23,0.782608695652174,20,0.8
566,177,1,0.005649717514124294,0,20,0.8,0,,20,0.8,13,0.7692307692307693
567,178,2,0.011235955056179775,0,20,0.6,0,,20,0.6,19,0.631578947368421
568,218,0,0.0,0,24,0.7916666666666666,0,,24,0.7916666666666666,19,0.8421052631578947
569,215,1,0.004651162790697674,0,24,0.7916666666666666,0,,24,0.7916666666666666,24,0.7916666666666666
570,174,0,0.0,0,19,0.8947368421052632,0,,19,0.8947368421052632,19,0.8947368421052632
571,212,0,0.0,0,23,0.782608695652174,0,,23,0.782608695652174,22,0.8181818181818182
572,152,1,0.006578947368421052,0,17,1.0,0,,17,1.0,17,1.0
573,137,0,0.0,0,15,0.9333333333333333,0,,15,0.9333333333333333,14,0.9285714285714286
574,204,2,0.00980392156862745,0,22,0.5909090909090909,0,,22,0.5909090909090909,21,0.5714285714285714
575,162,2,0.012345679012345678,0,18,0.9444444444444444,1,0.0,17,1.0,17,1.0
576,208,2,0.009615384615384616,0,23,0.9130434782608695,0,,23,0.9130434782608695,23,0.9130434782608695
577,174,0,0.0,0,19,0.9473684210526315,0,,19,0.9473684210526315,18,0.9444444444444444
578,152,0,0.0,0,17,1.0,0,,17,1.0,17,1.0
579,163,0,0.0,0,18,0.9444444444444444,0,,18,0.9444444444444444,14,0.9285714285714286
580,193,0,0.0,0,22,1.0,0,,22,1.0,22,1.0
581,139,0,0.0,0,15,0.9333333333333333,0,,15,0.9333333333333333,15,0.9333333333333333
582,207,0,0.0,0,23,0.9130434782608695,0,,23,0.9130434782608695,23,0.9130434782608695
583,171,1,0.005847953216374269,0,19,0.8947368421052632,0,,19,0.8947368421052632,18,0.8888888888888888
584,214,8,0.037383177570093455,3,24,0.7083333333333334,2,0.0,22,0.7727272727272727,15,0.7333333333333333
585,149,1,0.006711409395973154,0,17,0.7058823529411765,0,,17,0.7058823529411765,15,0.7333333333333333
586,163,2,0.012269938650306749,0,18,0.9444444444444444,0,,18,0.9444444444444444,18,0.9444444444444444
587,210,1,0.004761904761904762,0,23,0.5652173913043478,0,,23,0.5652173913043478,22,0.5454545454545454
588,167,2,0.011976047904191617,0,18,0.8888888888888888,0,,18,0.8888888888888888,13,1.0
589,44,2,0.045454545454545456,0,5,0.0,0,,5,0.0,4,0.0
590,139,0,0.0,0,15,0.9333333333333333,0,,15,0.9333333333333333,15,0.9333333333333333
591,209,4,0.019138755980861243,1,23,0.8260869565217391,0,,23,0.8260869565217391,19,0.7894736842105263
592,165,2,0.012121212121212121,0,18,0.8888888888888888,0,,18,0.8888888888888888,14,0.8571428571428571
593,156,1,0.00641025641025641,0,17,0.8823529411764706,0,,17,0.8823529411764706,15,0.9333333333333333
594,193,1,0.0051813471502590676,0,21,0.38095238095238093,0,,21,0.38095238095238093,21,0.38095238095238093
595,223,1,0.004484304932735426,0,25,0.88,0,,25,0.88,25,0.88
596,207,1,0.004830917874396135,0,23,0.6086956521739131,0,,23,0.6086956521739131,23,0.6086956521739131
597,137,1,0.0072992700729927005,0,15,0.7333333333333333,0,,15,0.7333333333333333,15,0.7333333333333333
598,197,1,0.005076142131979695,0,22,0.8636363636363636,0,,22,0.8636363636363636,18,0.8888888888888888
599,153,0,0.0,0,17,0.7647058823529411,0,,17,0.7647058823529411,16,0.8125
600,219,0,0.0,0,24,0.9583333333333334,0,,24,0.9583333333333334,24,0.9583333333333334
601,211,2,0.009478672985781991,0,23,0.6086956521739131,0,,23,0.6086956521739131,21,0.6190476190476191
602,199,5,0.02512562814070352,0,22,0.8181818181818182,0,,22,0.8181818181818182,14,0.7142857142857143
603,203,0,0.0,0,23,0.17391304347826086,0,,23,0.17391304347826086,23,0.17391304347826086
604,214,1,0.004672897196261682,0,24,0.4166666666666667,0,,24,0.4166666666666667,21,0.38095238095238093
605,159,1,0.006289308176100629,0,18,0.7222222222222222,0,,18,0.7222222222222222,16,0.8125
606,154,6,0.03896103896103896,1,18,0.16666666666666666,1,1.0,17,0.11764705882352941,17,0.11764705882352941
607,168,0,0.0,0,19,0.8421052631578947,0,,19,0.8421052631578947,19,0.8421052631578947
608,223,0,0.0,0,25,0.84,0,,25,0.84,25,0.84
609,213,1,0.004694835680751174,0,24,0.875,0,,24,0.875,21,0.9047619047619048
610,222,4,0.018018018018018018,3,25,0.8,1,0.0,24,0.8333333333333334,24,0.8333333333333334
611,135,0,0.0,0,15,0.4,1,0.0,14,0.42857142857142855,13,0.46153846153846156
612,208,3,0.014423076923076924,0,23,0.391304347826087,1,0.0,22,0.4090909090909091,21,0.42857142857142855
613,172,4,0.023255813953488372,0,19,0.6842105263157895,0,,19,0.6842105263157895,17,0.7647058823529411
614,203,1,0.0049261083743842365,0,23,0.6956521739130435,0,,23,0.6956521739130435,22,0.6818181818181818
615,213,0,0.0,0,24,0.875,0,,24,0.875,24,0.875
616,176,0,0.0,0,20,0.7,0,,20,0.7,17,0.7647058823529411
617,141,1,0.0070921985815602835,0,16,0.875,0,,16,0.875,14,0.8571428571428571
618,197,0,0.0,0,22,0.8636363636363636,0,,22,0.8636363636363636,21,0.9047619047619048
619,216,1,0.004629629629629629,0,24,0.7083333333333334,0,,24,0.7083333333333334,23,0.7391304347826086
620,137,2,0.014598540145985401,0,15,0.9333333333333333,0,,15,0.9333333333333333,14,0.9285714285714286
621,141,0,0.0,0,16,0.75,0,,16,0.75,15,0.8
622,205,0,0.0,0,23,1.0,0,,23,1.0,22,1.0
623,168,0,0.0,0,19,0.9473684210526315,0,,19,0.9473684210526315,18,0.9444444444444444
624,198,1,0.005050505050505051,0,22,1.0,0,,22,1.0,20,1.0
625,162,0,0.0,0,18,0.7777777777777778,0,,18,0.7777777777777778,17,0.7647058823529411
626,169,7,0.04142011834319527,0,19,0.7894736842105263,2,1.0,17,0.7647058823529411,14,0.8571428571428571
627,135,5,0.037037037037037035,2,15,0.6666666666666666,1,0.0,14,0.7142857142857143,11,0.7272727272727273
628,139,1,0.007194244604316547,0,15,0.9333333333333333,0,,15,0.9333333333333333,15,0.9333333333333333
629,192,1,0.005208333333333333,0,21,0.7142857142857143,0,,21,0.7142857142857143,20,0.7
630,195,0,0.0,0,22,1.0,0,,22,1.0,20,1.0
631,220,0,0.0,0,24,1.0,0,,24,1.0,23,1.0
632,157,3,0.01910828025477707,0,18,0.7777777777777778,0,,18,0.7777777777777778,17,0.7647058823529411
633,170,4,0.023529411764705882,1,19,0.7368421052631579,0,,19,0.7368421052631579,19,0.7368421052631579
634,164,2,0.012195121951219513,1,18,0.9444444444444444,0,,18,0.9444444444444444,16,1.0
635,163,1,0.006134969325153374,0,18,0.6666666666666666,0,,18,0.6666666666666666,16,0.75
636,167,11,0.0658682634730539,4,18,0.7777777777777778,2,1.0,16,0.75,13,0.8461538461538461
637,165,3,0.01818181818181818,0,18,0.3333333333333333,0,,18,0.3333333333333333,15,0.4
638,199,0,0.0,0,21,0.9047619047619048,0,,21,0.9047619047619048,21,0.9047619047619048
639,203,6,0.029556650246305417,0,23,0.8695652173913043,0,,23,0.8695652173913043,21,0.9047619047619048
640,176,2,0.011363636363636364,0,20,0.2,0,,20,0.2,20,0.2
641,165,0,0.0,0,18,0.8333333333333334,0,,18,0.8333333333333334,17,0.8235294117647058
642,144,2,0.013888888888888888,0,16,0.5625,0,,16,0.5625,16,0.5625
643,168,2,0.011904761904761904,0,18,1.0,1,1.0,17,1.0,15,1.0
644,151,0,0.0,0,18,0.4444444444444444,0,,18,0.4444444444444444,17,0.4117647058823529
645,208,0,0.0,0,23,0.8695652173913043,0,,23,0.8695652173913043,23,0.8695652173913043
646,220,0,0.0,0,24,0.9583333333333334,0,,24,0.9583333333333334,24,0.9583333333333334
647,222,5,0.02252252252252252,2,25,0.76,0,,25,0.76,23,0.782608695652174
648,197,0,0.0,0,22,0.4090909090909091,0,,22,0.4090909090909091,22,0.4090909090909091
649,194,0,0.0,0,22,0.9545454545454546,0,,22,0.9545454545454546,21,0.9523809523809523
650,204,2,0.00980392156862745,0,22,0.8636363636363636,0,,22,0.8636363636363636,16,0.9375
651,170,1,0.0058823529411764705,0,19,0.8947368421052632,0,,19,0.8947368421052632,18,0.9444444444444444
652,146,1,0.00684931506849315,0,16,0.9375,0,,16,0.9375,15,1.0
653,141,0,0.0,0,17,0.8235294117647058,0,,17,0.8235294117647058,15,0.8666666666666667
654,164,1,0.006097560975609756,0,18,0.8888888888888888,0,,18,0.8888888888888888,18,0.8888888888888888
655,159,2,0.012578616352201259,0,18,0.7777777777777778,0,,18,0.7777777777777778,18,0.7777777777777778
656,192,1,0.005208333333333333,0,22,0.5454545454545454,0,,22,0.5454545454545454,19,0.5263157894736842
657,173,0,0.0,0,19,0.7894736842105263,0,,19,0.7894736842105263,19,0.7894736842105263
658,158,0,0.0,0,17,0.9411764705882353,0,,17,0.9411764705882353,17,0.9411764705882353
659,136,0,0.0,0,15,0.8666666666666667,0,,15,0.8666666666666667,14,0.8571428571428571
660,159,1,0.006289308176100629,0,18,0.8333333333333334,0,,18,0.8333333333333334,13,0.8461538461538461
661,167,0,0.0,0,18,0.8333333333333334,0,,18,0.8333333333333334,11,0.7272727272727273
662,169,3,0.01775147928994083,0,18,0.7777777777777778,0,,18,0.7777777777777778,17,0.8235294117647058
663,148,0,0.0,0,16,0.75,0,,16,0.75,16,0.75
664,211,0,0.0,0,23,0.8260869565217391,0,,23,0.8260869565217391,21,0.8095238095238095
665,201,0,0.0,0,22,0.7727272727272727,0,,22,0.7727272727272727,22,0.7727272727272727
666,166,2,0.012048192771084338,0,18,0.8888888888888888,0,,18,0.8888888888888888,18,0.8888888888888888
667,209,1,0.004784688995215311,0,23,0.6956521739130435,0,,23,0.6956521739130435,20,0.65
668,167,1,0.005988023952095809,0,18,0.2777777777777778,0,,18,0.2777777777777778,17,0.29411764705882354
669,170,4,0.023529411764705882,0,19,0.7894736842105263,0,,19,0.7894736842105263,16,0.75
670,149,0,0.0,0,16,0.875,0,,16,0.875,16,0.875
671,37,2,0.05405405405405406,0,4,0.0,0,,4,0.0,3,0.0
672,161,0,0.0,0,18,0.8888888888888888,0,,18,0.8888888888888888,18,0.8888888888888888
673,218,1,0.0045871559633027525,0,24,0.7916666666666666,0,,24,0.7916666666666666,21,0.8095238095238095
674,210,1,0.004761904761904762,0,23,0.8695652173913043,1,0.0,22,0.9090909090909091,21,0.9047619047619048
675,201,0,0.0,0,22,0.6363636363636364,0,,22,0.6363636363636364,17,0.7647058823529411
676,155,0,0.0,0,17,0.6470588235294118,0,,17,0.6470588235294118,14,0.6428571428571429
677,140,0,0.0,0,15,0.7333333333333333,0,,15,0.7333333333333333,13,0.7692307692307693
678,162,0,0.0,0,18,0.7777777777777778,0,,18,0.7777777777777778,15,0.8666666666666667
679,137,0,0.0,0,15,0.7333333333333333,0,,15,0.7333333333333333,14,0.7857142857142857
680,166,0,0.0,0,18,0.8888888888888888,0,,18,0.8888888888888888,17,0.8823529411764706
681,157,1,0.006369426751592357,0,17,0.7647058823529411,0,,17,0.7647058823529411,14,0.7857142857142857
682,76,0,0.0,0,8,0.375,0,,8,0.375,8,0.375
683,198,1,0.005050505050505051,0,22,0.7727272727272727,1,0.0,21,0.8095238095238095,19,0.7894736842105263
684,161,6,0.037267080745341616,1,18,0.8333333333333334,1,1.0,17,0.8235294117647058,17,0.8235294117647058
685,173,0,0.0,0,19,0.9473684210526315,0,,19,0.9473684210526315,19,0.9473684210526315
686,135,3,0.022222222222222223,0,15,0.6666666666666666,0,,15,0.6666666666666666,13,0.6153846153846154
687,152,5,0.03289473684210526,3,17,0.7647058823529411,0,,17,0.7647058823529411,16,0.75
688,163,1,0.006134969325153374,0,18,0.7222222222222222,0,,18,0.7222222222222222,18,0.7222222222222222
689,171,3,0.017543859649122806,0,19,0.8947368421052632,0,,19,0.8947368421052632,18,0.8888888888888888
690,211,0,0.0,0,23,0.782608695652174,0,,23,0.782608695652174,21,0.8571428571428571
691,164,0,0.0,0,18,1.0,0,,18,1.0,17,1.0
692,158,1,0.006329113924050633,0,18,0.8888888888888888,0,,18,0.8888888888888888,16,1.0
693,154,0,0.0,0,17,0.9411764705882353,0,,17,0.9411764705882353,16,0.9375
694,173,2,0.011560693641618497,0,19,0.6842105263157895,0,,19,0.6842105263157895,18,0.6666666666666666
695,213,0,0.0,0,24,0.7916666666666666,0,,24,0.7916666666666666,24,0.7916666666666666
696,171,0,0.0,0,19,0.8421052631578947,0,,19,0.8421052631578947,17,0.8235294117647058
697,167,0,0.0,0,19,0.9473684210526315,0,,19,0.9473684210526315,19,0.9473684210526315
698,176,0,0.0,0,20,1.0,0,,20,1.0,20,1.0
699,176,0,0.0,0,20,0.9,0,,20,0.9,19,0.8947368421052632
700,222,0,0.0,0,24,0.875,0,,24,0.875,23,0.8695652173913043
701,193,0,0.0,0,21,1.0,0,,21,1.0,20,1.0
702,155,0,0.0,0,17,1.0,0,,17,1.0,15,1.0
703,145,0,0.0,0,16,0.8125,0,,16,0.8125,15,0.8666666666666667
704,209,1,0.004784688995215311,0,23,0.9565217391304348,0,,23,0.9565217391304348,21,0.9523809523809523
705,167,0,0.0,0,19,1.0,0,,19,1.0,19,1.0
706,134,1,0.007462686567164179,0,15,0.6666666666666666,0,,15,0.6666666666666666,13,0.6923076923076923
707,194,2,0.010309278350515464,0,22,0.36363636363636365,0,,22,0.36363636363636365,9,0.0
708,160,5,0.03125,0,18,0.6666666666666666,0,,18,0.6666666666666666,16,0.6875
709,157,1,0.006369426751592357,0,18,1.0,0,,18,1.0,17,1.0
710,213,0,0.0,0,24,0.9166666666666666,0,,24,0.9166666666666666,23,0.9130434782608695
711,179,0,0.0,0,20,0.9,0,,20,0.9,20,0.9
712,215,2,0.009302325581395349,0,24,0.7083333333333334,0,,24,0.7083333333333334,24,0.7083333333333334
713,145,2,0.013793103448275862,0,17,0.8823529411764706,1,0.0,16,0.9375,14,0.9285714285714286
714,162,16,0.09876543209876543,7,18,0.6666666666666666,0,,18,0.6666666666666666,13,0.9230769230769231
715,176,9,0.05113636363636364,0,19,0.6842105263157895,0,,19,0.6842105263157895,13,0.6923076923076923
716,177,1,0.005649717514124294,0,20,0.75,0,,20,0.75,20,0.75
717,178,0,0.0,0,20,0.7,0,,20,0.7,19,0.6842105263157895
718,198,1,0.005050505050505051,0,22,0.9090909090909091,1,0.0,21,0.9523809523809523,19,1.0
719,173,1,0.005780346820809248,0,19,0.7894736842105263,0,,19,0.7894736842105263,19,0.7894736842105263
720,203,2,0.009852216748768473,0,22,0.6818181818181818,0,,22,0.6818181818181818,13,0.6923076923076923
721,193,3,0.015544041450777202,0,21,0.6666666666666666,1,0.0,20,0.7,19,0.7368421052631579
722,140,0,0.0,0,16,1.0,0,,16,1.0,16,1.0
723,92,2,0.021739130434782608,0,10,0.1,0,,10,0.1,9,0.0
724,140,0,0.0,0,15,0.8666666666666667,0,,15,0.8666666666666667,15,0.8666666666666667
725,222,0,0.0,0,25,0.72,0,,25,0.72,19,0.631578947368421
726,168,12,0.07142857142857142,10,19,0.42105263157894735,0,,19,0.42105263157894735,16,0.4375
727,213,1,0.004694835680751174,0,24,0.9583333333333334,0,,24,0.9583333333333334,20,1.0
728,195,2,0.010256410256410256,0,22,0.18181818181818182,0,,22,0.18181818181818182,16,0.0625
729,212,0,0.0,0,23,0.8260869565217391,0,,23,0.8260869565217391,23,0.8260869565217391
730,214,0,0.0,0,24,0.08333333333333333,0,,24,0.08333333333333333,24,0.08333333333333333
731,149,2,0.013422818791946308,2,17,0.7058823529411765,1,1.0,16,0.6875,10,0.6
732,223,0,0.0,0,25,0.84,0,,25,0.84,21,0.8095238095238095
733,200,9,0.045,0,22,0.5454545454545454,0,,22,0.5454545454545454,17,0.6470588235294118
734,169,2,0.011834319526627219,0,19,0.5263157894736842,0,,19,0.5263157894736842,19,0.5263157894736842
735,154,0,0.0,0,17,0.29411764705882354,0,,17,0.29411764705882354,15,0.3333333333333333
736,165,0,0.0,0,18,0.8333333333333334,0,,18,0.8333333333333334,18,0.8333333333333334
737,159,0,0.0,0,18,0.4444444444444444,0,,18,0.4444444444444444,15,0.5333333333333333
738,156,5,0.03205128205128205,1,17,0.5882352941176471,0,,17,0.5882352941176471,16,0.625
739,171,0,0.0,0,19,0.6842105263157895,0,,19,0.6842105263157895,19,0.6842105263157895
740,157,5,0.03184713375796178,0,18,0.7777777777777778,0,,18,0.7777777777777778,16,0.75
741,149,1,0.006711409395973154,0,16,0.25,0,,16,0.25,13,0.15384615384615385
742,151,0,0.0,0,17,0.8823529411764706,0,,17,0.8823529411764706,17,0.8823529411764706
743,202,2,0.009900990099009901,1,22,1.0,0,,22,1.0,22,1.0
744,212,0,0.0,0,24,0.8333333333333334,0,,24,0.8333333333333334,24,0.8333333333333334
745,145,17,0.11724137931034483,6,16,0.6875,3,0.3333333333333333,13,0.7692307692307693,6,0.6666666666666666
746,162,1,0.006172839506172839,0,18,0.6666666666666666,1,0.0,17,0.7058823529411765,16,0.75
747,164,0,0.0,0,18,1.0,0,,18,1.0,17,1.0
748,192,1,0.005208333333333333,1,21,1.0,0,,21,1.0,21,1.0
749,211,0,0.0,0,23,0.782608695652174,0,,23,0.782608695652174,22,0.7727272727272727
