class_name,class_index,scheduled_rows,displacement_events,dominance_flips,event_rate,in_cohort
0000,0,52,5,0,0.09615384615384616,0
0001,1,63,4,2,0.06349206349206349,0
0002,2,38,2,0,0.05263157894736842,0
0003,3,62,7,1,0.11290322580645161,0
0004,4,49,6,1,0.12244897959183673,0
0005,5,39,1,0,0.02564102564102564,0
0006,6,46,6,2,0.13043478260869565,0
0007,7,58,10,3,0.1724137931034483,1
0008,8,48,4,5,0.08333333333333333,0
0009,9,35,5,2,0.14285714285714285,1
0010,10,47,4,2,0.0851063829787234,0
0011,11,38,2,0,0.05263157894736842,0
0012,12,37,2,0,0.05405405405405406,0
0013,13,43,3,1,0.06976744186046512,0
0014,14,40,2,1,0.05,0
0015,15,49,15,2,0.30612244897959184,1
0016,16,48,6,3,0.125,0
0017,17,42,0,0,0.0,0
0018,18,30,2,2,0.06666666666666667,0
0019,19,7,1,0,0.14285714285714285,1
0020,20,31,1,0,0.03225806451612903,0
0021,21,33,1,1,0.030303030303030304,0
0022,22,51,6,2,0.11764705882352941,0
0023,23,29,2,2,0.06896551724137931,0
0024,24,58,8,2,0.13793103448275862,0
0025,25,51,4,2,0.0784313725490196,0
0026,26,37,7,2,0.1891891891891892,1
0027,27,52,7,2,0.1346153846153846,0
0028,28,38,2,3,0.05263157894736842,0
0029,29,43,8,1,0.18604651162790697,1
0030,30,37,4,0,0.10810810810810811,0
0031,31,34,6,3,0.17647058823529413,1
0032,32,51,4,1,0.0784313725490196,0
0033,33,60,8,3,0.13333333333333333,0
0034,34,39,4,2,0.10256410256410256,0
0035,35,56,5,0,0.08928571428571429,0
0036,36,45,13,0,0.28888888888888886,1
0037,37,33,3,1,0.09090909090909091,0
0038,38,33,3,2,0.09090909090909091,0
0039,39,34,6,5,0.17647058823529413,1
0040,40,46,7,3,0.15217391304347827,1
0041,41,40,13,0,0.325,1
0042,42,40,6,1,0.15,1
0043,43,46,5,2,0.10869565217391304,0
0044,44,58,8,2,0.13793103448275862,0
0045,45,39,6,3,0.15384615384615385,1
0046,46,4,2,1,0.5,1
0047,47,41,6,3,0.14634146341463414,1
0048,48,35,4,1,0.11428571428571428,0
0049,49,46,2,1,0.043478260869565216,0
0050,50,39,2,0,0.05128205128205128,0
0051,51,31,4,1,0.12903225806451613,0
0052,52,58,9,4,0.15517241379310345,1
0053,53,46,6,3,0.13043478260869565,0
0054,54,58,4,1,0.06896551724137931,0
0055,55,34,3,1,0.08823529411764706,0
0056,56,38,6,3,0.15789473684210525,1
0057,57,43,3,1,0.06976744186046512,0
0058,58,29,4,1,0.13793103448275862,0
0059,59,24,0,0,0.0,0
0060,60,38,5,1,0.13157894736842105,0
0061,61,61,6,2,0.09836065573770492,0
0062,62,43,3,1,0.06976744186046512,0
0063,63,53,7,0,0.1320754716981132,0
0064,64,45,2,1,0.044444444444444446,0
0065,65,64,3,0,0.046875,0
0066,66,49,9,0,0.1836734693877551,1
0067,67,50,4,2,0.08,0
0068,68,54,6,1,0.1111111111111111,0
0069,69,45,6,1,0.13333333333333333,0
0070,70,33,1,2,0.030303030303030304,0
0071,71,51,6,0,0.11764705882352941,0
0072,72,29,5,1,0.1724137931034483,1
0073,73,62,7,3,0.11290322580645161,0
0074,74,46,5,3,0.10869565217391304,0
0075,75,33,7,4,0.21212121212121213,1
0076,76,48,5,2,0.10416666666666667,0
0077,77,58,11,4,0.1896551724137931,1
0078,78,57,2,0,0.03508771929824561,0
0079,79,51,7,1,0.13725490196078433,0
0080,80,50,4,4,0.08,0
0081,81,22,1,1,0.045454545454545456,0
0082,82,34,6,3,0.17647058823529413,1
0083,83,36,4,2,0.1111111111111111,0
0084,84,53,12,5,0.22641509433962265,1
0085,85,38,2,0,0.05263157894736842,0
0086,86,44,1,0,0.022727272727272728,0
0087,87,52,7,0,0.1346153846153846,0
0088,88,36,3,0,0.08333333333333333,0
0089,89,43,4,2,0.09302325581395349,0
0090,90,50,5,1,0.1,0
0091,91,21,2,1,0.09523809523809523,0
0092,92,41,4,1,0.0975609756097561,0
0093,93,40,2,2,0.05,0
0094,94,51,8,1,0.1568627450980392,1
0095,95,46,8,3,0.17391304347826086,1
0096,96,55,7,2,0.12727272727272726,0
0097,97,36,3,3,0.08333333333333333,0
0098,98,41,3,1,0.07317073170731707,0
0099,99,45,7,2,0.15555555555555556,1
0100,100,48,9,2,0.1875,1
0101,101,40,7,1,0.175,1
0102,102,37,6,0,0.16216216216216217,1
0103,103,54,7,0,0.12962962962962962,0
0104,104,43,3,2,0.06976744186046512,0
0105,105,53,3,2,0.05660377358490566,0
0106,106,54,9,4,0.16666666666666666,1
0107,107,47,3,2,0.06382978723404255,0
0108,108,40,5,0,0.125,0
0109,109,52,9,2,0.17307692307692307,1
0110,110,55,8,2,0.14545454545454545,1
0111,111,40,1,1,0.025,0
0112,112,64,9,2,0.140625,0
0113,113,47,6,0,0.1276595744680851,0
0114,114,6,0,1,0.0,0
0115,115,37,6,1,0.16216216216216217,1
0116,116,46,6,2,0.13043478260869565,0
0117,117,49,4,1,0.08163265306122448,0
0118,118,26,2,2,0.07692307692307693,0
0119,119,32,4,0,0.125,0
0120,120,62,7,3,0.11290322580645161,0
0121,121,35,5,3,0.14285714285714285,1
0122,122,37,3,1,0.08108108108108109,0
0123,123,35,7,1,0.2,1
0124,124,65,9,1,0.13846153846153847,0
0125,125,57,11,0,0.19298245614035087,1
0126,126,43,5,0,0.11627906976744186,0
0127,127,67,5,2,0.07462686567164178,0
0128,128,37,3,1,0.08108108108108109,0
0129,129,41,3,2,0.07317073170731707,0
0130,130,49,8,3,0.16326530612244897,1
0131,131,60,3,1,0.05,0
0132,132,39,3,3,0.07692307692307693,0
0133,133,45,4,1,0.08888888888888889,0
0134,134,36,5,1,0.1388888888888889,0
0135,135,45,6,4,0.13333333333333333,0
0136,136,51,1,0,0.0196078431372549,0
0137,137,34,5,0,0.14705882352941177,1
0138,138,32,2,2,0.0625,0
0139,139,55,9,5,0.16363636363636364,1
0140,140,48,7,5,0.14583333333333334,1
0141,141,26,0,0,0.0,0
0142,142,53,4,1,0.07547169811320754,0
0143,143,46,7,2,0.15217391304347827,1
0144,144,20,2,1,0.1,0
0145,145,16,4,2,0.25,1
0146,146,49,5,0,0.10204081632653061,0
0147,147,41,4,5,0.0975609756097561,0
0148,148,35,3,0,0.08571428571428572,0
0149,149,45,7,3,0.15555555555555556,1
0150,150,49,9,0,0.1836734693877551,1
0151,151,48,5,0,0.10416666666666667,0
0152,152,36,3,4,0.08333333333333333,0
0153,153,42,1,0,0.023809523809523808,0
0154,154,35,5,2,0.14285714285714285,0
0155,155,41,3,2,0.07317073170731707,0
0156,156,50,7,0,0.14,0
0157,157,51,8,2,0.1568627450980392,1
0158,158,39,1,2,0.02564102564102564,0
0159,159,44,6,3,0.13636363636363635,0
0160,160,59,6,2,0.1016949152542373,0
0161,161,30,6,1,0.2,1
0162,162,61,9,4,0.14754098360655737,1
0163,163,41,3,1,0.07317073170731707,0
0164,164,53,6,0,0.11320754716981132,0
0165,165,52,6,3,0.11538461538461539,0
0166,166,38,4,1,0.10526315789473684,0
0167,167,38,2,1,0.05263157894736842,0
0168,168,65,6,2,0.09230769230769231,0
0169,169,54,5,0,0.09259259259259259,0
0170,170,48,6,1,0.125,0
0171,171,38,1,0,0.02631578947368421,0
0172,172,36,3,1,0.08333333333333333,0
0173,173,58,6,1,0.10344827586206896,0
0174,174,39,4,3,0.10256410256410256,0
0175,175,45,4,1,0.08888888888888889,0
0176,176,39,7,0,0.1794871794871795,1
0177,177,37,4,3,0.10810810810810811,0
0178,178,40,6,0,0.15,1
0179,179,26,4,3,0.15384615384615385,1
0180,180,69,10,1,0.14492753623188406,1
0181,181,55,9,2,0.16363636363636364,1
0182,182,47,3,2,0.06382978723404255,0
0183,183,0,0,0,0.0,0
0184,184,53,4,0,0.07547169811320754,0
0185,185,40,1,2,0.025,0
0186,186,34,7,2,0.20588235294117646,1
0187,187,34,2,0,0.058823529411764705,0
0188,188,26,4,3,0.15384615384615385,1
0189,189,46,4,1,0.08695652173913043,0
0190,190,57,10,0,0.17543859649122806,1
0191,191,47,1,1,0.02127659574468085,0
0192,192,65,7,3,0.1076923076923077,0
0193,193,30,3,1,0.1,0
0194,194,52,8,2,0.15384615384615385,1
0195,195,53,5,1,0.09433962264150944,0
0196,196,53,3,2,0.05660377358490566,0
0197,197,45,3,2,0.06666666666666667,0
0198,198,72,12,3,0.16666666666666666,1
0199,199,34,4,0,0.11764705882352941,0
0200,200,38,3,1,0.07894736842105263,0
0201,201,57,7,2,0.12280701754385964,0
0202,202,47,8,3,0.1702127659574468,1
0203,203,57,6,3,0.10526315789473684,0
0204,204,48,6,2,0.125,0
0205,205,39,2,1,0.05128205128205128,0
0206,206,64,7,5,0.109375,0
0207,207,58,4,1,0.06896551724137931,0
0208,208,45,10,0,0.2222222222222222,1
0209,209,42,3,1,0.07142857142857142,0
0210,210,50,2,2,0.04,0
0211,211,43,7,5,0.16279069767441862,1
0212,212,35,5,1,0.14285714285714285,0
0213,213,28,3,2,0.10714285714285714,0
0214,214,47,4,1,0.0851063829787234,0
0215,215,49,6,0,0.12244897959183673,0
0216,216,22,4,3,0.18181818181818182,1
0217,217,59,4,2,0.06779661016949153,0
0218,218,36,2,1,0.05555555555555555,0
0219,219,42,2,0,0.047619047619047616,0
0220,220,44,5,1,0.11363636363636363,0
0221,221,39,6,4,0.15384615384615385,1
0222,222,38,3,1,0.07894736842105263,0
0223,223,63,11,3,0.1746031746031746,1
0224,224,32,4,3,0.125,0
0225,225,35,3,2,0.08571428571428572,0
0226,226,42,6,3,0.14285714285714285,0
0227,227,60,16,2,0.26666666666666666,1
0228,228,44,2,1,0.045454545454545456,0
0229,229,27,3,2,0.1111111111111111,0
0230,230,48,4,0,0.08333333333333333,0
0231,231,36,5,2,0.1388888888888889,0
0232,232,34,3,2,0.08823529411764706,0
0233,233,55,5,1,0.09090909090909091,0
0234,234,47,2,0,0.0425531914893617,0
0235,235,52,5,4,0.09615384615384616,0
0236,236,54,1,2,0.018518518518518517,0
0237,237,28,3,0,0.10714285714285714,0
0238,238,30,5,4,0.16666666666666666,1
0239,239,53,3,2,0.05660377358490566,0
0240,240,53,7,2,0.1320754716981132,0
0241,241,44,6,1,0.13636363636363635,0
0242,242,43,3,3,0.06976744186046512,0
0243,243,44,5,2,0.11363636363636363,0
0244,244,46,6,2,0.13043478260869565,0
0245,245,35,5,3,0.14285714285714285,0
0246,246,39,3,2,0.07692307692307693,0
0247,247,33,2,1,0.06060606060606061,0
0248,248,59,9,1,0.15254237288135594,1
0249,249,40,4,2,0.1,0
0250,250,48,4,2,0.08333333333333333,0
0251,251,37,8,2,0.21621621621621623,1
0252,252,59,4,1,0.06779661016949153,0
0253,253,49,6,3,0.12244897959183673,0
0254,254,46,7,3,0.15217391304347827,1
0255,255,33,3,0,0.09090909090909091,0
0256,256,31,3,1,0.0967741935483871,0
0257,257,55,4,2,0.07272727272727272,0
0258,258,40,4,0,0.1,0
0259,259,47,8,1,0.1702127659574468,1
0260,260,45,3,2,0.06666666666666667,0
0261,261,54,2,0,0.037037037037037035,0
0262,262,57,8,3,0.14035087719298245,0
0263,263,41,9,1,0.21951219512195122,1
0264,264,25,2,0,0.08,0
0265,265,50,11,4,0.22,1
0266,266,38,4,0,0.10526315789473684,0
0267,267,70,10,4,0.14285714285714285,0
0268,268,28,1,0,0.03571428571428571,0
0269,269,49,3,2,0.061224489795918366,0
0270,270,19,2,1,0.10526315789473684,0
0271,271,42,5,0,0.11904761904761904,0
0272,272,36,4,2,0.1111111111111111,0
0273,273,38,5,4,0.13157894736842105,0
0274,274,22,4,3,0.18181818181818182,1
0275,275,36,5,2,0.1388888888888889,0
0276,276,61,7,1,0.11475409836065574,0
0277,277,54,8,4,0.14814814814814814,1
0278,278,41,3,3,0.07317073170731707,0
0279,279,46,3,3,0.06521739130434782,0
0280,280,40,5,1,0.125,0
0281,281,55,5,1,0.09090909090909091,0
0282,282,44,8,0,0.18181818181818182,1
0283,283,49,9,2,0.1836734693877551,1
0284,284,34,3,1,0.08823529411764706,0
0285,285,32,3,0,0.09375,0
0286,286,51,4,3,0.0784313725490196,0
0287,287,72,8,2,0.1111111111111111,0
0288,288,52,5,1,0.09615384615384616,0
0289,289,52,11,0,0.21153846153846154,1
0290,290,49,2,1,0.04081632653061224,0
0291,291,28,2,0,0.07142857142857142,0
0292,292,46,8,4,0.17391304347826086,1
0293,293,58,11,1,0.1896551724137931,1
0294,294,50,6,0,0.12,0
0295,295,51,4,0,0.0784313725490196,0
0296,296,41,7,1,0.17073170731707318,1
0297,297,48,6,1,0.125,0
0298,298,43,3,3,0.06976744186046512,0
0299,299,37,3,0,0.08108108108108109,0
0300,300,55,4,1,0.07272727272727272,0
0301,301,48,10,0,0.20833333333333334,1
0302,302,83,9,1,0.10843373493975904,0
0303,303,40,3,0,0.075,0
0304,304,23,2,1,0.08695652173913043,0
0305,305,5,0,0,0.0,0
0306,306,48,4,2,0.08333333333333333,0
0307,307,33,5,4,0.15151515151515152,1
0308,308,24,2,2,0.08333333333333333,0
0309,309,45,6,1,0.13333333333333333,0
0310,310,42,4,3,0.09523809523809523,0
0311,311,48,4,3,0.08333333333333333,0
0312,312,47,3,0,0.06382978723404255,0
0313,313,41,6,2,0.14634146341463414,1
0314,314,47,5,3,0.10638297872340426,0
0315,315,34,1,1,0.029411764705882353,0
0316,316,46,4,5,0.08695652173913043,0
0317,317,41,3,1,0.07317073170731707,0
0318,318,23,1,0,0.043478260869565216,0
0319,319,40,0,0,0.0,0
0320,320,55,3,0,0.05454545454545454,0
0321,321,46,6,1,0.13043478260869565,0
0322,322,46,4,2,0.08695652173913043,0
0323,323,57,11,2,0.19298245614035087,1
0324,324,12,2,0,0.16666666666666666,1
0325,325,45,4,2,0.08888888888888889,0
0326,326,43,3,2,0.06976744186046512,0
0327,327,50,7,0,0.14,0
0328,328,51,10,0,0.19607843137254902,1
0329,329,37,6,2,0.16216216216216217,1
0330,330,21,3,0,0.14285714285714285,0
0331,331,54,5,2,0.09259259259259259,0
0332,332,34,6,2,0.17647058823529413,1
0333,333,46,5,1,0.10869565217391304,0
0334,334,43,7,1,0.16279069767441862,1
0335,335,29,4,1,0.13793103448275862,0
0336,336,37,0,0,0.0,0
0337,337,39,10,0,0.2564102564102564,1
0338,338,45,4,0,0.08888888888888889,0
0339,339,58,15,4,0.25862068965517243,1
0340,340,45,6,2,0.13333333333333333,0
0341,341,40,9,3,0.225,1
0342,342,48,7,3,0.14583333333333334,1
0343,343,40,2,4,0.05,0
0344,344,53,7,2,0.1320754716981132,0
0345,345,35,2,1,0.05714285714285714,0
0346,346,31,4,0,0.12903225806451613,0
0347,347,49,8,3,0.16326530612244897,1
0348,348,63,5,1,0.07936507936507936,0
0349,349,51,4,1,0.0784313725490196,0
0350,350,40,4,1,0.1,0
0351,351,58,7,3,0.1206896551724138,0
0352,352,23,2,1,0.08695652173913043,0
0353,353,39,2,0,0.05128205128205128,0
0354,354,56,11,2,0.19642857142857142,1
0355,355,38,3,3,0.07894736842105263,0
0356,356,51,8,1,0.1568627450980392,1
0357,357,55,2,0,0.03636363636363636,0
0358,358,44,7,1,0.1590909090909091,1
0359,359,53,5,2,0.09433962264150944,0
0360,360,45,4,1,0.08888888888888889,0
0361,361,31,2,2,0.06451612903225806,0
0362,362,45,2,1,0.044444444444444446,0
0363,363,55,9,2,0.16363636363636364,1
0364,364,35,10,3,0.2857142857142857,1
0365,365,46,7,1,0.15217391304347827,1
0366,366,52,5,3,0.09615384615384616,0
0367,367,57,9,0,0.15789473684210525,1
0368,368,52,7,1,0.1346153846153846,0
0369,369,53,8,2,0.1509433962264151,1
0370,370,33,4,1,0.12121212121212122,0
0371,371,39,3,0,0.07692307692307693,0
0372,372,48,5,1,0.10416666666666667,0
0373,373,33,2,1,0.06060606060606061,0
0374,374,41,8,3,0.1951219512195122,1
0375,375,30,2,2,0.06666666666666667,0
0376,376,51,7,4,0.13725490196078433,0
0377,377,54,5,2,0.09259259259259259,0
0378,378,41,3,1,0.07317073170731707,0
0379,379,35,3,2,0.08571428571428572,0
0380,380,41,1,0,0.024390243902439025,0
0381,381,39,5,2,0.1282051282051282,0
0382,382,30,5,3,0.16666666666666666,1
0383,383,42,3,2,0.07142857142857142,0
0384,384,39,2,1,0.05128205128205128,0
0385,385,44,3,1,0.06818181818181818,0
0386,386,22,3,0,0.13636363636363635,0
0387,387,46,4,1,0.08695652173913043,0
0388,388,63,3,2,0.047619047619047616,0
0389,389,33,3,2,0.09090909090909091,0
0390,390,45,5,1,0.1111111111111111,0
0391,391,47,4,1,0.0851063829787234,0
0392,392,41,5,1,0.12195121951219512,0
0393,393,32,3,1,0.09375,0
0394,394,46,3,1,0.06521739130434782,0
0395,395,60,9,4,0.15,1
0396,396,47,4,2,0.0851063829787234,0
0397,397,56,7,3,0.125,0
0398,398,49,5,1,0.10204081632653061,0
0399,399,48,7,1,0.14583333333333334,1
0400,400,38,6,1,0.15789473684210525,1
0401,401,49,7,2,0.14285714285714285,0
0402,402,42,1,1,0.023809523809523808,0
0403,403,46,5,1,0.10869565217391304,0
0404,404,39,2,1,0.05128205128205128,0
0405,405,35,4,0,0.11428571428571428,0
0406,406,42,9,3,0.21428571428571427,1
0407,407,13,2,2,0.15384615384615385,1
0408,408,50,7,0,0.14,0
0409,409,37,4,3,0.10810810810810811,0
0410,410,30,8,1,0.26666666666666666,1
0411,411,42,4,2,0.09523809523809523,0
0412,412,53,6,2,0.11320754716981132,0
0413,413,5,0,0,0.0,0
0414,414,35,2,0,0.05714285714285714,0
0415,415,46,4,1,0.08695652173913043,0
0416,416,51,7,3,0.13725490196078433,0
0417,417,39,6,0,0.15384615384615385,1
0418,418,30,2,0,0.06666666666666667,0
0419,419,56,7,0,0.125,0
0420,420,37,6,0,0.16216216216216217,1
0421,421,71,14,0,0.19718309859154928,1
0422,422,42,6,2,0.14285714285714285,0
0423,423,50,0,0,0.0,0
0424,424,36,3,1,0.08333333333333333,0
0425,425,48,11,2,0.22916666666666666,1
0426,426,35,3,1,0.08571428571428572,0
0427,427,67,7,0,0.1044776119402985,0
0428,428,32,2,0,0.0625,0
0429,429,57,4,1,0.07017543859649122,0
0430,430,58,5,4,0.08620689655172414,0
0431,431,27,5,3,0.18518518518518517,1
0432,432,38,3,0,0.07894736842105263,0
0433,433,44,8,1,0.18181818181818182,1
0434,434,52,5,0,0.09615384615384616,0
0435,435,38,3,1,0.07894736842105263,0
0436,436,37,5,1,0.13513513513513514,0
0437,437,43,3,0,0.06976744186046512,0
0438,438,57,3,1,0.05263157894736842,0
0439,439,55,7,2,0.12727272727272726,0
0440,440,30,1,0,0.03333333333333333,0
0441,441,44,2,0,0.045454545454545456,0
0442,442,42,3,4,0.07142857142857142,0
0443,443,38,3,1,0.07894736842105263,0
0444,444,50,6,1,0.12,0
0445,445,38,5,1,0.13157894736842105,0
0446,446,58,7,2,0.1206896551724138,0
0447,447,42,6,0,0.14285714285714285,0
0448,448,58,7,2,0.1206896551724138,0
0449,449,51,3,1,0.058823529411764705,0
0450,450,54,2,1,0.037037037037037035,0
0451,451,48,8,7,0.16666666666666666,1
0452,452,33,4,1,0.12121212121212122,0
0453,453,40,4,3,0.1,0
0454,454,52,7,3,0.1346153846153846,0
0455,455,54,6,1,0.1111111111111111,0
0456,456,39,4,1,0.10256410256410256,0
0457,457,53,5,2,0.09433962264150944,0
0458,458,28,2,1,0.07142857142857142,0
0459,459,31,0,0,0.0,0
0460,460,50,7,1,0.14,0
0461,461,50,3,1,0.06,0
0462,462,44,6,2,0.13636363636363635,0
0463,463,31,3,2,0.0967741935483871,0
0464,464,37,5,1,0.13513513513513514,0
0465,465,44,9,2,0.20454545454545456,1
0466,466,62,11,1,0.1774193548387097,1
0467,467,47,5,1,0.10638297872340426,0
0468,468,49,6,0,0.12244897959183673,0
0469,469,46,3,1,0.06521739130434782,0
0470,470,49,3,0,0.061224489795918366,0
0471,471,46,4,1,0.08695652173913043,0
0472,472,66,2,0,0.030303030303030304,0
0473,473,54,5,4,0.09259259259259259,0
0474,474,37,3,3,0.08108108108108109,0
0475,475,36,2,2,0.05555555555555555,0
0476,476,53,5,1,0.09433962264150944,0
0477,477,49,4,1,0.08163265306122448,0
0478,478,50,3,1,0.06,0
0479,479,43,1,0,0.023255813953488372,0
0480,480,38,1,2,0.02631578947368421,0
0481,481,41,2,0,0.04878048780487805,0
0482,482,32,2,3,0.0625,0
0483,483,46,5,4,0.10869565217391304,0
0484,484,42,3,2,0.07142857142857142,0
0485,485,45,5,1,0.1111111111111111,0
0486,486,54,9,0,0.16666666666666666,1
0487,487,35,2,1,0.05714285714285714,0
0488,488,49,5,0,0.10204081632653061,0
0489,489,41,6,0,0.14634146341463414,1
0490,490,36,3,0,0.08333333333333333,0
0491,491,57,8,3,0.14035087719298245,0
0492,492,55,10,7,0.18181818181818182,1
0493,493,46,5,0,0.10869565217391304,0
0494,494,63,6,2,0.09523809523809523,0
0495,495,37,6,4,0.16216216216216217,1
0496,496,56,9,0,0.16071428571428573,1
0497,497,49,3,1,0.061224489795918366,0
0498,498,35,5,2,0.14285714285714285,0
0499,499,47,4,0,0.0851063829787234,0
0500,500,28,2,2,0.07142857142857142,0
0501,501,52,3,1,0.057692307692307696,0
0502,502,46,3,2,0.06521739130434782,0
0503,503,39,5,3,0.1282051282051282,0
0504,504,38,2,1,0.05263157894736842,0
0505,505,50,8,1,0.16,1
0506,506,52,9,5,0.17307692307692307,1
0507,507,44,6,2,0.13636363636363635,0
0508,508,31,3,1,0.0967741935483871,0
0509,509,56,11,4,0.19642857142857142,1
0510,510,55,8,1,0.14545454545454545,1
0511,511,43,5,0,0.11627906976744186,0
0512,512,45,6,0,0.13333333333333333,0
0513,513,59,7,0,0.11864406779661017,0
0514,514,52,6,0,0.11538461538461539,0
0515,515,41,6,0,0.14634146341463414,1
0516,516,38,4,1,0.10526315789473684,0
0517,517,32,3,0,0.09375,0
0518,518,40,6,1,0.15,1
0519,519,45,0,0,0.0,0
0520,520,55,11,1,0.2,1
0521,521,43,9,0,0.20930232558139536,1
0522,522,39,6,4,0.15384615384615385,1
0523,523,45,6,4,0.13333333333333333,0
0524,524,47,3,2,0.06382978723404255,0
0525,525,50,5,2,0.1,0
0526,526,33,4,1,0.12121212121212122,0
0527,527,36,6,3,0.16666666666666666,1
0528,528,42,6,5,0.14285714285714285,0
0529,529,31,8,3,0.25806451612903225,1
0530,530,42,4,3,0.09523809523809523,0
0531,531,50,6,5,0.12,0
0532,532,63,6,1,0.09523809523809523,0
0533,533,36,6,2,0.16666666666666666,1
0534,534,50,5,2,0.1,0
0535,535,23,3,2,0.13043478260869565,0
0536,536,63,7,1,0.1111111111111111,0
0537,537,34,3,4,0.08823529411764706,0
0538,538,52,5,4,0.09615384615384616,0
0539,539,25,1,0,0.04,0
0540,540,49,3,0,0.061224489795918366,0
0541,541,60,9,4,0.15,1
0542,542,53,4,2,0.07547169811320754,0
0543,543,40,5,2,0.125,0
0544,544,38,4,1,0.10526315789473684,0
0545,545,30,3,1,0.1,0
0546,546,49,1,0,0.02040816326530612,0
0547,547,53,3,0,0.05660377358490566,0
0548,548,30,2,1,0.06666666666666667,0
0549,549,57,7,0,0.12280701754385964,0
0550,550,26,2,0,0.07692307692307693,0
0551,551,52,6,3,0.11538461538461539,0
0552,552,35,4,2,0.11428571428571428,0
0553,553,47,7,3,0.14893617021276595,1
0554,554,59,4,1,0.06779661016949153,0
0555,555,10,1,0,0.1,0
0556,556,39,3,1,0.07692307692307693,0
0557,557,45,5,3,0.1111111111111111,0
0558,558,33,6,1,0.18181818181818182,1
0559,559,33,0,1,0.0,0
0560,560,54,6,3,0.1111111111111111,0
0561,561,32,4,1,0.125,0
0562,562,42,5,1,0.11904761904761904,0
0563,563,47,4,3,0.0851063829787234,0
0564,564,32,1,0,0.03125,0
0565,565,64,13,7,0.203125,1
0566,566,47,7,4,0.14893617021276595,1
0567,567,32,2,1,0.0625,0
0568,568,49,4,0,0.08163265306122448,0
0569,569,62,4,2,0.06451612903225806,0
0570,570,51,6,5,0.11764705882352941,0
0571,571,41,3,1,0.07317073170731707,0
0572,572,52,8,1,0.15384615384615385,1
0573,573,39,6,3,0.15384615384615385,1
0574,574,51,9,3,0.17647058823529413,1
0575,575,54,3,3,0.05555555555555555,0
0576,576,59,4,1,0.06779661016949153,0
0577,577,46,5,1,0.10869565217391304,0
0578,578,36,6,0,0.16666666666666666,1
0579,579,38,4,2,0.10526315789473684,0
0580,580,46,6,1,0.13043478260869565,0
0581,581,28,1,1,0.03571428571428571,0
0582,582,47,3,1,0.06382978723404255,0
0583,583,37,2,0,0.05405405405405406,0
0584,584,33,3,1,0.09090909090909091,0
0585,585,36,5,2,0.1388888888888889,0
0586,586,43,6,1,0.13953488372093023,0
0587,587,42,2,0,0.047619047619047616,0
0588,588,36,2,2,0.05555555555555555,0
0589,589,6,1,1,0.16666666666666666,1
0590,590,41,3,0,0.07317073170731707,0
0591,591,59,5,2,0.0847457627118644,0
0592,592,41,6,3,0.14634146341463414,1
0593,593,35,2,1,0.05714285714285714,0
0594,594,52,7,7,0.1346153846153846,0
0595,595,72,5,1,0.06944444444444445,0
0596,596,57,8,3,0.14035087719298245,0
0597,597,33,4,2,0.12121212121212122,0
0598,598,36,1,1,0.027777777777777776,0
0599,599,40,3,1,0.075,0
0600,600,68,9,4,0.1323529411764706,0
0601,601,32,4,2,0.125,0
0602,602,44,2,1,0.045454545454545456,0
0603,603,30,6,2,0.2,1
0604,604,43,4,2,0.09302325581395349,0
0605,605,44,4,2,0.09090909090909091,0
0606,606,27,2,1,0.07407407407407407,0
0607,607,40,3,3,0.075,0
0608,608,53,8,3,0.1509433962264151,1
0609,609,55,2,0,0.03636363636363636,0
0610,610,40,5,3,0.125,0
0611,611,24,0,1,0.0,0
0612,612,40,3,1,0.075,0
0613,613,43,4,1,0.09302325581395349,0
0614,614,45,8,2,0.17777777777777778,1
0615,615,53,7,2,0.1320754716981132,0
0616,616,42,3,2,0.07142857142857142,0
0617,617,42,4,2,0.09523809523809523,0
0618,618,65,5,1,0.07692307692307693,0
0619,619,59,8,1,0.13559322033898305,0
0620,620,41,3,2,0.07317073170731707,0
0621,621,33,4,1,0.12121212121212122,0
0622,622,53,10,0,0.18867924528301888,1
0623,623,45,3,0,0.06666666666666667,0
0624,624,54,10,0,0.18518518518518517,1
0625,625,31,2,0,0.06451612903225806,0
0626,626,45,5,2,0.1111111111111111,0
0627,627,31,5,3,0.16129032258064516,1
0628,628,43,7,5,0.16279069767441862,1
0629,629,49,5,3,0.10204081632653061,0
0630,630,43,7,2,0.16279069767441862,1
0631,631,58,10,1,0.1724137931034483,1
0632,632,38,2,2,0.05263157894736842,0
0633,633,37,6,6,0.16216216216216217,1
0634,634,41,5,0,0.12195121951219512,0
0635,635,37,4,0,0.10810810810810811,0
0636,636,44,6,1,0.13636363636363635,0
0637,637,36,4,2,0.1111111111111111,0
0638,638,50,9,2,0.18,1
0639,639,54,8,2,0.14814814814814814,1
0640,640,38,2,1,0.05263157894736842,0
0641,641,44,3,2,0.06818181818181818,0
0642,642,30,2,0,0.06666666666666667,0
0643,643,48,3,0,0.0625,0
0644,644,38,6,3,0.15789473684210525,1
0645,645,50,4,3,0.08,0
0646,646,60,5,1,0.08333333333333333,0
0647,647,67,14,3,0.208955223880597,1
0648,648,37,0,0,0.0,0
0649,649,56,7,3,0.125,0
0650,650,62,10,1,0.16129032258064516,1
0651,651,47,4,2,0.0851063829787234,0
0652,652,35,3,0,0.08571428571428572,0
0653,653,31,2,2,0.06451612903225806,0
0654,654,47,5,3,0.10638297872340426,0
0655,655,47,1,0,0.02127659574468085,0
0656,656,40,4,2,0.1,0
0657,657,44,5,3,0.11363636363636363,0
0658,658,41,5,1,0.12195121951219512,0
0659,659,37,3,2,0.08108108108108109,0
0660,660,42,2,0,0.047619047619047616,0
0661,661,41,4,3,0.0975609756097561,0
0662,662,39,0,0,0.0,0
0663,663,32,5,3,0.15625,1
0664,664,65,6,4,0.09230769230769231,0
0665,665,50,9,4,0.18,1
0666,666,40,5,1,0.125,0
0667,667,55,8,6,0.14545454545454545,1
0668,668,36,6,3,0.16666666666666666,1
0669,669,44,9,2,0.20454545454545456,1
0670,670,40,1,0,0.025,0
0671,671,5,1,1,0.2,1
0672,672,51,10,3,0.19607843137254902,1
0673,673,56,4,1,0.07142857142857142,0
0674,674,64,14,3,0.21875,1
0675,675,59,3,2,0.05084745762711865,0
0676,676,31,1,0,0.03225806451612903,0
0677,677,30,1,0,0.03333333333333333,0
0678,678,33,1,0,0.030303030303030304,0
0679,679,29,4,1,0.13793103448275862,0
0680,680,43,6,2,0.13953488372093023,0
0681,681,40,4,2,0.1,0
0682,682,18,2,0,0.1111111111111111,0
0683,683,55,10,2,0.18181818181818182,1
0684,684,44,2,1,0.045454545454545456,0
0685,685,40,6,0,0.15,1
0686,686,32,3,3,0.09375,0
0687,687,38,2,0,0.05263157894736842,0
0688,688,42,4,3,0.09523809523809523,0
0689,689,36,8,3,0.2222222222222222,1
0690,690,46,4,2,0.08695652173913043,0
0691,691,46,5,0,0.10869565217391304,0
0692,692,36,9,2,0.25,1
0693,693,38,5,1,0.13157894736842105,0
0694,694,39,3,2,0.07692307692307693,0
0695,695,54,6,1,0.1111111111111111,0
0696,696,36,1,0,0.027777777777777776,0
0697,697,48,5,1,0.10416666666666667,0
0698,698,49,4,3,0.08163265306122448,0
0699,699,43,5,2,0.11627906976744186,0
0700,700,73,9,2,0.1232876712328767,0
0701,701,45,8,0,0.17777777777777778,1
0702,702,45,2,0,0.044444444444444446,0
0703,703,38,6,3,0.15789473684210525,1
0704,704,51,7,1,0.13725490196078433,0
0705,705,39,4,2,0.10256410256410256,0
0706,706,41,9,3,0.21951219512195122,1
0707,707,48,7,2,0.14583333333333334,1
0708,708,37,4,1,0.10810810810810811,0
0709,709,45,6,0,0.13333333333333333,0
0710,710,65,7,0,0.1076923076923077,0
0711,711,43,4,2,0.09302325581395349,0
0712,712,60,3,1,0.05,0
0713,713,32,4,2,0.125,0
0714,714,48,5,1,0.10416666666666667,0
0715,715,38,6,4,0.15789473684210525,1
0716,716,45,4,0,0.08888888888888889,0
0717,717,39,8,2,0.20512820512820512,1
0718,718,49,10,0,0.20408163265306123,1
0719,719,44,8,1,0.18181818181818182,1
0720,720,42,5,1,0.11904761904761904,0
0721,721,51,4,4,0.0784313725490196,0
0722,722,37,4,3,0.10810810810810811,0
0723,723,17,3,2,0.17647058823529413,1
0724,724,36,3,0,0.08333333333333333,0
0725,725,59,5,2,0.0847457627118644,0
0726,726,44,2,1,0.045454545454545456,0
0727,727,58,4,0,0.06896551724137931,0
0728,728,37,2,2,0.05405405405405406,0
0729,729,45,6,2,0.13333333333333333,0
0730,730,32,3,2,0.09375,0
0731,731,39,7,1,0.1794871794871795,1
0732,732,59,7,2,0.11864406779661017,0
0733,733,56,7,7,0.125,0
0734,734,36,4,2,0.1111111111111111,0
0735,735,29,2,0,0.06896551724137931,0
0736,736,41,2,1,0.04878048780487805,0
0737,737,36,4,0,0.1111111111111111,0
0738,738,29,2,2,0.06896551724137931,0
0739,739,44,5,0,0.11363636363636363,0
0740,740,38,1,1,0.02631578947368421,0
0741,741,28,1,1,0.03571428571428571,0
0742,742,47,3,0,0.06382978723404255,0
0743,743,56,7,1,0.125,0
0744,744,57,9,4,0.15789473684210525,1
0745,745,35,7,1,0.2,1
0746,746,33,5,1,0.15151515151515152,1
0747,747,41,5,1,0.12195121951219512,0
0748,748,57,10,1,0.17543859649122806,1
0749,749,61,4,2,0.06557377049180328,0
