class,raw,selected,remaining
0,214,1,213
1,197,4,193
2,163,0,163
3,215,0,215
4,193,1,192
5,144,4,140
6,168,0,168
7,222,2,220
8,223,1,222
9,176,3,173
10,180,1,179
11,160,1,159
12,172,10,162
13,151,1,150
14,153,0,153
15,211,0,211
16,200,0,200
17,143,1,142
18,220,1,219
19,25,3,22
20,166,2,164
21,198,3,195
22,196,0,196
23,175,6,169
24,219,0,219
25,178,0,178
26,180,2,178
27,207,0,207
28,202,16,186
29,180,0,180
30,160,2,158
31,164,4,160
32,161,1,160
33,194,1,193
34,209,1,208
35,206,1,205
36,165,3,162
37,162,0,162
38,167,0,167
39,166,2,164
40,192,1,191
41,170,0,170
42,160,4,156
43,206,0,206
44,203,0,203
45,223,1,222
46,12,0,12
47,180,0,180
48,197,3,194
49,200,0,200
50,147,0,147
51,176,0,176
52,206,0,206
53,192,16,176
54,193,4,189
55,144,0,144
56,173,1,172
57,212,0,212
58,110,0,110
59,220,0,220
60,167,4,163
61,203,2,201
62,147,0,147
63,207,1,206
64,168,3,165
65,196,3,193
66,175,0,175
67,201,4,197
68,221,6,215
69,199,2,197
70,165,3,162
71,220,1,219
72,151,0,151
73,217,0,217
74,206,4,202
75,154,3,151
76,195,0,195
77,203,0,203
78,222,5,217
79,193,0,193
80,223,1,222
81,143,1,142
82,175,0,175
83,175,1,174
84,177,1,176
85,198,0,198
86,164,5,159
87,175,1,174
88,199,1,198
89,150,0,150
90,166,0,166
91,151,8,143
92,161,1,160
93,160,3,157
94,200,0,200
95,223,5,218
96,179,5,174
97,136,0,136
98,150,7,143
99,180,1,179
100,172,9,163
101,168,1,167
102,150,2,148
103,209,1,208
104,158,4,154
105,216,0,216
106,216,4,212
107,175,0,175
108,153,0,153
109,212,1,211
110,199,3,196
111,201,1,200
112,212,8,204
113,163,0,163
114,52,0,52
115,176,0,176
116,176,5,171
117,204,2,202
118,158,2,156
119,156,0,156
120,219,18,201
121,160,0,160
122,151,0,151
123,175,0,175
124,211,0,211
125,197,0,197
126,208,0,208
127,211,1,210
128,149,1,148
129,156,0,156
130,221,3,218
131,220,0,220
132,156,0,156
133,217,1,216
134,175,0,175
135,179,6,173
136,207,1,206
137,145,0,145
138,160,0,160
139,196,1,195
140,195,2,193
141,170,5,165
142,216,1,215
143,176,0,176
144,143,4,139
145,82,0,82
146,199,4,195
147,170,1,169
148,154,0,154
149,212,1,211
150,199,0,199
151,175,3,172
152,140,3,137
153,164,0,164
154,144,1,143
155,202,2,200
156,202,1,201
157,212,0,212
158,199,2,197
159,171,0,171
160,214,0,214
161,160,0,160
162,210,5,205
163,138,4,134
164,204,4,200
165,202,0,202
166,177,0,177
167,204,2,202
168,215,5,210
169,211,1,210
170,168,0,168
171,222,3,219
172,221,1,220
173,191,1,190
174,176,0,176
175,192,1,191
176,149,0,149
177,199,2,197
178,151,0,151
179,202,0,202
180,209,0,209
181,205,4,201
182,208,0,208
183,4,0,4
184,214,1,213
185,150,4,146
186,160,0,160
187,170,1,169
188,164,1,163
189,168,0,168
190,213,1,212
191,222,2,220
192,205,1,204
193,150,0,150
194,193,5,188
195,177,0,177
196,221,1,220
197,150,1,149
198,217,0,217
199,208,4,204
200,167,1,166
201,220,0,220
202,209,6,203
203,218,2,216
204,194,1,193
205,147,2,145
206,222,1,221
207,213,3,210
208,153,0,153
209,159,0,159
210,162,1,161
211,167,2,165
212,145,2,143
213,162,3,159
214,178,0,178
215,202,0,202
216,158,1,157
217,220,2,218
218,200,0,200
219,174,0,174
220,193,6,187
221,172,0,172
222,148,0,148
223,194,1,193
224,198,2,196
225,140,0,140
226,202,0,202
227,204,0,204
228,204,4,200
229,147,1,146
230,195,0,195
231,149,0,149
232,179,9,170
233,207,5,202
234,208,2,206
235,203,2,201
236,196,5,191
237,136,0,136
238,163,0,163
239,199,2,197
240,214,0,214
241,160,9,151
242,167,1,166
243,215,0,215
244,156,2,154
245,170,0,170
246,215,2,213
247,201,1,200
248,220,0,220
249,173,0,173
250,173,0,173
251,139,0,139
252,208,6,202
253,204,1,203
254,170,0,170
255,155,3,152
256,142,3,139
257,207,8,199
258,175,2,173
259,216,0,216
260,197,2,195
261,217,0,217
262,193,4,189
263,145,0,145
264,142,3,139
265,204,8,196
266,157,0,157
267,221,0,221
268,159,6,153
269,212,1,211
270,147,0,147
271,169,3,166
272,136,0,136
273,156,4,152
274,143,1,142
275,148,0,148
276,219,0,219
277,214,1,213
278,146,1,145
279,203,1,202
280,136,4,132
281,176,0,176
282,165,0,165
283,199,1,198
284,137,0,137
285,144,0,144
286,215,8,207
287,212,0,212
288,207,7,200
289,200,0,200
290,196,1,195
291,145,6,139
292,201,2,199
293,205,0,205
294,175,0,175
295,212,1,211
296,177,3,174
297,192,0,192
298,174,0,174
299,141,1,140
300,205,0,205
301,149,0,149
302,215,1,214
303,198,3,195
304,131,1,130
305,28,0,28
306,200,0,200
307,159,0,159
308,155,1,154
309,177,4,173
310,207,3,204
311,149,1,148
312,159,0,159
313,170,2,168
314,198,3,195
315,177,0,177
316,196,0,196
317,138,1,137
318,107,3,104
319,194,0,194
320,216,2,214
321,169,1,168
322,169,0,169
323,176,2,174
324,112,0,112
325,180,0,180
326,170,5,165
327,222,3,219
328,172,0,172
329,211,5,206
330,71,1,70
331,209,3,206
332,153,3,150
333,168,1,167
334,179,0,179
335,142,2,140
336,149,2,147
337,155,0,155
338,179,0,179
339,211,5,206
340,180,2,178
341,136,1,135
342,211,0,211
343,161,0,161
344,204,0,204
345,172,0,172
346,146,0,146
347,178,0,178
348,194,0,194
349,203,0,203
350,157,19,138
351,208,2,206
352,141,2,139
353,180,0,180
354,193,0,193
355,146,0,146
356,198,0,198
357,216,0,216
358,174,0,174
359,217,1,216
360,168,0,168
361,135,0,135
362,214,0,214
363,217,0,217
364,221,0,221
365,173,1,172
366,212,12,200
367,206,0,206
368,197,8,189
369,223,1,222
370,139,1,138
371,156,2,154
372,203,5,198
373,157,0,157
374,173,1,172
375,139,0,139
376,208,9,199
377,166,0,166
378,140,14,126
379,139,0,139
380,222,3,219
381,169,3,166
382,167,1,166
383,176,5,171
384,157,2,155
385,170,8,162
386,144,1,143
387,141,2,139
388,210,0,210
389,138,0,138
390,199,2,197
391,158,1,157
392,173,0,173
393,163,0,163
394,179,0,179
395,203,0,203
396,201,3,198
397,194,5,189
398,168,4,164
399,193,1,192
400,138,1,137
401,203,0,203
402,221,3,218
403,193,7,186
404,154,4,150
405,146,0,146
406,153,0,153
407,89,1,88
408,201,1,200
409,161,1,160
410,140,0,140
411,205,0,205
412,195,0,195
413,20,0,20
414,159,0,159
415,141,1,140
416,217,2,215
417,155,4,151
418,135,0,135
419,211,2,209
420,169,1,168
421,221,2,219
422,156,1,155
423,203,2,201
424,171,8,163
425,174,0,174
426,203,1,202
427,222,0,222
428,158,2,156
429,210,3,207
430,210,0,210
431,127,0,127
432,206,0,206
433,152,1,151
434,221,1,220
435,171,3,168
436,147,0,147
437,160,11,149
438,207,2,205
439,198,0,198
440,169,3,166
441,193,0,193
442,164,0,164
443,152,2,150
444,173,0,173
445,176,1,175
446,205,11,194
447,175,0,175
448,221,0,221
449,178,0,178
450,218,6,212
451,214,1,213
452,161,0,161
453,161,7,154
454,210,0,210
455,174,0,174
456,218,6,212
457,215,0,215
458,125,0,125
459,165,0,165
460,209,11,198
461,195,1,194
462,208,0,208
463,195,2,193
464,165,1,164
465,176,0,176
466,195,1,194
467,175,6,169
468,196,0,196
469,209,3,206
470,177,2,175
471,193,0,193
472,218,1,217
473,211,3,208
474,147,0,147
475,173,5,168
476,195,2,193
477,178,0,178
478,195,3,192
479,167,1,166
480,143,0,143
481,166,1,165
482,205,2,203
483,222,9,213
484,213,0,213
485,179,1,178
486,171,2,169
487,145,1,144
488,171,3,168
489,174,1,173
490,162,3,159
491,203,0,203
492,207,4,203
493,191,0,191
494,201,1,200
495,169,2,167
496,219,1,218
497,166,0,166
498,116,0,116
499,211,0,211
500,212,0,212
501,171,4,167
502,219,3,216
503,173,0,173
504,209,1,208
505,164,0,164
506,197,0,197
507,142,0,142
508,157,0,157
509,217,0,217
510,202,0,202
511,145,0,145
512,155,2,153
513,205,0,205
514,167,0,167
515,139,1,138
516,172,0,172
517,159,2,157
518,167,1,166
519,197,1,196
520,206,0,206
521,178,0,178
522,204,1,203
523,193,0,193
524,175,0,175
525,215,3,212
526,172,0,172
527,150,0,150
528,196,0,196
529,142,1,141
530,204,0,204
531,206,3,203
532,209,11,198
533,162,0,162
534,202,1,201
535,143,4,139
536,221,0,221
537,166,1,165
538,204,0,204
539,153,0,153
540,219,1,218
541,219,1,218
542,206,0,206
543,203,1,202
544,149,1,148
545,140,0,140
546,216,2,214
547,200,1,199
548,148,0,148
549,179,0,179
550,149,13,136
551,203,3,200
552,157,4,153
553,208,1,207
554,206,1,205
555,59,1,58
556,149,0,149
557,144,0,144
558,180,0,180
559,148,0,148
560,194,6,188
561,179,3,176
562,166,0,166
563,163,2,161
564,158,0,158
565,221,3,218
566,177,1,176
567,178,2,176
568,218,0,218
569,215,1,214
570,174,0,174
571,212,0,212
572,152,1,151
573,137,0,137
574,204,2,202
575,162,2,160
576,208,2,206
577,174,0,174
578,152,0,152
579,163,0,163
580,193,0,193
581,139,0,139
582,207,0,207
583,171,1,170
584,214,8,206
585,149,1,148
586,163,2,161
587,210,1,209
588,167,2,165
589,44,2,42
590,139,0,139
591,209,4,205
592,165,2,163
593,156,1,155
594,193,1,192
595,223,1,222
596,207,1,206
597,137,1,136
598,197,1,196
599,153,0,153
600,219,0,219
601,211,2,209
602,199,5,194
603,203,0,203
604,214,1,213
605,159,1,158
606,154,6,148
607,168,0,168
608,223,0,223
609,213,1,212
610,222,4,218
611,135,0,135
612,208,3,205
613,172,4,168
614,203,1,202
615,213,0,213
616,176,0,176
617,141,1,140
618,197,0,197
619,216,1,215
620,137,2,135
621,141,0,141
622,205,0,205
623,168,0,168
624,198,1,197
625,162,0,162
626,169,7,162
627,135,5,130
628,139,1,138
629,192,1,191
630,195,0,195
631,220,0,220
632,157,3,154
633,170,4,166
634,164,2,162
635,163,1,162
636,167,11,156
637,165,3,162
638,199,0,199
639,203,6,197
640,176,2,174
641,165,0,165
642,144,2,142
643,168,2,166
644,151,0,151
645,208,0,208
646,220,0,220
647,222,5,217
648,197,0,197
649,194,0,194
650,204,2,202
651,170,1,169
652,146,1,145
653,141,0,141
654,164,1,163
655,159,2,157
656,192,1,191
657,173,0,173
658,158,0,158
659,136,0,136
660,159,1,158
661,167,0,167
662,169,3,166
663,148,0,148
664,211,0,211
665,201,0,201
666,166,2,164
667,209,1,208
668,167,1,166
669,170,4,166
670,149,0,149
671,37,2,35
672,161,0,161
673,218,1,217
674,210,1,209
675,201,0,201
676,155,0,155
677,140,0,140
678,162,0,162
679,137,0,137
680,166,0,166
681,157,1,156
682,76,0,76
683,198,1,197
684,161,6,155
685,173,0,173
686,135,3,132
687,152,5,147
688,163,1,162
689,171,3,168
690,211,0,211
691,164,0,164
692,158,1,157
693,154,0,154
694,173,2,171
695,213,0,213
696,171,0,171
697,167,0,167
698,176,0,176
699,176,0,176
700,222,0,222
701,193,0,193
702,155,0,155
703,145,0,145
704,209,1,208
705,167,0,167
706,134,1,133
707,194,2,192
708,160,5,155
709,157,1,156
710,213,0,213
711,179,0,179
712,215,2,213
713,145,2,143
714,162,16,146
715,176,9,167
716,177,1,176
717,178,0,178
718,198,1,197
719,173,1,172
720,203,2,201
721,193,3,190
722,140,0,140
723,92,2,90
724,140,0,140
725,222,0,222
726,168,12,156
727,213,1,212
728,195,2,193
729,212,0,212
730,214,0,214
731,149,2,147
732,223,0,223
733,200,9,191
734,169,2,167
735,154,0,154
736,165,0,165
737,159,0,159
738,156,5,151
739,171,0,171
740,157,5,152
741,149,1,148
742,151,0,151
743,202,2,200
744,212,0,212
745,145,17,128
746,162,1,161
747,164,0,164
748,192,1,191
749,211,0,211
